{
"type": "FeatureCollection",
"name": "entities",
"features": [
{ "type": "Feature", "properties": { "Layer": "Layer 1" }, "geometry": { "type": "MultiLineString", "coordinates": [ [ [ 0.0, 0.000039 ], [ 180.0, 0.000039 ] ], [ [ -180.0, 0.000039 ], [ -34.88, 0.000039 ] ] ] } },
{ "type": "Feature", "properties": { "Layer": "Layer 1" }, "geometry": { "type": "LineString", "coordinates": [ [ -34.88, 0.000039 ], [ -34.88, 89.7257 ] ] } },
{ "type": "Feature", "properties": { "Layer": "Layer 1" }, "geometry": { "type": "MultiLineString", "coordinates": [ [ [ 180.0, 89.7257 ], [ 0.0, 89.7257 ] ], [ [ -34.88, 89.7257 ], [ -180.0, 89.7257 ] ] ] } },
{ "type": "Feature", "properties": { "Layer": "Layer 1" }, "geometry": { "type": "LineString", "coordinates": [ [ 0.0, 89.7257 ], [ 0.0, 0.000039 ] ] } },
{ "type": "Feature", "properties": { "Layer": "Layer 1" }, "geometry": { "type": "MultiLineString", "coordinates": [ [ [ 0.0, 0.000039 ], [ 180.0, 0.000039 ] ], [ [ -180.0, 0.000039 ], [ -34.88, 0.000039 ] ] ] } },
{ "type": "Feature", "properties": { "Layer": "Layer 1" }, "geometry": { "type": "LineString", "coordinates": [ [ -34.88, 0.000039 ], [ -34.88, 89.7257 ] ] } },
{ "type": "Feature", "properties": { "Layer": "Layer 1" }, "geometry": { "type": "MultiLineString", "coordinates": [ [ [ 180.0, 89.7257 ], [ 0.0, 89.7257 ] ], [ [ -34.88, 89.7257 ], [ -180.0, 89.7257 ] ] ] } },
{ "type": "Feature", "properties": { "Layer": "Layer 1" }, "geometry": { "type": "LineString", "coordinates": [ [ 0.0, 89.7257 ], [ 0.0, 0.000039 ] ] } },
{ "type": "Feature", "properties": { "Layer": "Layer 1" }, "geometry": { "type": "LineString", "coordinates": [ [ 27.6546, 42.822 ], [ 27.6582, 42.8148 ] ] } },
{ "type": "Feature", "properties": { "Layer": "Layer 1" }, "geometry": { "type": "LineString", "coordinates": [ [ 27.6582, 42.8148 ], [ 27.6226, 42.8291 ] ] } },
{ "type": "Feature", "properties": { "Layer": "Layer 1" }, "geometry": { "type": "LineString", "coordinates": [ [ 27.6226, 42.8291 ], [ 27.6226, 42.8255 ] ] } },
{ "type": "Feature", "properties": { "Layer": "Layer 1" }, "geometry": { "type": "LineString", "coordinates": [ [ 27.6226, 42.8255 ], [ 27.4372, 42.9503 ] ] } },
{ "type": "Feature", "properties": { "Layer": "Layer 1" }, "geometry": { "type": "LineString", "coordinates": [ [ 27.4372, 42.9503 ], [ 27.4372, 42.9503 ] ] } },
{ "type": "Feature", "properties": { "Layer": "Layer 1" }, "geometry": { "type": "LineString", "coordinates": [ [ 27.4372, 42.9503 ], [ 27.4407, 42.9539 ] ] } },
{ "type": "Feature", "properties": { "Layer": "Layer 1" }, "geometry": { "type": "LineString", "coordinates": [ [ 27.4407, 42.9539 ], [ 27.4158, 42.9646 ] ] } },
{ "type": "Feature", "properties": { "Layer": "Layer 1" }, "geometry": { "type": "LineString", "coordinates": [ [ 27.4158, 42.9646 ], [ 27.4158, 42.9646 ] ] } },
{ "type": "Feature", "properties": { "Layer": "Layer 1" }, "geometry": { "type": "LineString", "coordinates": [ [ 27.4158, 42.9646 ], [ 27.2875, 43.0537 ] ] } },
{ "type": "Feature", "properties": { "Layer": "Layer 1" }, "geometry": { "type": "LineString", "coordinates": [ [ 27.2875, 43.0537 ], [ 26.2821, 43.8201 ] ] } },
{ "type": "Feature", "properties": { "Layer": "Layer 1" }, "geometry": { "type": "LineString", "coordinates": [ [ 26.2821, 43.8201 ], [ 26.193, 44.2123 ] ] } },
{ "type": "Feature", "properties": { "Layer": "Layer 1" }, "geometry": { "type": "LineString", "coordinates": [ [ 26.193, 44.2123 ], [ 26.2893, 44.2729 ] ] } },
{ "type": "Feature", "properties": { "Layer": "Layer 1" }, "geometry": { "type": "LineString", "coordinates": [ [ 26.2893, 44.2729 ], [ 26.4675, 44.305 ] ] } },
{ "type": "Feature", "properties": { "Layer": "Layer 1" }, "geometry": { "type": "LineString", "coordinates": [ [ 26.4675, 44.305 ], [ 26.5174, 44.4083 ] ] } },
{ "type": "Feature", "properties": { "Layer": "Layer 1" }, "geometry": { "type": "LineString", "coordinates": [ [ 26.5174, 44.4083 ], [ 26.5067, 44.4333 ] ] } },
{ "type": "Feature", "properties": { "Layer": "Layer 1" }, "geometry": { "type": "LineString", "coordinates": [ [ 26.5067, 44.4333 ], [ 26.6172, 44.387 ] ] } },
{ "type": "Feature", "properties": { "Layer": "Layer 1" }, "geometry": { "type": "LineString", "coordinates": [ [ 26.6172, 44.387 ], [ 26.6779, 44.4689 ] ] } },
{ "type": "Feature", "properties": { "Layer": "Layer 1" }, "geometry": { "type": "LineString", "coordinates": [ [ 26.6779, 44.4689 ], [ 26.8169, 44.3763 ] ] } },
{ "type": "Feature", "properties": { "Layer": "Layer 1" }, "geometry": { "type": "LineString", "coordinates": [ [ 26.8169, 44.3763 ], [ 26.8133, 44.3727 ] ] } },
{ "type": "Feature", "properties": { "Layer": "Layer 1" }, "geometry": { "type": "LineString", "coordinates": [ [ 26.8133, 44.3727 ], [ 26.8347, 44.3477 ] ] } },
{ "type": "Feature", "properties": { "Layer": "Layer 1" }, "geometry": { "type": "LineString", "coordinates": [ [ 26.8347, 44.3477 ], [ 27.0023, 44.2194 ] ] } },
{ "type": "Feature", "properties": { "Layer": "Layer 1" }, "geometry": { "type": "LineString", "coordinates": [ [ 27.0023, 44.2194 ], [ 26.9737, 44.2194 ] ] } },
{ "type": "Feature", "properties": { "Layer": "Layer 1" }, "geometry": { "type": "LineString", "coordinates": [ [ 26.9737, 44.2194 ], [ 27.0058, 44.1374 ] ] } },
{ "type": "Feature", "properties": { "Layer": "Layer 1" }, "geometry": { "type": "LineString", "coordinates": [ [ 27.0058, 44.1374 ], [ 27.0272, 44.1196 ] ] } },
{ "type": "Feature", "properties": { "Layer": "Layer 1" }, "geometry": { "type": "LineString", "coordinates": [ [ 27.0272, 44.1196 ], [ 26.9844, 44.1552 ] ] } },
{ "type": "Feature", "properties": { "Layer": "Layer 1" }, "geometry": { "type": "LineString", "coordinates": [ [ 26.9844, 44.1552 ], [ 27.0058, 44.1018 ] ] } },
{ "type": "Feature", "properties": { "Layer": "Layer 1" }, "geometry": { "type": "LineString", "coordinates": [ [ 27.0058, 44.1018 ], [ 27.0593, 44.0305 ] ] } },
{ "type": "Feature", "properties": { "Layer": "Layer 1" }, "geometry": { "type": "LineString", "coordinates": [ [ 27.0593, 44.0305 ], [ 27.0629, 44.0804 ] ] } },
{ "type": "Feature", "properties": { "Layer": "Layer 1" }, "geometry": { "type": "LineString", "coordinates": [ [ 27.0629, 44.0804 ], [ 27.0308, 44.1838 ] ] } },
{ "type": "Feature", "properties": { "Layer": "Layer 1" }, "geometry": { "type": "LineString", "coordinates": [ [ 27.0308, 44.1838 ], [ 27.0379, 44.1838 ] ] } },
{ "type": "Feature", "properties": { "Layer": "Layer 1" }, "geometry": { "type": "LineString", "coordinates": [ [ 27.0379, 44.1838 ], [ 27.0771, 44.2123 ] ] } },
{ "type": "Feature", "properties": { "Layer": "Layer 1" }, "geometry": { "type": "LineString", "coordinates": [ [ 27.0771, 44.2123 ], [ 27.0593, 44.2301 ] ] } },
{ "type": "Feature", "properties": { "Layer": "Layer 1" }, "geometry": { "type": "LineString", "coordinates": [ [ 27.0593, 44.2301 ], [ 27.0272, 44.3192 ] ] } },
{ "type": "Feature", "properties": { "Layer": "Layer 1" }, "geometry": { "type": "LineString", "coordinates": [ [ 27.0272, 44.3192 ], [ 26.9452, 44.305 ] ] } },
{ "type": "Feature", "properties": { "Layer": "Layer 1" }, "geometry": { "type": "LineString", "coordinates": [ [ 26.9452, 44.305 ], [ 26.931, 44.2907 ] ] } },
{ "type": "Feature", "properties": { "Layer": "Layer 1" }, "geometry": { "type": "LineString", "coordinates": [ [ 26.931, 44.2907 ], [ 26.9131, 44.2943 ] ] } },
{ "type": "Feature", "properties": { "Layer": "Layer 1" }, "geometry": { "type": "LineString", "coordinates": [ [ 26.9131, 44.2943 ], [ 26.8454, 44.2586 ] ] } },
{ "type": "Feature", "properties": { "Layer": "Layer 1" }, "geometry": { "type": "LineString", "coordinates": [ [ 26.8454, 44.2586 ], [ 26.8953, 44.2657 ] ] } },
{ "type": "Feature", "properties": { "Layer": "Layer 1" }, "geometry": { "type": "LineString", "coordinates": [ [ 26.8953, 44.2657 ], [ 26.9274, 44.2657 ] ] } },
{ "type": "Feature", "properties": { "Layer": "Layer 1" }, "geometry": { "type": "LineString", "coordinates": [ [ 26.9274, 44.2657 ], [ 26.9238, 44.2764 ] ] } },
{ "type": "Feature", "properties": { "Layer": "Layer 1" }, "geometry": { "type": "LineString", "coordinates": [ [ 26.9238, 44.2764 ], [ 26.8953, 44.3157 ] ] } },
{ "type": "Feature", "properties": { "Layer": "Layer 1" }, "geometry": { "type": "LineString", "coordinates": [ [ 26.8953, 44.3157 ], [ 26.9452, 44.2871 ] ] } },
{ "type": "Feature", "properties": { "Layer": "Layer 1" }, "geometry": { "type": "LineString", "coordinates": [ [ 26.9452, 44.2871 ], [ 26.9773, 44.2764 ] ] } },
{ "type": "Feature", "properties": { "Layer": "Layer 1" }, "geometry": { "type": "LineString", "coordinates": [ [ 26.9773, 44.2764 ], [ 27.07, 44.2586 ] ] } },
{ "type": "Feature", "properties": { "Layer": "Layer 1" }, "geometry": { "type": "LineString", "coordinates": [ [ 27.07, 44.2586 ], [ 27.0201, 44.2871 ] ] } },
{ "type": "Feature", "properties": { "Layer": "Layer 1" }, "geometry": { "type": "LineString", "coordinates": [ [ 27.0201, 44.2871 ], [ 27.0308, 44.3085 ] ] } },
{ "type": "Feature", "properties": { "Layer": "Layer 1" }, "geometry": { "type": "LineString", "coordinates": [ [ 27.0308, 44.3085 ], [ 26.8597, 44.3477 ] ] } },
{ "type": "Feature", "properties": { "Layer": "Layer 1" }, "geometry": { "type": "LineString", "coordinates": [ [ 26.8597, 44.3477 ], [ 26.8632, 44.3442 ] ] } },
{ "type": "Feature", "properties": { "Layer": "Layer 1" }, "geometry": { "type": "LineString", "coordinates": [ [ 26.8632, 44.3442 ], [ 26.8811, 44.3085 ] ] } },
{ "type": "Feature", "properties": { "Layer": "Layer 1" }, "geometry": { "type": "LineString", "coordinates": [ [ 26.8811, 44.3085 ], [ 26.9131, 44.3584 ] ] } },
{ "type": "Feature", "properties": { "Layer": "Layer 1" }, "geometry": { "type": "LineString", "coordinates": [ [ 26.9131, 44.3584 ], [ 26.8597, 44.3941 ] ] } },
{ "type": "Feature", "properties": { "Layer": "Layer 1" }, "geometry": { "type": "LineString", "coordinates": [ [ 26.8597, 44.3941 ], [ 26.8775, 44.3549 ] ] } },
{ "type": "Feature", "properties": { "Layer": "Layer 1" }, "geometry": { "type": "LineString", "coordinates": [ [ 26.8775, 44.3549 ], [ 26.9452, 44.2551 ] ] } },
{ "type": "Feature", "properties": { "Layer": "Layer 1" }, "geometry": { "type": "LineString", "coordinates": [ [ 26.9452, 44.2551 ], [ 26.9096, 44.2622 ] ] } },
{ "type": "Feature", "properties": { "Layer": "Layer 1" }, "geometry": { "type": "LineString", "coordinates": [ [ 26.9096, 44.2622 ], [ 26.8953, 44.2551 ] ] } },
{ "type": "Feature", "properties": { "Layer": "Layer 1" }, "geometry": { "type": "LineString", "coordinates": [ [ 26.8953, 44.2551 ], [ 26.9737, 44.2729 ] ] } },
{ "type": "Feature", "properties": { "Layer": "Layer 1" }, "geometry": { "type": "LineString", "coordinates": [ [ 26.9737, 44.2729 ], [ 26.9595, 44.2871 ] ] } },
{ "type": "Feature", "properties": { "Layer": "Layer 1" }, "geometry": { "type": "LineString", "coordinates": [ [ 26.9595, 44.2871 ], [ 26.9666, 44.3121 ] ] } },
{ "type": "Feature", "properties": { "Layer": "Layer 1" }, "geometry": { "type": "LineString", "coordinates": [ [ 26.9666, 44.3121 ], [ 26.9595, 44.2444 ] ] } },
{ "type": "Feature", "properties": { "Layer": "Layer 1" }, "geometry": { "type": "LineString", "coordinates": [ [ 26.9595, 44.2444 ], [ 26.9381, 44.2551 ] ] } },
{ "type": "Feature", "properties": { "Layer": "Layer 1" }, "geometry": { "type": "LineString", "coordinates": [ [ 26.9381, 44.2551 ], [ 26.906, 44.3192 ] ] } },
{ "type": "Feature", "properties": { "Layer": "Layer 1" }, "geometry": { "type": "LineString", "coordinates": [ [ 26.906, 44.3192 ], [ 26.963, 44.3299 ] ] } },
{ "type": "Feature", "properties": { "Layer": "Layer 1" }, "geometry": { "type": "LineString", "coordinates": [ [ 26.963, 44.3299 ], [ 26.9595, 44.3157 ] ] } },
{ "type": "Feature", "properties": { "Layer": "Layer 1" }, "geometry": { "type": "LineString", "coordinates": [ [ 26.9595, 44.3157 ], [ 26.9951, 44.2301 ] ] } },
{ "type": "Feature", "properties": { "Layer": "Layer 1" }, "geometry": { "type": "LineString", "coordinates": [ [ 26.9951, 44.2301 ], [ 26.963, 44.2123 ] ] } },
{ "type": "Feature", "properties": { "Layer": "Layer 1" }, "geometry": { "type": "LineString", "coordinates": [ [ 26.963, 44.2123 ], [ 26.9523, 44.2657 ] ] } },
{ "type": "Feature", "properties": { "Layer": "Layer 1" }, "geometry": { "type": "LineString", "coordinates": [ [ 26.9523, 44.2657 ], [ 26.988, 44.2943 ] ] } },
{ "type": "Feature", "properties": { "Layer": "Layer 1" }, "geometry": { "type": "LineString", "coordinates": [ [ 26.988, 44.2943 ], [ 26.9452, 44.2408 ] ] } },
{ "type": "Feature", "properties": { "Layer": "Layer 1" }, "geometry": { "type": "LineString", "coordinates": [ [ 26.9452, 44.2408 ], [ 26.8739, 44.1659 ] ] } },
{ "type": "Feature", "properties": { "Layer": "Layer 1" }, "geometry": { "type": "LineString", "coordinates": [ [ 26.8739, 44.1659 ], [ 26.8454, 44.1731 ] ] } },
{ "type": "Feature", "properties": { "Layer": "Layer 1" }, "geometry": { "type": "LineString", "coordinates": [ [ 26.8454, 44.1731 ], [ 26.7991, 44.223 ] ] } },
{ "type": "Feature", "properties": { "Layer": "Layer 1" }, "geometry": { "type": "LineString", "coordinates": [ [ 26.7991, 44.223 ], [ 26.9203, 44.2657 ] ] } },
{ "type": "Feature", "properties": { "Layer": "Layer 1" }, "geometry": { "type": "LineString", "coordinates": [ [ 26.9203, 44.2657 ], [ 26.9096, 44.2764 ] ] } },
{ "type": "Feature", "properties": { "Layer": "Layer 1" }, "geometry": { "type": "LineString", "coordinates": [ [ 26.9096, 44.2764 ], [ 26.9167, 44.223 ] ] } },
{ "type": "Feature", "properties": { "Layer": "Layer 1" }, "geometry": { "type": "LineString", "coordinates": [ [ 26.9167, 44.223 ], [ 26.7848, 44.2265 ] ] } },
{ "type": "Feature", "properties": { "Layer": "Layer 1" }, "geometry": { "type": "LineString", "coordinates": [ [ 26.7848, 44.2265 ], [ 26.6707, 44.2479 ] ] } },
{ "type": "Feature", "properties": { "Layer": "Layer 1" }, "geometry": { "type": "LineString", "coordinates": [ [ 26.6707, 44.2479 ], [ 26.7278, 44.2586 ] ] } },
{ "type": "Feature", "properties": { "Layer": "Layer 1" }, "geometry": { "type": "LineString", "coordinates": [ [ 26.7278, 44.2586 ], [ 27.0308, 44.2693 ] ] } },
{ "type": "Feature", "properties": { "Layer": "Layer 1" }, "geometry": { "type": "LineString", "coordinates": [ [ 27.0308, 44.2693 ], [ 27.0094, 44.2836 ] ] } },
{ "type": "Feature", "properties": { "Layer": "Layer 1" }, "geometry": { "type": "LineString", "coordinates": [ [ 27.0094, 44.2836 ], [ 26.8525, 44.1944 ] ] } },
{ "type": "Feature", "properties": { "Layer": "Layer 1" }, "geometry": { "type": "LineString", "coordinates": [ [ 26.8525, 44.1944 ], [ 26.8133, 44.2087 ] ] } },
{ "type": "Feature", "properties": { "Layer": "Layer 1" }, "geometry": { "type": "LineString", "coordinates": [ [ 26.8133, 44.2087 ], [ 26.8846, 44.2622 ] ] } },
{ "type": "Feature", "properties": { "Layer": "Layer 1" }, "geometry": { "type": "LineString", "coordinates": [ [ 26.8846, 44.2622 ], [ 26.9345, 44.3157 ] ] } },
{ "type": "Feature", "properties": { "Layer": "Layer 1" }, "geometry": { "type": "LineString", "coordinates": [ [ 26.9345, 44.3157 ], [ 26.9666, 44.2764 ] ] } },
{ "type": "Feature", "properties": { "Layer": "Layer 1" }, "geometry": { "type": "LineString", "coordinates": [ [ 26.9666, 44.2764 ], [ 26.9131, 44.3085 ] ] } },
{ "type": "Feature", "properties": { "Layer": "Layer 1" }, "geometry": { "type": "LineString", "coordinates": [ [ 26.9131, 44.3085 ], [ 26.9488, 44.3121 ] ] } },
{ "type": "Feature", "properties": { "Layer": "Layer 1" }, "geometry": { "type": "LineString", "coordinates": [ [ 26.9488, 44.3121 ], [ 26.8133, 44.3549 ] ] } },
{ "type": "Feature", "properties": { "Layer": "Layer 1" }, "geometry": { "type": "LineString", "coordinates": [ [ 26.8133, 44.3549 ], [ 26.7278, 44.3406 ] ] } },
{ "type": "Feature", "properties": { "Layer": "Layer 1" }, "geometry": { "type": "LineString", "coordinates": [ [ 26.7278, 44.3406 ], [ 26.4853, 44.2444 ] ] } },
{ "type": "Feature", "properties": { "Layer": "Layer 1" }, "geometry": { "type": "LineString", "coordinates": [ [ 26.4853, 44.2444 ], [ 26.3321, 44.2051 ] ] } },
{ "type": "Feature", "properties": { "Layer": "Layer 1" }, "geometry": { "type": "LineString", "coordinates": [ [ 26.3321, 44.2051 ], [ 25.9577, 44.2907 ] ] } },
{ "type": "Feature", "properties": { "Layer": "Layer 1" }, "geometry": { "type": "LineString", "coordinates": [ [ 25.9577, 44.2907 ], [ 25.7082, 43.1784 ] ] } },
{ "type": "Feature", "properties": { "Layer": "Layer 1" }, "geometry": { "type": "LineString", "coordinates": [ [ 25.7082, 43.1784 ], [ 25.5799, 43.1107 ] ] } },
{ "type": "Feature", "properties": { "Layer": "Layer 1" }, "geometry": { "type": "LineString", "coordinates": [ [ 25.5799, 43.1107 ], [ 25.3767, 43.1392 ] ] } },
{ "type": "Feature", "properties": { "Layer": "Layer 1" }, "geometry": { "type": "LineString", "coordinates": [ [ 25.3767, 43.1392 ], [ 25.0487, 43.1856 ] ] } },
{ "type": "Feature", "properties": { "Layer": "Layer 1" }, "geometry": { "type": "LineString", "coordinates": [ [ 25.0487, 43.1856 ], [ 25.013, 43.2462 ] ] } },
{ "type": "Feature", "properties": { "Layer": "Layer 1" }, "geometry": { "type": "LineString", "coordinates": [ [ 25.013, 43.2462 ], [ 24.8526, 43.5884 ] ] } },
{ "type": "Feature", "properties": { "Layer": "Layer 1" }, "geometry": { "type": "LineString", "coordinates": [ [ 24.8526, 43.5884 ], [ 24.7991, 43.6205 ] ] } },
{ "type": "Feature", "properties": { "Layer": "Layer 1" }, "geometry": { "type": "LineString", "coordinates": [ [ 24.7991, 43.6205 ], [ 24.8241, 43.7702 ] ] } },
{ "type": "Feature", "properties": { "Layer": "Layer 1" }, "geometry": { "type": "LineString", "coordinates": [ [ 24.8241, 43.7702 ], [ 25.366, 43.6597 ] ] } },
{ "type": "Feature", "properties": { "Layer": "Layer 1" }, "geometry": { "type": "LineString", "coordinates": [ [ 25.366, 43.6597 ], [ 25.2768, 43.6098 ] ] } },
{ "type": "Feature", "properties": { "Layer": "Layer 1" }, "geometry": { "type": "LineString", "coordinates": [ [ 25.2768, 43.6098 ], [ 25.2234, 43.6169 ] ] } },
{ "type": "Feature", "properties": { "Layer": "Layer 1" }, "geometry": { "type": "LineString", "coordinates": [ [ 25.2234, 43.6169 ], [ 25.0059, 43.5599 ] ] } },
{ "type": "Feature", "properties": { "Layer": "Layer 1" }, "geometry": { "type": "LineString", "coordinates": [ [ 25.0059, 43.5599 ], [ 25.095, 43.6062 ] ] } },
{ "type": "Feature", "properties": { "Layer": "Layer 1" }, "geometry": { "type": "LineString", "coordinates": [ [ 25.095, 43.6062 ], [ 25.1271, 43.6526 ] ] } },
{ "type": "Feature", "properties": { "Layer": "Layer 1" }, "geometry": { "type": "LineString", "coordinates": [ [ 25.1271, 43.6526 ], [ 25.1378, 43.756 ] ] } },
{ "type": "Feature", "properties": { "Layer": "Layer 1" }, "geometry": { "type": "LineString", "coordinates": [ [ 25.1378, 43.756 ], [ 25.0843, 43.8415 ] ] } },
{ "type": "Feature", "properties": { "Layer": "Layer 1" }, "geometry": { "type": "LineString", "coordinates": [ [ 25.0843, 43.8415 ], [ 24.7599, 44.0233 ] ] } },
{ "type": "Feature", "properties": { "Layer": "Layer 1" }, "geometry": { "type": "LineString", "coordinates": [ [ 24.7599, 44.0233 ], [ 24.6886, 44.1089 ] ] } },
{ "type": "Feature", "properties": { "Layer": "Layer 1" }, "geometry": { "type": "LineString", "coordinates": [ [ 24.6886, 44.1089 ], [ 24.7385, 44.2337 ] ] } },
{ "type": "Feature", "properties": { "Layer": "Layer 1" }, "geometry": { "type": "LineString", "coordinates": [ [ 24.7385, 44.2337 ], [ 24.8811, 44.3798 ] ] } },
{ "type": "Feature", "properties": { "Layer": "Layer 1" }, "geometry": { "type": "LineString", "coordinates": [ [ 24.8811, 44.3798 ], [ 24.6851, 44.4725 ] ] } },
{ "type": "Feature", "properties": { "Layer": "Layer 1" }, "geometry": { "type": "LineString", "coordinates": [ [ 24.6851, 44.4725 ], [ 24.5139, 44.5723 ] ] } },
{ "type": "Feature", "properties": { "Layer": "Layer 1" }, "geometry": { "type": "LineString", "coordinates": [ [ 24.5139, 44.5723 ], [ 24.5033, 44.5082 ] ] } },
{ "type": "Feature", "properties": { "Layer": "Layer 1" }, "geometry": { "type": "LineString", "coordinates": [ [ 24.5033, 44.5082 ], [ 24.5211, 44.526 ] ] } },
{ "type": "Feature", "properties": { "Layer": "Layer 1" }, "geometry": { "type": "LineString", "coordinates": [ [ 24.5211, 44.526 ], [ 24.6922, 44.6294 ] ] } },
{ "type": "Feature", "properties": { "Layer": "Layer 1" }, "geometry": { "type": "LineString", "coordinates": [ [ 24.6922, 44.6294 ], [ 24.817, 44.7755 ] ] } },
{ "type": "Feature", "properties": { "Layer": "Layer 1" }, "geometry": { "type": "LineString", "coordinates": [ [ 24.817, 44.7755 ], [ 24.8776, 44.9146 ] ] } },
{ "type": "Feature", "properties": { "Layer": "Layer 1" }, "geometry": { "type": "LineString", "coordinates": [ [ 24.8776, 44.9146 ], [ 24.8455, 44.9716 ] ] } },
{ "type": "Feature", "properties": { "Layer": "Layer 1" }, "geometry": { "type": "LineString", "coordinates": [ [ 24.8455, 44.9716 ], [ 24.8811, 45.0714 ] ] } },
{ "type": "Feature", "properties": { "Layer": "Layer 1" }, "geometry": { "type": "LineString", "coordinates": [ [ 24.8811, 45.0714 ], [ 24.9703, 45.239 ] ] } },
{ "type": "Feature", "properties": { "Layer": "Layer 1" }, "geometry": { "type": "LineString", "coordinates": [ [ 24.9703, 45.239 ], [ 25.0202, 45.3851 ] ] } },
{ "type": "Feature", "properties": { "Layer": "Layer 1" }, "geometry": { "type": "LineString", "coordinates": [ [ 25.0202, 45.3851 ], [ 25.2483, 45.6561 ] ] } },
{ "type": "Feature", "properties": { "Layer": "Layer 1" }, "geometry": { "type": "LineString", "coordinates": [ [ 25.2483, 45.6561 ], [ 25.2483, 45.7381 ] ] } },
{ "type": "Feature", "properties": { "Layer": "Layer 1" }, "geometry": { "type": "LineString", "coordinates": [ [ 25.2483, 45.7381 ], [ 25.202, 45.8022 ] ] } },
{ "type": "Feature", "properties": { "Layer": "Layer 1" }, "geometry": { "type": "LineString", "coordinates": [ [ 25.202, 45.8022 ], [ 25.1663, 45.82 ] ] } },
{ "type": "Feature", "properties": { "Layer": "Layer 1" }, "geometry": { "type": "LineString", "coordinates": [ [ 25.1663, 45.82 ], [ 25.0879, 46.0553 ] ] } },
{ "type": "Feature", "properties": { "Layer": "Layer 1" }, "geometry": { "type": "LineString", "coordinates": [ [ 25.0879, 46.0553 ], [ 25.0237, 46.0803 ] ] } },
{ "type": "Feature", "properties": { "Layer": "Layer 1" }, "geometry": { "type": "LineString", "coordinates": [ [ 25.0237, 46.0803 ], [ 24.9239, 46.3084 ] ] } },
{ "type": "Feature", "properties": { "Layer": "Layer 1" }, "geometry": { "type": "LineString", "coordinates": [ [ 24.9239, 46.3084 ], [ 24.8633, 46.5223 ] ] } },
{ "type": "Feature", "properties": { "Layer": "Layer 1" }, "geometry": { "type": "LineString", "coordinates": [ [ 24.8633, 46.5223 ], [ 24.8419, 46.5651 ] ] } },
{ "type": "Feature", "properties": { "Layer": "Layer 1" }, "geometry": { "type": "LineString", "coordinates": [ [ 24.8419, 46.5651 ], [ 24.8491, 46.7041 ] ] } },
{ "type": "Feature", "properties": { "Layer": "Layer 1" }, "geometry": { "type": "LineString", "coordinates": [ [ 24.8491, 46.7041 ], [ 24.9916, 47.0571 ] ] } },
{ "type": "Feature", "properties": { "Layer": "Layer 1" }, "geometry": { "type": "LineString", "coordinates": [ [ 24.9916, 47.0571 ], [ 25.0166, 47.2888 ] ] } },
{ "type": "Feature", "properties": { "Layer": "Layer 1" }, "geometry": { "type": "LineString", "coordinates": [ [ 25.0166, 47.2888 ], [ 25.0487, 47.4456 ] ] } },
{ "type": "Feature", "properties": { "Layer": "Layer 1" }, "geometry": { "type": "LineString", "coordinates": [ [ 25.0487, 47.4456 ], [ 24.8419, 47.9376 ] ] } },
{ "type": "Feature", "properties": { "Layer": "Layer 1" }, "geometry": { "type": "LineString", "coordinates": [ [ 24.8419, 47.9376 ], [ 24.3357, 48.4296 ] ] } },
{ "type": "Feature", "properties": { "Layer": "Layer 1" }, "geometry": { "type": "LineString", "coordinates": [ [ 24.3357, 48.4296 ], [ 24.35, 48.5472 ] ] } },
{ "type": "Feature", "properties": { "Layer": "Layer 1" }, "geometry": { "type": "LineString", "coordinates": [ [ 24.35, 48.5472 ], [ 24.3535, 48.7611 ] ] } },
{ "type": "Feature", "properties": { "Layer": "Layer 1" }, "geometry": { "type": "LineString", "coordinates": [ [ 24.3535, 48.7611 ], [ 24.0006, 49.4491 ] ] } },
{ "type": "Feature", "properties": { "Layer": "Layer 1" }, "geometry": { "type": "LineString", "coordinates": [ [ 24.0006, 49.4491 ], [ 23.9507, 49.5347 ] ] } },
{ "type": "Feature", "properties": { "Layer": "Layer 1" }, "geometry": { "type": "LineString", "coordinates": [ [ 23.9507, 49.5347 ], [ 23.9008, 49.6345 ] ] } },
{ "type": "Feature", "properties": { "Layer": "Layer 1" }, "geometry": { "type": "LineString", "coordinates": [ [ 23.9008, 49.6345 ], [ 23.7867, 49.77 ] ] } },
{ "type": "Feature", "properties": { "Layer": "Layer 1" }, "geometry": { "type": "LineString", "coordinates": [ [ 23.7867, 49.77 ], [ 23.5372, 50.0445 ] ] } },
{ "type": "Feature", "properties": { "Layer": "Layer 1" }, "geometry": { "type": "LineString", "coordinates": [ [ 23.5372, 50.0445 ], [ 23.4231, 50.1978 ] ] } },
{ "type": "Feature", "properties": { "Layer": "Layer 1" }, "geometry": { "type": "LineString", "coordinates": [ [ 23.4231, 50.1978 ], [ 23.3874, 50.3938 ] ] } },
{ "type": "Feature", "properties": { "Layer": "Layer 1" }, "geometry": { "type": "LineString", "coordinates": [ [ 23.3874, 50.3938 ], [ 23.4445, 50.4794 ] ] } },
{ "type": "Feature", "properties": { "Layer": "Layer 1" }, "geometry": { "type": "LineString", "coordinates": [ [ 23.4445, 50.4794 ], [ 23.5372, 50.9749 ] ] } },
{ "type": "Feature", "properties": { "Layer": "Layer 1" }, "geometry": { "type": "LineString", "coordinates": [ [ 23.5372, 50.9749 ], [ 23.5657, 51.0177 ] ] } },
{ "type": "Feature", "properties": { "Layer": "Layer 1" }, "geometry": { "type": "LineString", "coordinates": [ [ 23.5657, 51.0177 ], [ 23.5086, 51.1353 ] ] } },
{ "type": "Feature", "properties": { "Layer": "Layer 1" }, "geometry": { "type": "LineString", "coordinates": [ [ 23.5086, 51.1353 ], [ 23.6085, 51.2352 ] ] } },
{ "type": "Feature", "properties": { "Layer": "Layer 1" }, "geometry": { "type": "LineString", "coordinates": [ [ 23.6085, 51.2352 ], [ 23.6263, 51.2708 ] ] } },
{ "type": "Feature", "properties": { "Layer": "Layer 1" }, "geometry": { "type": "LineString", "coordinates": [ [ 23.6263, 51.2708 ], [ 23.4552, 51.3849 ] ] } },
{ "type": "Feature", "properties": { "Layer": "Layer 1" }, "geometry": { "type": "LineString", "coordinates": [ [ 23.4552, 51.3849 ], [ 23.4266, 51.3813 ] ] } },
{ "type": "Feature", "properties": { "Layer": "Layer 1" }, "geometry": { "type": "LineString", "coordinates": [ [ 23.4266, 51.3813 ], [ 23.448, 51.4063 ] ] } },
{ "type": "Feature", "properties": { "Layer": "Layer 1" }, "geometry": { "type": "LineString", "coordinates": [ [ 23.448, 51.4063 ], [ 23.4552, 51.417 ] ] } },
{ "type": "Feature", "properties": { "Layer": "Layer 1" }, "geometry": { "type": "LineString", "coordinates": [ [ 23.4552, 51.417 ], [ 23.4088, 51.4954 ] ] } },
{ "type": "Feature", "properties": { "Layer": "Layer 1" }, "geometry": { "type": "LineString", "coordinates": [ [ 23.4088, 51.4954 ], [ 23.1664, 51.777 ] ] } },
{ "type": "Feature", "properties": { "Layer": "Layer 1" }, "geometry": { "type": "LineString", "coordinates": [ [ 23.1664, 51.777 ], [ 23.1201, 51.8376 ] ] } },
{ "type": "Feature", "properties": { "Layer": "Layer 1" }, "geometry": { "type": "LineString", "coordinates": [ [ 23.1201, 51.8376 ], [ 23.0167, 51.8982 ] ] } },
{ "type": "Feature", "properties": { "Layer": "Layer 1" }, "geometry": { "type": "LineString", "coordinates": [ [ 23.0167, 51.8982 ], [ 22.9525, 52.0052 ] ] } },
{ "type": "Feature", "properties": { "Layer": "Layer 1" }, "geometry": { "type": "LineString", "coordinates": [ [ 22.9525, 52.0052 ], [ 22.9169, 52.1692 ] ] } },
{ "type": "Feature", "properties": { "Layer": "Layer 1" }, "geometry": { "type": "LineString", "coordinates": [ [ 22.9169, 52.1692 ], [ 22.7814, 52.547 ] ] } },
{ "type": "Feature", "properties": { "Layer": "Layer 1" }, "geometry": { "type": "LineString", "coordinates": [ [ 22.7814, 52.547 ], [ 22.7778, 52.5898 ] ] } },
{ "type": "Feature", "properties": { "Layer": "Layer 1" }, "geometry": { "type": "LineString", "coordinates": [ [ 22.7778, 52.5898 ], [ 22.8634, 52.7075 ] ] } },
{ "type": "Feature", "properties": { "Layer": "Layer 1" }, "geometry": { "type": "LineString", "coordinates": [ [ 22.8634, 52.7075 ], [ 22.8848, 52.9713 ] ] } },
{ "type": "Feature", "properties": { "Layer": "Layer 1" }, "geometry": { "type": "LineString", "coordinates": [ [ 22.8848, 52.9713 ], [ 22.9062, 53.1673 ] ] } },
{ "type": "Feature", "properties": { "Layer": "Layer 1" }, "geometry": { "type": "LineString", "coordinates": [ [ 22.9062, 53.1673 ], [ 22.9846, 53.3206 ] ] } },
{ "type": "Feature", "properties": { "Layer": "Layer 1" }, "geometry": { "type": "LineString", "coordinates": [ [ 22.9846, 53.3206 ], [ 23.0666, 53.4454 ] ] } },
{ "type": "Feature", "properties": { "Layer": "Layer 1" }, "geometry": { "type": "LineString", "coordinates": [ [ 23.0666, 53.4454 ], [ 23.1236, 53.6664 ] ] } },
{ "type": "Feature", "properties": { "Layer": "Layer 1" }, "geometry": { "type": "LineString", "coordinates": [ [ 23.1236, 53.6664 ], [ 23.1058, 53.9053 ] ] } },
{ "type": "Feature", "properties": { "Layer": "Layer 1" }, "geometry": { "type": "LineString", "coordinates": [ [ 23.1058, 53.9053 ], [ 22.9668, 54.0336 ] ] } },
{ "type": "Feature", "properties": { "Layer": "Layer 1" }, "geometry": { "type": "LineString", "coordinates": [ [ 22.9668, 54.0336 ], [ 22.7814, 54.112 ] ] } },
{ "type": "Feature", "properties": { "Layer": "Layer 1" }, "geometry": { "type": "LineString", "coordinates": [ [ 22.7814, 54.112 ], [ 22.3643, 54.1762 ] ] } },
{ "type": "Feature", "properties": { "Layer": "Layer 1" }, "geometry": { "type": "LineString", "coordinates": [ [ 22.3643, 54.1762 ], [ 22.3287, 54.2083 ] ] } },
{ "type": "Feature", "properties": { "Layer": "Layer 1" }, "geometry": { "type": "LineString", "coordinates": [ [ 22.3287, 54.2083 ], [ 22.1148, 54.3259 ] ] } },
{ "type": "Feature", "properties": { "Layer": "Layer 1" }, "geometry": { "type": "LineString", "coordinates": [ [ 22.1148, 54.3259 ], [ 21.9757, 54.4685 ] ] } },
{ "type": "Feature", "properties": { "Layer": "Layer 1" }, "geometry": { "type": "LineString", "coordinates": [ [ 21.9757, 54.4685 ], [ 21.7476, 54.7002 ] ] } },
{ "type": "Feature", "properties": { "Layer": "Layer 1" }, "geometry": { "type": "LineString", "coordinates": [ [ 21.7476, 54.7002 ], [ 21.769, 54.6503 ] ] } },
{ "type": "Feature", "properties": { "Layer": "Layer 1" }, "geometry": { "type": "LineString", "coordinates": [ [ 21.769, 54.6503 ], [ 21.687, 54.6218 ] ] } },
{ "type": "Feature", "properties": { "Layer": "Layer 1" }, "geometry": { "type": "LineString", "coordinates": [ [ 21.687, 54.6218 ], [ 21.6834, 54.6325 ] ] } },
{ "type": "Feature", "properties": { "Layer": "Layer 1" }, "geometry": { "type": "LineString", "coordinates": [ [ 21.6834, 54.6325 ], [ 21.8117, 55.2671 ] ] } },
{ "type": "Feature", "properties": { "Layer": "Layer 1" }, "geometry": { "type": "LineString", "coordinates": [ [ 21.8117, 55.2671 ], [ 21.7904, 55.3348 ] ] } },
{ "type": "Feature", "properties": { "Layer": "Layer 1" }, "geometry": { "type": "LineString", "coordinates": [ [ 21.7904, 55.3348 ], [ 21.7298, 55.3455 ] ] } },
{ "type": "Feature", "properties": { "Layer": "Layer 1" }, "geometry": { "type": "LineString", "coordinates": [ [ 21.7298, 55.3455 ], [ 21.6406, 55.2635 ] ] } },
{ "type": "Feature", "properties": { "Layer": "Layer 1" }, "geometry": { "type": "LineString", "coordinates": [ [ 21.6406, 55.2635 ], [ 21.6478, 55.2706 ] ] } },
{ "type": "Feature", "properties": { "Layer": "Layer 1" }, "geometry": { "type": "LineString", "coordinates": [ [ 21.6478, 55.2706 ], [ 21.4766, 55.5701 ] ] } },
{ "type": "Feature", "properties": { "Layer": "Layer 1" }, "geometry": { "type": "LineString", "coordinates": [ [ 21.4766, 55.5701 ], [ 21.3733, 55.62 ] ] } },
{ "type": "Feature", "properties": { "Layer": "Layer 1" }, "geometry": { "type": "LineString", "coordinates": [ [ 21.3733, 55.62 ], [ 21.2093, 55.8981 ] ] } },
{ "type": "Feature", "properties": { "Layer": "Layer 1" }, "geometry": { "type": "LineString", "coordinates": [ [ 21.2093, 55.8981 ], [ 21.2021, 56.226 ] ] } },
{ "type": "Feature", "properties": { "Layer": "Layer 1" }, "geometry": { "type": "LineString", "coordinates": [ [ 21.2021, 56.226 ], [ 21.1451, 56.3472 ] ] } },
{ "type": "Feature", "properties": { "Layer": "Layer 1" }, "geometry": { "type": "LineString", "coordinates": [ [ 21.1451, 56.3472 ], [ 21.1023, 56.415 ] ] } },
{ "type": "Feature", "properties": { "Layer": "Layer 1" }, "geometry": { "type": "LineString", "coordinates": [ [ 21.1023, 56.415 ], [ 21.0417, 56.5184 ] ] } },
{ "type": "Feature", "properties": { "Layer": "Layer 1" }, "geometry": { "type": "LineString", "coordinates": [ [ 21.0417, 56.5184 ], [ 20.8457, 56.6895 ] ] } },
{ "type": "Feature", "properties": { "Layer": "Layer 1" }, "geometry": { "type": "LineString", "coordinates": [ [ 20.8457, 56.6895 ], [ 20.7744, 56.9604 ] ] } },
{ "type": "Feature", "properties": { "Layer": "Layer 1" }, "geometry": { "type": "LineString", "coordinates": [ [ 20.7744, 56.9604 ], [ 20.6496, 57.2812 ] ] } },
{ "type": "Feature", "properties": { "Layer": "Layer 1" }, "geometry": { "type": "LineString", "coordinates": [ [ 20.6496, 57.2812 ], [ 20.4856, 57.4131 ] ] } },
{ "type": "Feature", "properties": { "Layer": "Layer 1" }, "geometry": { "type": "LineString", "coordinates": [ [ 20.4856, 57.4131 ], [ 20.0828, 57.5593 ] ] } },
{ "type": "Feature", "properties": { "Layer": "Layer 1" }, "geometry": { "type": "LineString", "coordinates": [ [ 20.0828, 57.5593 ], [ 19.8546, 57.8089 ] ] } },
{ "type": "Feature", "properties": { "Layer": "Layer 1" }, "geometry": { "type": "LineString", "coordinates": [ [ 19.8546, 57.8089 ], [ 19.9936, 57.9621 ] ] } },
{ "type": "Feature", "properties": { "Layer": "Layer 1" }, "geometry": { "type": "LineString", "coordinates": [ [ 19.9936, 57.9621 ], [ 19.9188, 58.0584 ] ] } },
{ "type": "Feature", "properties": { "Layer": "Layer 1" }, "geometry": { "type": "LineString", "coordinates": [ [ 19.9188, 58.0584 ], [ 19.9295, 58.2224 ] ] } },
{ "type": "Feature", "properties": { "Layer": "Layer 1" }, "geometry": { "type": "LineString", "coordinates": [ [ 19.9295, 58.2224 ], [ 19.9402, 58.2972 ] ] } },
{ "type": "Feature", "properties": { "Layer": "Layer 1" }, "geometry": { "type": "LineString", "coordinates": [ [ 19.9402, 58.2972 ], [ 19.9366, 58.4684 ] ] } },
{ "type": "Feature", "properties": { "Layer": "Layer 1" }, "geometry": { "type": "LineString", "coordinates": [ [ 19.9366, 58.4684 ], [ 19.8724, 58.5967 ] ] } },
{ "type": "Feature", "properties": { "Layer": "Layer 1" }, "geometry": { "type": "LineString", "coordinates": [ [ 19.8724, 58.5967 ], [ 19.8582, 59.3239 ] ] } },
{ "type": "Feature", "properties": { "Layer": "Layer 1" }, "geometry": { "type": "LineString", "coordinates": [ [ 19.8582, 59.3239 ], [ 19.8047, 59.4772 ] ] } },
{ "type": "Feature", "properties": { "Layer": "Layer 1" }, "geometry": { "type": "LineString", "coordinates": [ [ 19.8047, 59.4772 ], [ 19.7584, 59.5628 ] ] } },
{ "type": "Feature", "properties": { "Layer": "Layer 1" }, "geometry": { "type": "LineString", "coordinates": [ [ 19.7584, 59.5628 ], [ 19.6692, 59.766 ] ] } },
{ "type": "Feature", "properties": { "Layer": "Layer 1" }, "geometry": { "type": "LineString", "coordinates": [ [ 19.6692, 59.766 ], [ 19.6728, 59.8801 ] ] } },
{ "type": "Feature", "properties": { "Layer": "Layer 1" }, "geometry": { "type": "LineString", "coordinates": [ [ 19.6728, 59.8801 ], [ 19.6265, 59.9834 ] ] } },
{ "type": "Feature", "properties": { "Layer": "Layer 1" }, "geometry": { "type": "LineString", "coordinates": [ [ 19.6265, 59.9834 ], [ 19.5765, 60.151 ] ] } },
{ "type": "Feature", "properties": { "Layer": "Layer 1" }, "geometry": { "type": "LineString", "coordinates": [ [ 19.5765, 60.151 ], [ 19.3733, 60.5111 ] ] } },
{ "type": "Feature", "properties": { "Layer": "Layer 1" }, "geometry": { "type": "LineString", "coordinates": [ [ 19.3733, 60.5111 ], [ 19.2414, 61.1314 ] ] } },
{ "type": "Feature", "properties": { "Layer": "Layer 1" }, "geometry": { "type": "LineString", "coordinates": [ [ 19.2414, 61.1314 ], [ 19.3234, 61.8835 ] ] } },
{ "type": "Feature", "properties": { "Layer": "Layer 1" }, "geometry": { "type": "LineString", "coordinates": [ [ 19.3234, 61.8835 ], [ 19.2842, 62.0618 ] ] } },
{ "type": "Feature", "properties": { "Layer": "Layer 1" }, "geometry": { "type": "LineString", "coordinates": [ [ 19.2842, 62.0618 ], [ 19.2307, 62.1474 ] ] } },
{ "type": "Feature", "properties": { "Layer": "Layer 1" }, "geometry": { "type": "LineString", "coordinates": [ [ 19.2307, 62.1474 ], [ 19.0953, 62.2472 ] ] } },
{ "type": "Feature", "properties": { "Layer": "Layer 1" }, "geometry": { "type": "LineString", "coordinates": [ [ 19.0953, 62.2472 ], [ 19.0169, 62.5538 ] ] } },
{ "type": "Feature", "properties": { "Layer": "Layer 1" }, "geometry": { "type": "LineString", "coordinates": [ [ 19.0169, 62.5538 ], [ 18.9063, 62.7712 ] ] } },
{ "type": "Feature", "properties": { "Layer": "Layer 1" }, "geometry": { "type": "LineString", "coordinates": [ [ 18.9063, 62.7712 ], [ 18.8529, 62.7997 ] ] } },
{ "type": "Feature", "properties": { "Layer": "Layer 1" }, "geometry": { "type": "LineString", "coordinates": [ [ 18.8529, 62.7997 ], [ 18.8065, 62.8283 ] ] } },
{ "type": "Feature", "properties": { "Layer": "Layer 1" }, "geometry": { "type": "LineString", "coordinates": [ [ 18.8065, 62.8283 ], [ 18.6782, 63.0528 ] ] } },
{ "type": "Feature", "properties": { "Layer": "Layer 1" }, "geometry": { "type": "LineString", "coordinates": [ [ 18.6782, 63.0528 ], [ 18.6604, 63.1812 ] ] } },
{ "type": "Feature", "properties": { "Layer": "Layer 1" }, "geometry": { "type": "LineString", "coordinates": [ [ 18.6604, 63.1812 ], [ 18.7744, 63.3024 ] ] } },
{ "type": "Feature", "properties": { "Layer": "Layer 1" }, "geometry": { "type": "LineString", "coordinates": [ [ 18.7744, 63.3024 ], [ 18.7673, 63.4664 ] ] } },
{ "type": "Feature", "properties": { "Layer": "Layer 1" }, "geometry": { "type": "LineString", "coordinates": [ [ 18.7673, 63.4664 ], [ 18.7424, 63.4592 ] ] } },
{ "type": "Feature", "properties": { "Layer": "Layer 1" }, "geometry": { "type": "LineString", "coordinates": [ [ 18.7424, 63.4592 ], [ 18.7281, 63.7836 ] ] } },
{ "type": "Feature", "properties": { "Layer": "Layer 1" }, "geometry": { "type": "LineString", "coordinates": [ [ 18.7281, 63.7836 ], [ 18.803, 63.9476 ] ] } },
{ "type": "Feature", "properties": { "Layer": "Layer 1" }, "geometry": { "type": "LineString", "coordinates": [ [ 18.803, 63.9476 ], [ 18.8101, 64.2471 ] ] } },
{ "type": "Feature", "properties": { "Layer": "Layer 1" }, "geometry": { "type": "LineString", "coordinates": [ [ 18.8101, 64.2471 ], [ 18.778, 64.3219 ] ] } },
{ "type": "Feature", "properties": { "Layer": "Layer 1" }, "geometry": { "type": "LineString", "coordinates": [ [ 18.778, 64.3219 ], [ 18.6746, 64.3148 ] ] } },
{ "type": "Feature", "properties": { "Layer": "Layer 1" }, "geometry": { "type": "LineString", "coordinates": [ [ 18.6746, 64.3148 ], [ 18.8137, 64.2578 ] ] } },
{ "type": "Feature", "properties": { "Layer": "Layer 1" }, "geometry": { "type": "LineString", "coordinates": [ [ 18.8137, 64.2578 ], [ 18.86, 64.2578 ] ] } },
{ "type": "Feature", "properties": { "Layer": "Layer 1" }, "geometry": { "type": "LineString", "coordinates": [ [ 18.86, 64.2578 ], [ 18.8422, 64.2792 ] ] } },
{ "type": "Feature", "properties": { "Layer": "Layer 1" }, "geometry": { "type": "LineString", "coordinates": [ [ 18.8422, 64.2792 ], [ 18.8956, 64.297 ] ] } },
{ "type": "Feature", "properties": { "Layer": "Layer 1" }, "geometry": { "type": "LineString", "coordinates": [ [ 18.8956, 64.297 ], [ 19.0382, 64.297 ] ] } },
{ "type": "Feature", "properties": { "Layer": "Layer 1" }, "geometry": { "type": "LineString", "coordinates": [ [ 19.0382, 64.297 ], [ 19.0311, 64.3041 ] ] } },
{ "type": "Feature", "properties": { "Layer": "Layer 1" }, "geometry": { "type": "LineString", "coordinates": [ [ 19.0311, 64.3041 ], [ 19.0561, 64.3148 ] ] } },
{ "type": "Feature", "properties": { "Layer": "Layer 1" }, "geometry": { "type": "LineString", "coordinates": [ [ 19.0561, 64.3148 ], [ 19.0489, 64.2827 ] ] } },
{ "type": "Feature", "properties": { "Layer": "Layer 1" }, "geometry": { "type": "LineString", "coordinates": [ [ 19.0489, 64.2827 ], [ 18.9598, 64.0938 ] ] } },
{ "type": "Feature", "properties": { "Layer": "Layer 1" }, "geometry": { "type": "LineString", "coordinates": [ [ 18.9598, 64.0938 ], [ 18.9669, 64.1009 ] ] } },
{ "type": "Feature", "properties": { "Layer": "Layer 1" }, "geometry": { "type": "LineString", "coordinates": [ [ 18.9669, 64.1009 ], [ 18.9099, 64.1116 ] ] } },
{ "type": "Feature", "properties": { "Layer": "Layer 1" }, "geometry": { "type": "LineString", "coordinates": [ [ 18.9099, 64.1116 ], [ 18.917, 64.1152 ] ] } },
{ "type": "Feature", "properties": { "Layer": "Layer 1" }, "geometry": { "type": "LineString", "coordinates": [ [ 18.917, 64.1152 ], [ 18.86, 63.9441 ] ] } },
{ "type": "Feature", "properties": { "Layer": "Layer 1" }, "geometry": { "type": "LineString", "coordinates": [ [ 18.86, 63.9441 ], [ 18.8814, 63.969 ] ] } },
{ "type": "Feature", "properties": { "Layer": "Layer 1" }, "geometry": { "type": "LineString", "coordinates": [ [ 18.8814, 63.969 ], [ 18.8921, 63.9797 ] ] } },
{ "type": "Feature", "properties": { "Layer": "Layer 1" }, "geometry": { "type": "LineString", "coordinates": [ [ 18.8921, 63.9797 ], [ 18.9705, 63.9797 ] ] } },
{ "type": "Feature", "properties": { "Layer": "Layer 1" }, "geometry": { "type": "LineString", "coordinates": [ [ 18.9705, 63.9797 ], [ 18.8172, 64.0261 ] ] } },
{ "type": "Feature", "properties": { "Layer": "Layer 1" }, "geometry": { "type": "LineString", "coordinates": [ [ 18.8172, 64.0261 ], [ 18.5891, 64.2435 ] ] } },
{ "type": "Feature", "properties": { "Layer": "Layer 1" }, "geometry": { "type": "LineString", "coordinates": [ [ 18.5891, 64.2435 ], [ 18.5605, 64.3469 ] ] } },
{ "type": "Feature", "properties": { "Layer": "Layer 1" }, "geometry": { "type": "LineString", "coordinates": [ [ 18.5605, 64.3469 ], [ 18.5819, 64.4788 ] ] } },
{ "type": "Feature", "properties": { "Layer": "Layer 1" }, "geometry": { "type": "LineString", "coordinates": [ [ 18.5819, 64.4788 ], [ 18.753, 64.8745 ] ] } },
{ "type": "Feature", "properties": { "Layer": "Layer 1" }, "geometry": { "type": "LineString", "coordinates": [ [ 18.753, 64.8745 ], [ 18.7138, 64.9672 ] ] } },
{ "type": "Feature", "properties": { "Layer": "Layer 1" }, "geometry": { "type": "LineString", "coordinates": [ [ 18.7138, 64.9672 ], [ 18.5784, 65.0777 ] ] } },
{ "type": "Feature", "properties": { "Layer": "Layer 1" }, "geometry": { "type": "LineString", "coordinates": [ [ 18.5784, 65.0777 ], [ 18.4821, 65.1597 ] ] } },
{ "type": "Feature", "properties": { "Layer": "Layer 1" }, "geometry": { "type": "LineString", "coordinates": [ [ 18.4821, 65.1597 ], [ 18.0401, 65.3772 ] ] } },
{ "type": "Feature", "properties": { "Layer": "Layer 1" }, "geometry": { "type": "LineString", "coordinates": [ [ 18.0401, 65.3772 ], [ 17.7335, 65.5839 ] ] } },
{ "type": "Feature", "properties": { "Layer": "Layer 1" }, "geometry": { "type": "LineString", "coordinates": [ [ 17.7335, 65.5839 ], [ 17.6408, 65.7443 ] ] } },
{ "type": "Feature", "properties": { "Layer": "Layer 1" }, "geometry": { "type": "LineString", "coordinates": [ [ 17.6408, 65.7443 ], [ 17.6444, 65.8156 ] ] } },
{ "type": "Feature", "properties": { "Layer": "Layer 1" }, "geometry": { "type": "LineString", "coordinates": [ [ 17.6444, 65.8156 ], [ 17.4839, 66.0688 ] ] } },
{ "type": "Feature", "properties": { "Layer": "Layer 1" }, "geometry": { "type": "LineString", "coordinates": [ [ 17.4839, 66.0688 ], [ 17.377, 66.1686 ] ] } },
{ "type": "Feature", "properties": { "Layer": "Layer 1" }, "geometry": { "type": "LineString", "coordinates": [ [ 17.377, 66.1686 ], [ 17.3449, 66.2363 ] ] } },
{ "type": "Feature", "properties": { "Layer": "Layer 1" }, "geometry": { "type": "LineString", "coordinates": [ [ 17.3449, 66.2363 ], [ 17.0348, 66.5429 ] ] } },
{ "type": "Feature", "properties": { "Layer": "Layer 1" }, "geometry": { "type": "LineString", "coordinates": [ [ 17.0348, 66.5429 ], [ 16.9207, 66.6498 ] ] } },
{ "type": "Feature", "properties": { "Layer": "Layer 1" }, "geometry": { "type": "LineString", "coordinates": [ [ 16.9207, 66.6498 ], [ 16.8529, 66.8316 ] ] } },
{ "type": "Feature", "properties": { "Layer": "Layer 1" }, "geometry": { "type": "LineString", "coordinates": [ [ 16.8529, 66.8316 ], [ 16.7603, 66.9422 ] ] } },
{ "type": "Feature", "properties": { "Layer": "Layer 1" }, "geometry": { "type": "LineString", "coordinates": [ [ 16.7603, 66.9422 ], [ 16.7496, 67.0455 ] ] } },
{ "type": "Feature", "properties": { "Layer": "Layer 1" }, "geometry": { "type": "LineString", "coordinates": [ [ 16.7496, 67.0455 ], [ 16.771, 67.1846 ] ] } },
{ "type": "Feature", "properties": { "Layer": "Layer 1" }, "geometry": { "type": "LineString", "coordinates": [ [ 16.771, 67.1846 ], [ 16.7175, 67.5553 ] ] } },
{ "type": "Feature", "properties": { "Layer": "Layer 1" }, "geometry": { "type": "LineString", "coordinates": [ [ 16.7175, 67.5553 ], [ 16.7139, 67.6338 ] ] } },
{ "type": "Feature", "properties": { "Layer": "Layer 1" }, "geometry": { "type": "LineString", "coordinates": [ [ 16.7139, 67.6338 ], [ 16.7317, 67.7122 ] ] } },
{ "type": "Feature", "properties": { "Layer": "Layer 1" }, "geometry": { "type": "LineString", "coordinates": [ [ 16.7317, 67.7122 ], [ 16.8102, 67.8762 ] ] } },
{ "type": "Feature", "properties": { "Layer": "Layer 1" }, "geometry": { "type": "LineString", "coordinates": [ [ 16.8102, 67.8762 ], [ 16.7995, 67.9867 ] ] } },
{ "type": "Feature", "properties": { "Layer": "Layer 1" }, "geometry": { "type": "LineString", "coordinates": [ [ 16.7995, 67.9867 ], [ 16.7424, 68.1756 ] ] } },
{ "type": "Feature", "properties": { "Layer": "Layer 1" }, "geometry": { "type": "LineString", "coordinates": [ [ 16.7424, 68.1756 ], [ 16.803, 68.2434 ] ] } },
{ "type": "Feature", "properties": { "Layer": "Layer 1" }, "geometry": { "type": "LineString", "coordinates": [ [ 16.803, 68.2434 ], [ 16.8601, 68.5143 ] ] } },
{ "type": "Feature", "properties": { "Layer": "Layer 1" }, "geometry": { "type": "LineString", "coordinates": [ [ 16.8601, 68.5143 ], [ 16.803, 68.6105 ] ] } },
{ "type": "Feature", "properties": { "Layer": "Layer 1" }, "geometry": { "type": "LineString", "coordinates": [ [ 16.803, 68.6105 ], [ 16.6604, 68.6747 ] ] } },
{ "type": "Feature", "properties": { "Layer": "Layer 1" }, "geometry": { "type": "LineString", "coordinates": [ [ 16.6604, 68.6747 ], [ 16.5072, 68.7531 ] ] } },
{ "type": "Feature", "properties": { "Layer": "Layer 1" }, "geometry": { "type": "LineString", "coordinates": [ [ 16.5072, 68.7531 ], [ 16.3895, 68.9278 ] ] } },
{ "type": "Feature", "properties": { "Layer": "Layer 1" }, "geometry": { "type": "LineString", "coordinates": [ [ 16.3895, 68.9278 ], [ 16.3753, 69.0062 ] ] } },
{ "type": "Feature", "properties": { "Layer": "Layer 1" }, "geometry": { "type": "LineString", "coordinates": [ [ 16.3753, 69.0062 ], [ 16.3753, 69.2308 ] ] } },
{ "type": "Feature", "properties": { "Layer": "Layer 1" }, "geometry": { "type": "LineString", "coordinates": [ [ 16.3753, 69.2308 ], [ 16.3824, 69.4839 ] ] } },
{ "type": "Feature", "properties": { "Layer": "Layer 1" }, "geometry": { "type": "LineString", "coordinates": [ [ 16.3824, 69.4839 ], [ 16.2006, 69.8297 ] ] } },
{ "type": "Feature", "properties": { "Layer": "Layer 1" }, "geometry": { "type": "LineString", "coordinates": [ [ 16.2006, 69.8297 ], [ 16.1114, 69.9474 ] ] } },
{ "type": "Feature", "properties": { "Layer": "Layer 1" }, "geometry": { "type": "LineString", "coordinates": [ [ 16.1114, 69.9474 ], [ 16.0045, 69.9616 ] ] } },
{ "type": "Feature", "properties": { "Layer": "Layer 1" }, "geometry": { "type": "LineString", "coordinates": [ [ 16.0045, 69.9616 ], [ 15.8762, 69.9937 ] ] } },
{ "type": "Feature", "properties": { "Layer": "Layer 1" }, "geometry": { "type": "LineString", "coordinates": [ [ 15.8762, 69.9937 ], [ 15.8298, 70.1755 ] ] } },
{ "type": "Feature", "properties": { "Layer": "Layer 1" }, "geometry": { "type": "LineString", "coordinates": [ [ 15.8298, 70.1755 ], [ 15.9617, 70.4643 ] ] } },
{ "type": "Feature", "properties": { "Layer": "Layer 1" }, "geometry": { "type": "LineString", "coordinates": [ [ 15.9617, 70.4643 ], [ 16.0045, 70.7602 ] ] } },
{ "type": "Feature", "properties": { "Layer": "Layer 1" }, "geometry": { "type": "LineString", "coordinates": [ [ 16.0045, 70.7602 ], [ 15.8976, 70.8636 ] ] } },
{ "type": "Feature", "properties": { "Layer": "Layer 1" }, "geometry": { "type": "LineString", "coordinates": [ [ 15.8976, 70.8636 ], [ 15.7942, 71.3056 ] ] } },
{ "type": "Feature", "properties": { "Layer": "Layer 1" }, "geometry": { "type": "LineString", "coordinates": [ [ 15.7942, 71.3056 ], [ 15.673, 71.4803 ] ] } },
{ "type": "Feature", "properties": { "Layer": "Layer 1" }, "geometry": { "type": "LineString", "coordinates": [ [ 15.673, 71.4803 ], [ 15.6017, 71.6122 ] ] } },
{ "type": "Feature", "properties": { "Layer": "Layer 1" }, "geometry": { "type": "LineString", "coordinates": [ [ 15.6017, 71.6122 ], [ 15.6551, 71.6692 ] ] } },
{ "type": "Feature", "properties": { "Layer": "Layer 1" }, "geometry": { "type": "LineString", "coordinates": [ [ 15.6551, 71.6692 ], [ 15.402, 72.3323 ] ] } },
{ "type": "Feature", "properties": { "Layer": "Layer 1" }, "geometry": { "type": "LineString", "coordinates": [ [ 15.402, 72.3323 ], [ 15.3628, 72.3858 ] ] } },
{ "type": "Feature", "properties": { "Layer": "Layer 1" }, "geometry": { "type": "LineString", "coordinates": [ [ 15.3628, 72.3858 ], [ 15.3129, 72.5141 ] ] } },
{ "type": "Feature", "properties": { "Layer": "Layer 1" }, "geometry": { "type": "LineString", "coordinates": [ [ 15.3129, 72.5141 ], [ 15.1988, 72.5925 ] ] } },
{ "type": "Feature", "properties": { "Layer": "Layer 1" }, "geometry": { "type": "LineString", "coordinates": [ [ 15.1988, 72.5925 ], [ 15.1632, 72.7672 ] ] } },
{ "type": "Feature", "properties": { "Layer": "Layer 1" }, "geometry": { "type": "LineString", "coordinates": [ [ 15.1632, 72.7672 ], [ 15.206, 72.8884 ] ] } },
{ "type": "Feature", "properties": { "Layer": "Layer 1" }, "geometry": { "type": "LineString", "coordinates": [ [ 15.206, 72.8884 ], [ 15.2095, 73.0524 ] ] } },
{ "type": "Feature", "properties": { "Layer": "Layer 1" }, "geometry": { "type": "LineString", "coordinates": [ [ 15.2095, 73.0524 ], [ 15.3878, 73.3234 ] ] } },
{ "type": "Feature", "properties": { "Layer": "Layer 1" }, "geometry": { "type": "LineString", "coordinates": [ [ 15.3878, 73.3234 ], [ 15.3628, 73.466 ] ] } },
{ "type": "Feature", "properties": { "Layer": "Layer 1" }, "geometry": { "type": "LineString", "coordinates": [ [ 15.3628, 73.466 ], [ 15.402, 73.5194 ] ] } },
{ "type": "Feature", "properties": { "Layer": "Layer 1" }, "geometry": { "type": "LineString", "coordinates": [ [ 15.402, 73.5194 ], [ 15.3735, 73.6834 ] ] } },
{ "type": "Feature", "properties": { "Layer": "Layer 1" }, "geometry": { "type": "LineString", "coordinates": [ [ 15.3735, 73.6834 ], [ 15.3628, 73.7975 ] ] } },
{ "type": "Feature", "properties": { "Layer": "Layer 1" }, "geometry": { "type": "LineString", "coordinates": [ [ 15.3628, 73.7975 ], [ 15.3771, 74.0969 ] ] } },
{ "type": "Feature", "properties": { "Layer": "Layer 1" }, "geometry": { "type": "LineString", "coordinates": [ [ 15.3771, 74.0969 ], [ 15.3022, 74.2538 ] ] } },
{ "type": "Feature", "properties": { "Layer": "Layer 1" }, "geometry": { "type": "LineString", "coordinates": [ [ 15.3022, 74.2538 ], [ 15.2309, 74.2894 ] ] } },
{ "type": "Feature", "properties": { "Layer": "Layer 1" }, "geometry": { "type": "LineString", "coordinates": [ [ 15.2309, 74.2894 ], [ 14.9635, 74.6459 ] ] } },
{ "type": "Feature", "properties": { "Layer": "Layer 1" }, "geometry": { "type": "LineString", "coordinates": [ [ 14.9635, 74.6459 ], [ 14.9635, 74.8919 ] ] } },
{ "type": "Feature", "properties": { "Layer": "Layer 1" }, "geometry": { "type": "LineString", "coordinates": [ [ 14.9635, 74.8919 ], [ 14.8922, 75.0702 ] ] } },
{ "type": "Feature", "properties": { "Layer": "Layer 1" }, "geometry": { "type": "LineString", "coordinates": [ [ 14.8922, 75.0702 ], [ 14.7817, 75.4053 ] ] } },
{ "type": "Feature", "properties": { "Layer": "Layer 1" }, "geometry": { "type": "LineString", "coordinates": [ [ 14.7817, 75.4053 ], [ 14.7924, 75.4373 ] ] } },
{ "type": "Feature", "properties": { "Layer": "Layer 1" }, "geometry": { "type": "LineString", "coordinates": [ [ 14.7924, 75.4373 ], [ 14.796, 75.5621 ] ] } },
{ "type": "Feature", "properties": { "Layer": "Layer 1" }, "geometry": { "type": "LineString", "coordinates": [ [ 14.796, 75.5621 ], [ 14.8174, 75.6085 ] ] } },
{ "type": "Feature", "properties": { "Layer": "Layer 1" }, "geometry": { "type": "LineString", "coordinates": [ [ 14.8174, 75.6085 ], [ 14.8423, 75.8651 ] ] } },
{ "type": "Feature", "properties": { "Layer": "Layer 1" }, "geometry": { "type": "LineString", "coordinates": [ [ 14.8423, 75.8651 ], [ 14.9136, 75.9935 ] ] } },
{ "type": "Feature", "properties": { "Layer": "Layer 1" }, "geometry": { "type": "LineString", "coordinates": [ [ 14.9136, 75.9935 ], [ 15.288, 76.3571 ] ] } },
{ "type": "Feature", "properties": { "Layer": "Layer 1" }, "geometry": { "type": "LineString", "coordinates": [ [ 15.288, 76.3571 ], [ 15.3058, 76.4034 ] ] } },
{ "type": "Feature", "properties": { "Layer": "Layer 1" }, "geometry": { "type": "LineString", "coordinates": [ [ 15.3058, 76.4034 ], [ 15.5553, 76.4355 ] ] } },
{ "type": "Feature", "properties": { "Layer": "Layer 1" }, "geometry": { "type": "LineString", "coordinates": [ [ 15.5553, 76.4355 ], [ 15.6765, 76.5246 ] ] } },
{ "type": "Feature", "properties": { "Layer": "Layer 1" }, "geometry": { "type": "LineString", "coordinates": [ [ 15.6765, 76.5246 ], [ 15.7585, 76.7528 ] ] } },
{ "type": "Feature", "properties": { "Layer": "Layer 1" }, "geometry": { "type": "LineString", "coordinates": [ [ 15.7585, 76.7528 ], [ 15.8405, 76.817 ] ] } },
{ "type": "Feature", "properties": { "Layer": "Layer 1" }, "geometry": { "type": "LineString", "coordinates": [ [ 15.8405, 76.817 ], [ 15.9974, 76.8669 ] ] } },
{ "type": "Feature", "properties": { "Layer": "Layer 1" }, "geometry": { "type": "LineString", "coordinates": [ [ 15.9974, 76.8669 ], [ 16.2291, 76.8669 ] ] } },
{ "type": "Feature", "properties": { "Layer": "Layer 1" }, "geometry": { "type": "LineString", "coordinates": [ [ 16.2291, 76.8669 ], [ 16.2933, 76.8597 ] ] } },
{ "type": "Feature", "properties": { "Layer": "Layer 1" }, "geometry": { "type": "LineString", "coordinates": [ [ 16.2933, 76.8597 ], [ 16.6676, 76.931 ] ] } },
{ "type": "Feature", "properties": { "Layer": "Layer 1" }, "geometry": { "type": "LineString", "coordinates": [ [ 16.6676, 76.931 ], [ 16.8387, 76.8776 ] ] } },
{ "type": "Feature", "properties": { "Layer": "Layer 1" }, "geometry": { "type": "LineString", "coordinates": [ [ 16.8387, 76.8776 ], [ 17.1952, 76.8526 ] ] } },
{ "type": "Feature", "properties": { "Layer": "Layer 1" }, "geometry": { "type": "LineString", "coordinates": [ [ 17.1952, 76.8526 ], [ 17.7477, 77.0808 ] ] } },
{ "type": "Feature", "properties": { "Layer": "Layer 1" }, "geometry": { "type": "LineString", "coordinates": [ [ 17.7477, 77.0808 ], [ 18.1791, 77.3339 ] ] } },
{ "type": "Feature", "properties": { "Layer": "Layer 1" }, "geometry": { "type": "LineString", "coordinates": [ [ 18.1791, 77.3339 ], [ 18.2504, 77.2982 ] ] } },
{ "type": "Feature", "properties": { "Layer": "Layer 1" }, "geometry": { "type": "LineString", "coordinates": [ [ 18.2504, 77.2982 ], [ 18.2219, 77.2911 ] ] } },
{ "type": "Feature", "properties": { "Layer": "Layer 1" }, "geometry": { "type": "LineString", "coordinates": [ [ 18.2219, 77.2911 ], [ 18.1399, 77.3089 ] ] } },
{ "type": "Feature", "properties": { "Layer": "Layer 1" }, "geometry": { "type": "LineString", "coordinates": [ [ 18.1399, 77.3089 ], [ 18.3324, 77.2198 ] ] } },
{ "type": "Feature", "properties": { "Layer": "Layer 1" }, "geometry": { "type": "LineString", "coordinates": [ [ 18.3324, 77.2198 ], [ 18.5534, 77.3232 ] ] } },
{ "type": "Feature", "properties": { "Layer": "Layer 1" }, "geometry": { "type": "LineString", "coordinates": [ [ 18.5534, 77.3232 ], [ 18.7673, 77.4159 ] ] } },
{ "type": "Feature", "properties": { "Layer": "Layer 1" }, "geometry": { "type": "LineString", "coordinates": [ [ 18.7673, 77.4159 ], [ 18.9598, 77.4194 ] ] } },
{ "type": "Feature", "properties": { "Layer": "Layer 1" }, "geometry": { "type": "LineString", "coordinates": [ [ 18.9598, 77.4194 ], [ 18.999, 77.4979 ] ] } },
{ "type": "Feature", "properties": { "Layer": "Layer 1" }, "geometry": { "type": "LineString", "coordinates": [ [ 18.999, 77.4979 ], [ 19.1523, 77.4658 ] ] } },
{ "type": "Feature", "properties": { "Layer": "Layer 1" }, "geometry": { "type": "LineString", "coordinates": [ [ 19.1523, 77.4658 ], [ 19.4197, 77.5193 ] ] } },
{ "type": "Feature", "properties": { "Layer": "Layer 1" }, "geometry": { "type": "LineString", "coordinates": [ [ 19.4197, 77.5193 ], [ 19.6835, 77.5371 ] ] } },
{ "type": "Feature", "properties": { "Layer": "Layer 1" }, "geometry": { "type": "LineString", "coordinates": [ [ 19.6835, 77.5371 ], [ 19.9687, 77.5335 ] ] } },
{ "type": "Feature", "properties": { "Layer": "Layer 1" }, "geometry": { "type": "LineString", "coordinates": [ [ 19.9687, 77.5335 ], [ 20.3216, 77.5478 ] ] } },
{ "type": "Feature", "properties": { "Layer": "Layer 1" }, "geometry": { "type": "LineString", "coordinates": [ [ 20.3216, 77.5478 ], [ 20.5783, 77.6797 ] ] } },
{ "type": "Feature", "properties": { "Layer": "Layer 1" }, "geometry": { "type": "LineString", "coordinates": [ [ 20.5783, 77.6797 ], [ 20.6781, 77.7189 ] ] } },
{ "type": "Feature", "properties": { "Layer": "Layer 1" }, "geometry": { "type": "LineString", "coordinates": [ [ 20.6781, 77.7189 ], [ 20.7886, 77.6512 ] ] } },
{ "type": "Feature", "properties": { "Layer": "Layer 1" }, "geometry": { "type": "LineString", "coordinates": [ [ 20.7886, 77.6512 ], [ 20.9704, 77.6725 ] ] } },
{ "type": "Feature", "properties": { "Layer": "Layer 1" }, "geometry": { "type": "LineString", "coordinates": [ [ 20.9704, 77.6725 ], [ 21.1665, 77.6084 ] ] } },
{ "type": "Feature", "properties": { "Layer": "Layer 1" }, "geometry": { "type": "LineString", "coordinates": [ [ 21.1665, 77.6084 ], [ 21.3661, 77.6868 ] ] } },
{ "type": "Feature", "properties": { "Layer": "Layer 1" }, "geometry": { "type": "LineString", "coordinates": [ [ 21.3661, 77.6868 ], [ 21.5337, 77.7332 ] ] } },
{ "type": "Feature", "properties": { "Layer": "Layer 1" }, "geometry": { "type": "LineString", "coordinates": [ [ 21.5337, 77.7332 ], [ 21.9615, 77.89 ] ] } },
{ "type": "Feature", "properties": { "Layer": "Layer 1" }, "geometry": { "type": "LineString", "coordinates": [ [ 21.9615, 77.89 ], [ 22.2859, 77.947 ] ] } },
{ "type": "Feature", "properties": { "Layer": "Layer 1" }, "geometry": { "type": "LineString", "coordinates": [ [ 22.2859, 77.947 ], [ 22.3607, 77.9221 ] ] } },
{ "type": "Feature", "properties": { "Layer": "Layer 1" }, "geometry": { "type": "LineString", "coordinates": [ [ 22.3607, 77.9221 ], [ 22.7707, 78.029 ] ] } },
{ "type": "Feature", "properties": { "Layer": "Layer 1" }, "geometry": { "type": "LineString", "coordinates": [ [ 22.7707, 78.029 ], [ 23.1379, 78.0647 ] ] } },
{ "type": "Feature", "properties": { "Layer": "Layer 1" }, "geometry": { "type": "LineString", "coordinates": [ [ 23.1379, 78.0647 ], [ 23.4801, 78.1075 ] ] } },
{ "type": "Feature", "properties": { "Layer": "Layer 1" }, "geometry": { "type": "LineString", "coordinates": [ [ 23.4801, 78.1075 ], [ 23.5978, 78.0754 ] ] } },
{ "type": "Feature", "properties": { "Layer": "Layer 1" }, "geometry": { "type": "LineString", "coordinates": [ [ 23.5978, 78.0754 ], [ 23.8437, 78.0861 ] ] } },
{ "type": "Feature", "properties": { "Layer": "Layer 1" }, "geometry": { "type": "LineString", "coordinates": [ [ 23.8437, 78.0861 ], [ 24.1503, 78.1182 ] ] } },
{ "type": "Feature", "properties": { "Layer": "Layer 1" }, "geometry": { "type": "LineString", "coordinates": [ [ 24.1503, 78.1182 ], [ 25.6512, 78.3891 ] ] } },
{ "type": "Feature", "properties": { "Layer": "Layer 1" }, "geometry": { "type": "LineString", "coordinates": [ [ 25.6512, 78.3891 ], [ 26.2073, 78.4141 ] ] } },
{ "type": "Feature", "properties": { "Layer": "Layer 1" }, "geometry": { "type": "LineString", "coordinates": [ [ 26.2073, 78.4141 ], [ 26.2608, 78.5139 ] ] } },
{ "type": "Feature", "properties": { "Layer": "Layer 1" }, "geometry": { "type": "LineString", "coordinates": [ [ 26.2608, 78.5139 ], [ 26.357, 78.6101 ] ] } },
{ "type": "Feature", "properties": { "Layer": "Layer 1" }, "geometry": { "type": "LineString", "coordinates": [ [ 26.357, 78.6101 ], [ 26.4782, 78.6672 ] ] } },
{ "type": "Feature", "properties": { "Layer": "Layer 1" }, "geometry": { "type": "LineString", "coordinates": [ [ 26.4782, 78.6672 ], [ 26.496, 78.7171 ] ] } },
{ "type": "Feature", "properties": { "Layer": "Layer 1" }, "geometry": { "type": "LineString", "coordinates": [ [ 26.496, 78.7171 ], [ 26.6386, 78.7991 ] ] } },
{ "type": "Feature", "properties": { "Layer": "Layer 1" }, "geometry": { "type": "LineString", "coordinates": [ [ 26.6386, 78.7991 ], [ 26.7741, 78.8098 ] ] } },
{ "type": "Feature", "properties": { "Layer": "Layer 1" }, "geometry": { "type": "LineString", "coordinates": [ [ 26.7741, 78.8098 ], [ 26.931, 78.767 ] ] } },
{ "type": "Feature", "properties": { "Layer": "Layer 1" }, "geometry": { "type": "LineString", "coordinates": [ [ 26.931, 78.767 ], [ 26.9096, 78.6101 ] ] } },
{ "type": "Feature", "properties": { "Layer": "Layer 1" }, "geometry": { "type": "LineString", "coordinates": [ [ 26.9096, 78.6101 ], [ 27.3088, 78.66 ] ] } },
{ "type": "Feature", "properties": { "Layer": "Layer 1" }, "geometry": { "type": "LineString", "coordinates": [ [ 27.3088, 78.66 ], [ 27.6332, 78.7527 ] ] } },
{ "type": "Feature", "properties": { "Layer": "Layer 1" }, "geometry": { "type": "LineString", "coordinates": [ [ 27.6332, 78.7527 ], [ 27.7402, 78.8026 ] ] } },
{ "type": "Feature", "properties": { "Layer": "Layer 1" }, "geometry": { "type": "LineString", "coordinates": [ [ 27.7402, 78.8026 ], [ 27.7545, 78.8311 ] ] } },
{ "type": "Feature", "properties": { "Layer": "Layer 1" }, "geometry": { "type": "LineString", "coordinates": [ [ 27.7545, 78.8311 ], [ 27.7117, 78.8062 ] ] } },
{ "type": "Feature", "properties": { "Layer": "Layer 1" }, "geometry": { "type": "LineString", "coordinates": [ [ 27.7117, 78.8062 ], [ 27.5085, 78.6885 ] ] } },
{ "type": "Feature", "properties": { "Layer": "Layer 1" }, "geometry": { "type": "LineString", "coordinates": [ [ 27.5085, 78.6885 ], [ 27.5655, 78.7028 ] ] } },
{ "type": "Feature", "properties": { "Layer": "Layer 1" }, "geometry": { "type": "LineString", "coordinates": [ [ 27.5655, 78.7028 ], [ 27.5691, 78.6921 ] ] } },
{ "type": "Feature", "properties": { "Layer": "Layer 1" }, "geometry": { "type": "LineString", "coordinates": [ [ 27.5691, 78.6921 ], [ 27.5477, 78.767 ] ] } },
{ "type": "Feature", "properties": { "Layer": "Layer 1" }, "geometry": { "type": "LineString", "coordinates": [ [ 27.5477, 78.767 ], [ 27.5726, 78.767 ] ] } },
{ "type": "Feature", "properties": { "Layer": "Layer 1" }, "geometry": { "type": "LineString", "coordinates": [ [ 27.5726, 78.767 ], [ 27.7295, 78.8276 ] ] } },
{ "type": "Feature", "properties": { "Layer": "Layer 1" }, "geometry": { "type": "LineString", "coordinates": [ [ 27.7295, 78.8276 ], [ 28.0468, 78.8383 ] ] } },
{ "type": "Feature", "properties": { "Layer": "Layer 1" }, "geometry": { "type": "LineString", "coordinates": [ [ 28.0468, 78.8383 ], [ 28.4567, 78.8525 ] ] } },
{ "type": "Feature", "properties": { "Layer": "Layer 1" }, "geometry": { "type": "LineString", "coordinates": [ [ 28.4567, 78.8525 ], [ 28.7134, 78.9131 ] ] } },
{ "type": "Feature", "properties": { "Layer": "Layer 1" }, "geometry": { "type": "LineString", "coordinates": [ [ 28.7134, 78.9131 ], [ 29.3266, 79.1769 ] ] } },
{ "type": "Feature", "properties": { "Layer": "Layer 1" }, "geometry": { "type": "LineString", "coordinates": [ [ 29.3266, 79.1769 ], [ 29.5262, 79.127 ] ] } },
{ "type": "Feature", "properties": { "Layer": "Layer 1" }, "geometry": { "type": "LineString", "coordinates": [ [ 29.5262, 79.127 ], [ 29.6546, 79.0807 ] ] } },
{ "type": "Feature", "properties": { "Layer": "Layer 1" }, "geometry": { "type": "LineString", "coordinates": [ [ 29.6546, 79.0807 ], [ 29.9754, 79.0379 ] ] } },
{ "type": "Feature", "properties": { "Layer": "Layer 1" }, "geometry": { "type": "LineString", "coordinates": [ [ 29.9754, 79.0379 ], [ 30.257, 79.0807 ] ] } },
{ "type": "Feature", "properties": { "Layer": "Layer 1" }, "geometry": { "type": "LineString", "coordinates": [ [ 30.257, 79.0807 ], [ 30.5493, 79.1092 ] ] } },
{ "type": "Feature", "properties": { "Layer": "Layer 1" }, "geometry": { "type": "LineString", "coordinates": [ [ 30.5493, 79.1092 ], [ 30.7026, 79.1484 ] ] } },
{ "type": "Feature", "properties": { "Layer": "Layer 1" }, "geometry": { "type": "LineString", "coordinates": [ [ 30.7026, 79.1484 ], [ 30.7561, 79.1449 ] ] } },
{ "type": "Feature", "properties": { "Layer": "Layer 1" }, "geometry": { "type": "LineString", "coordinates": [ [ 30.7561, 79.1449 ], [ 30.9843, 79.2162 ] ] } },
{ "type": "Feature", "properties": { "Layer": "Layer 1" }, "geometry": { "type": "LineString", "coordinates": [ [ 30.9843, 79.2162 ], [ 31.216, 79.2768 ] ] } },
{ "type": "Feature", "properties": { "Layer": "Layer 1" }, "geometry": { "type": "LineString", "coordinates": [ [ 31.216, 79.2768 ], [ 31.3978, 79.3445 ] ] } },
{ "type": "Feature", "properties": { "Layer": "Layer 1" }, "geometry": { "type": "LineString", "coordinates": [ [ 31.3978, 79.3445 ], [ 31.5582, 79.3623 ] ] } },
{ "type": "Feature", "properties": { "Layer": "Layer 1" }, "geometry": { "type": "LineString", "coordinates": [ [ 31.5582, 79.3623 ], [ 31.6509, 79.3088 ] ] } },
{ "type": "Feature", "properties": { "Layer": "Layer 1" }, "geometry": { "type": "LineString", "coordinates": [ [ 31.6509, 79.3088 ], [ 31.9682, 79.4015 ] ] } },
{ "type": "Feature", "properties": { "Layer": "Layer 1" }, "geometry": { "type": "LineString", "coordinates": [ [ 31.9682, 79.4015 ], [ 32.8238, 79.5441 ] ] } },
{ "type": "Feature", "properties": { "Layer": "Layer 1" }, "geometry": { "type": "LineString", "coordinates": [ [ 32.8238, 79.5441 ], [ 33.0733, 79.6511 ] ] } },
{ "type": "Feature", "properties": { "Layer": "Layer 1" }, "geometry": { "type": "LineString", "coordinates": [ [ 33.0733, 79.6511 ], [ 33.9538, 79.6974 ] ] } },
{ "type": "Feature", "properties": { "Layer": "Layer 1" }, "geometry": { "type": "LineString", "coordinates": [ [ 33.9538, 79.6974 ], [ 34.1713, 79.6546 ] ] } },
{ "type": "Feature", "properties": { "Layer": "Layer 1" }, "geometry": { "type": "LineString", "coordinates": [ [ 34.1713, 79.6546 ], [ 34.4636, 79.6689 ] ] } },
{ "type": "Feature", "properties": { "Layer": "Layer 1" }, "geometry": { "type": "LineString", "coordinates": [ [ 34.4636, 79.6689 ], [ 34.5955, 79.7616 ] ] } },
{ "type": "Feature", "properties": { "Layer": "Layer 1" }, "geometry": { "type": "LineString", "coordinates": [ [ 34.5955, 79.7616 ], [ 34.7132, 79.8044 ] ] } },
{ "type": "Feature", "properties": { "Layer": "Layer 1" }, "geometry": { "type": "LineString", "coordinates": [ [ 34.7132, 79.8044 ], [ 34.7203, 79.783 ] ] } },
{ "type": "Feature", "properties": { "Layer": "Layer 1" }, "geometry": { "type": "LineString", "coordinates": [ [ 34.7203, 79.783 ], [ 34.7203, 79.7723 ] ] } },
{ "type": "Feature", "properties": { "Layer": "Layer 1" }, "geometry": { "type": "LineString", "coordinates": [ [ 34.7203, 79.7723 ], [ 34.6953, 79.8721 ] ] } },
{ "type": "Feature", "properties": { "Layer": "Layer 1" }, "geometry": { "type": "LineString", "coordinates": [ [ 34.6953, 79.8721 ], [ 34.7381, 79.8614 ] ] } },
{ "type": "Feature", "properties": { "Layer": "Layer 1" }, "geometry": { "type": "LineString", "coordinates": [ [ 34.7381, 79.8614 ], [ 34.9199, 79.9042 ] ] } },
{ "type": "Feature", "properties": { "Layer": "Layer 1" }, "geometry": { "type": "LineString", "coordinates": [ [ 34.9199, 79.9042 ], [ 35.0946, 79.8864 ] ] } },
{ "type": "Feature", "properties": { "Layer": "Layer 1" }, "geometry": { "type": "LineString", "coordinates": [ [ 35.0946, 79.8864 ], [ 35.2978, 79.9256 ] ] } },
{ "type": "Feature", "properties": { "Layer": "Layer 1" }, "geometry": { "type": "LineString", "coordinates": [ [ 35.2978, 79.9256 ], [ 35.3869, 79.9577 ] ] } },
{ "type": "Feature", "properties": { "Layer": "Layer 1" }, "geometry": { "type": "LineString", "coordinates": [ [ 35.3869, 79.9577 ], [ 35.5153, 79.947 ] ] } },
{ "type": "Feature", "properties": { "Layer": "Layer 1" }, "geometry": { "type": "LineString", "coordinates": [ [ 35.5153, 79.947 ], [ 36.2532, 80.0254 ] ] } },
{ "type": "Feature", "properties": { "Layer": "Layer 1" }, "geometry": { "type": "LineString", "coordinates": [ [ 36.2532, 80.0254 ], [ 36.4778, 80.1323 ] ] } },
{ "type": "Feature", "properties": { "Layer": "Layer 1" }, "geometry": { "type": "LineString", "coordinates": [ [ 36.4778, 80.1323 ], [ 36.5598, 80.143 ] ] } },
{ "type": "Feature", "properties": { "Layer": "Layer 1" }, "geometry": { "type": "LineString", "coordinates": [ [ 36.5598, 80.143 ], [ 36.6061, 80.1858 ] ] } },
{ "type": "Feature", "properties": { "Layer": "Layer 1" }, "geometry": { "type": "LineString", "coordinates": [ [ 36.6061, 80.1858 ], [ 36.7452, 80.2215 ] ] } },
{ "type": "Feature", "properties": { "Layer": "Layer 1" }, "geometry": { "type": "LineString", "coordinates": [ [ 36.7452, 80.2215 ], [ 36.7986, 80.2464 ] ] } },
{ "type": "Feature", "properties": { "Layer": "Layer 1" }, "geometry": { "type": "LineString", "coordinates": [ [ 36.7986, 80.2464 ], [ 37.1159, 80.2179 ] ] } },
{ "type": "Feature", "properties": { "Layer": "Layer 1" }, "geometry": { "type": "LineString", "coordinates": [ [ 37.1159, 80.2179 ], [ 37.2835, 80.2642 ] ] } },
{ "type": "Feature", "properties": { "Layer": "Layer 1" }, "geometry": { "type": "LineString", "coordinates": [ [ 37.2835, 80.2642 ], [ 37.3619, 80.3213 ] ] } },
{ "type": "Feature", "properties": { "Layer": "Layer 1" }, "geometry": { "type": "LineString", "coordinates": [ [ 37.3619, 80.3213 ], [ 37.8182, 80.3854 ] ] } },
{ "type": "Feature", "properties": { "Layer": "Layer 1" }, "geometry": { "type": "LineString", "coordinates": [ [ 37.8182, 80.3854 ], [ 38.2816, 80.4532 ] ] } },
{ "type": "Feature", "properties": { "Layer": "Layer 1" }, "geometry": { "type": "LineString", "coordinates": [ [ 38.2816, 80.4532 ], [ 38.4777, 80.5494 ] ] } },
{ "type": "Feature", "properties": { "Layer": "Layer 1" }, "geometry": { "type": "LineString", "coordinates": [ [ 38.4777, 80.5494 ], [ 38.8592, 80.6279 ] ] } },
{ "type": "Feature", "properties": { "Layer": "Layer 1" }, "geometry": { "type": "LineString", "coordinates": [ [ 38.8592, 80.6279 ], [ 39.2549, 80.6172 ] ] } },
{ "type": "Feature", "properties": { "Layer": "Layer 1" }, "geometry": { "type": "LineString", "coordinates": [ [ 39.2549, 80.6172 ], [ 39.5187, 80.6813 ] ] } },
{ "type": "Feature", "properties": { "Layer": "Layer 1" }, "geometry": { "type": "LineString", "coordinates": [ [ 39.5187, 80.6813 ], [ 40.0534, 80.8667 ] ] } },
{ "type": "Feature", "properties": { "Layer": "Layer 1" }, "geometry": { "type": "LineString", "coordinates": [ [ 40.0534, 80.8667 ], [ 40.2673, 80.8667 ] ] } },
{ "type": "Feature", "properties": { "Layer": "Layer 1" }, "geometry": { "type": "LineString", "coordinates": [ [ 40.2673, 80.8667 ], [ 40.3956, 80.8667 ] ] } },
{ "type": "Feature", "properties": { "Layer": "Layer 1" }, "geometry": { "type": "LineString", "coordinates": [ [ 40.3956, 80.8667 ], [ 40.7058, 80.8204 ] ] } },
{ "type": "Feature", "properties": { "Layer": "Layer 1" }, "geometry": { "type": "LineString", "coordinates": [ [ 40.7058, 80.8204 ], [ 40.8448, 80.881 ] ] } },
{ "type": "Feature", "properties": { "Layer": "Layer 1" }, "geometry": { "type": "LineString", "coordinates": [ [ 40.8448, 80.881 ], [ 40.9054, 80.8917 ] ] } },
{ "type": "Feature", "properties": { "Layer": "Layer 1" }, "geometry": { "type": "LineString", "coordinates": [ [ 40.9054, 80.8917 ], [ 41.0516, 80.9665 ] ] } },
{ "type": "Feature", "properties": { "Layer": "Layer 1" }, "geometry": { "type": "LineString", "coordinates": [ [ 41.0516, 80.9665 ], [ 41.155, 81.0557 ] ] } },
{ "type": "Feature", "properties": { "Layer": "Layer 1" }, "geometry": { "type": "LineString", "coordinates": [ [ 41.155, 81.0557 ], [ 41.3368, 81.1555 ] ] } },
{ "type": "Feature", "properties": { "Layer": "Layer 1" }, "geometry": { "type": "LineString", "coordinates": [ [ 41.3368, 81.1555 ], [ 41.4402, 81.1341 ] ] } },
{ "type": "Feature", "properties": { "Layer": "Layer 1" }, "geometry": { "type": "LineString", "coordinates": [ [ 41.4402, 81.1341 ], [ 41.6719, 81.2125 ] ] } },
{ "type": "Feature", "properties": { "Layer": "Layer 1" }, "geometry": { "type": "LineString", "coordinates": [ [ 41.6719, 81.2125 ], [ 42.3064, 81.2945 ] ] } },
{ "type": "Feature", "properties": { "Layer": "Layer 1" }, "geometry": { "type": "LineString", "coordinates": [ [ 42.3064, 81.2945 ], [ 42.6986, 81.3694 ] ] } },
{ "type": "Feature", "properties": { "Layer": "Layer 1" }, "geometry": { "type": "LineString", "coordinates": [ [ 42.6986, 81.3694 ], [ 42.8162, 81.3979 ] ] } },
{ "type": "Feature", "properties": { "Layer": "Layer 1" }, "geometry": { "type": "LineString", "coordinates": [ [ 42.8162, 81.3979 ], [ 42.9624, 81.4407 ] ] } },
{ "type": "Feature", "properties": { "Layer": "Layer 1" }, "geometry": { "type": "LineString", "coordinates": [ [ 42.9624, 81.4407 ], [ 43.6254, 81.6046 ] ] } },
{ "type": "Feature", "properties": { "Layer": "Layer 1" }, "geometry": { "type": "LineString", "coordinates": [ [ 43.6254, 81.6046 ], [ 44.2636, 81.7366 ] ] } },
{ "type": "Feature", "properties": { "Layer": "Layer 1" }, "geometry": { "type": "LineString", "coordinates": [ [ 44.2636, 81.7366 ], [ 44.4169, 81.7829 ] ] } },
{ "type": "Feature", "properties": { "Layer": "Layer 1" }, "geometry": { "type": "LineString", "coordinates": [ [ 44.4169, 81.7829 ], [ 45.1548, 81.8578 ] ] } },
{ "type": "Feature", "properties": { "Layer": "Layer 1" }, "geometry": { "type": "LineString", "coordinates": [ [ 45.1548, 81.8578 ], [ 45.579, 81.8827 ] ] } },
{ "type": "Feature", "properties": { "Layer": "Layer 1" }, "geometry": { "type": "LineString", "coordinates": [ [ 45.579, 81.8827 ], [ 46.8018, 82.1501 ] ] } },
{ "type": "Feature", "properties": { "Layer": "Layer 1" }, "geometry": { "type": "LineString", "coordinates": [ [ 46.8018, 82.1501 ], [ 46.9337, 82.2356 ] ] } },
{ "type": "Feature", "properties": { "Layer": "Layer 1" }, "geometry": { "type": "LineString", "coordinates": [ [ 46.9337, 82.2356 ], [ 47.4114, 82.3141 ] ] } },
{ "type": "Feature", "properties": { "Layer": "Layer 1" }, "geometry": { "type": "LineString", "coordinates": [ [ 47.4114, 82.3141 ], [ 47.6752, 82.3711 ] ] } },
{ "type": "Feature", "properties": { "Layer": "Layer 1" }, "geometry": { "type": "LineString", "coordinates": [ [ 47.6752, 82.3711 ], [ 47.9176, 82.4531 ] ] } },
{ "type": "Feature", "properties": { "Layer": "Layer 1" }, "geometry": { "type": "LineString", "coordinates": [ [ 47.9176, 82.4531 ], [ 47.9853, 82.4567 ] ] } },
{ "type": "Feature", "properties": { "Layer": "Layer 1" }, "geometry": { "type": "LineString", "coordinates": [ [ 47.9853, 82.4567 ], [ 48.2777, 82.5422 ] ] } },
{ "type": "Feature", "properties": { "Layer": "Layer 1" }, "geometry": { "type": "LineString", "coordinates": [ [ 48.2777, 82.5422 ], [ 48.3668, 82.5636 ] ] } },
{ "type": "Feature", "properties": { "Layer": "Layer 1" }, "geometry": { "type": "LineString", "coordinates": [ [ 48.3668, 82.5636 ], [ 48.4167, 82.5993 ] ] } },
{ "type": "Feature", "properties": { "Layer": "Layer 1" }, "geometry": { "type": "LineString", "coordinates": [ [ 48.4167, 82.5993 ], [ 48.5807, 82.6313 ] ] } },
{ "type": "Feature", "properties": { "Layer": "Layer 1" }, "geometry": { "type": "LineString", "coordinates": [ [ 48.5807, 82.6313 ], [ 49.2544, 82.5886 ] ] } },
{ "type": "Feature", "properties": { "Layer": "Layer 1" }, "geometry": { "type": "LineString", "coordinates": [ [ 49.2544, 82.5886 ], [ 49.365, 82.5707 ] ] } },
{ "type": "Feature", "properties": { "Layer": "Layer 1" }, "geometry": { "type": "LineString", "coordinates": [ [ 49.365, 82.5707 ], [ 50.0066, 82.7347 ] ] } },
{ "type": "Feature", "properties": { "Layer": "Layer 1" }, "geometry": { "type": "LineString", "coordinates": [ [ 50.0066, 82.7347 ], [ 50.2384, 82.7739 ] ] } },
{ "type": "Feature", "properties": { "Layer": "Layer 1" }, "geometry": { "type": "LineString", "coordinates": [ [ 50.2384, 82.7739 ], [ 50.9549, 82.9522 ] ] } },
{ "type": "Feature", "properties": { "Layer": "Layer 1" }, "geometry": { "type": "LineString", "coordinates": [ [ 50.9549, 82.9522 ], [ 51.2116, 82.9914 ] ] } },
{ "type": "Feature", "properties": { "Layer": "Layer 1" }, "geometry": { "type": "LineString", "coordinates": [ [ 51.2116, 82.9914 ], [ 51.5003, 83.0164 ] ] } },
{ "type": "Feature", "properties": { "Layer": "Layer 1" }, "geometry": { "type": "LineString", "coordinates": [ [ 51.5003, 83.0164 ], [ 51.6857, 83.0983 ] ] } },
{ "type": "Feature", "properties": { "Layer": "Layer 1" }, "geometry": { "type": "LineString", "coordinates": [ [ 51.6857, 83.0983 ], [ 51.8996, 83.1661 ] ] } },
{ "type": "Feature", "properties": { "Layer": "Layer 1" }, "geometry": { "type": "LineString", "coordinates": [ [ 51.8996, 83.1661 ], [ 52.0351, 83.1447 ] ] } },
{ "type": "Feature", "properties": { "Layer": "Layer 1" }, "geometry": { "type": "LineString", "coordinates": [ [ 52.0351, 83.1447 ], [ 52.1385, 83.1055 ] ] } },
{ "type": "Feature", "properties": { "Layer": "Layer 1" }, "geometry": { "type": "LineString", "coordinates": [ [ 52.1385, 83.1055 ], [ 52.5092, 83.2409 ] ] } },
{ "type": "Feature", "properties": { "Layer": "Layer 1" }, "geometry": { "type": "LineString", "coordinates": [ [ 52.5092, 83.2409 ], [ 52.5769, 83.2695 ] ] } },
{ "type": "Feature", "properties": { "Layer": "Layer 1" }, "geometry": { "type": "LineString", "coordinates": [ [ 52.5769, 83.2695 ], [ 52.8907, 83.2267 ] ] } },
{ "type": "Feature", "properties": { "Layer": "Layer 1" }, "geometry": { "type": "LineString", "coordinates": [ [ 52.8907, 83.2267 ], [ 53.1723, 83.2089 ] ] } },
{ "type": "Feature", "properties": { "Layer": "Layer 1" }, "geometry": { "type": "LineString", "coordinates": [ [ 53.1723, 83.2089 ], [ 53.5537, 83.3229 ] ] } },
{ "type": "Feature", "properties": { "Layer": "Layer 1" }, "geometry": { "type": "LineString", "coordinates": [ [ 53.5537, 83.3229 ], [ 53.7569, 83.3301 ] ] } },
{ "type": "Feature", "properties": { "Layer": "Layer 1" }, "geometry": { "type": "LineString", "coordinates": [ [ 53.7569, 83.3301 ], [ 53.9352, 83.3871 ] ] } },
{ "type": "Feature", "properties": { "Layer": "Layer 1" }, "geometry": { "type": "LineString", "coordinates": [ [ 53.9352, 83.3871 ], [ 54.2239, 83.5404 ] ] } },
{ "type": "Feature", "properties": { "Layer": "Layer 1" }, "geometry": { "type": "LineString", "coordinates": [ [ 54.2239, 83.5404 ], [ 54.7801, 83.6723 ] ] } },
{ "type": "Feature", "properties": { "Layer": "Layer 1" }, "geometry": { "type": "LineString", "coordinates": [ [ 54.7801, 83.6723 ], [ 54.8228, 83.7151 ] ] } },
{ "type": "Feature", "properties": { "Layer": "Layer 1" }, "geometry": { "type": "LineString", "coordinates": [ [ 54.8228, 83.7151 ], [ 54.969, 83.7757 ] ] } },
{ "type": "Feature", "properties": { "Layer": "Layer 1" }, "geometry": { "type": "LineString", "coordinates": [ [ 54.969, 83.7757 ], [ 55.0118, 83.8969 ] ] } },
{ "type": "Feature", "properties": { "Layer": "Layer 1" }, "geometry": { "type": "LineString", "coordinates": [ [ 55.0118, 83.8969 ], [ 55.2364, 84.0038 ] ] } },
{ "type": "Feature", "properties": { "Layer": "Layer 1" }, "geometry": { "type": "LineString", "coordinates": [ [ 55.2364, 84.0038 ], [ 55.3576, 84.0252 ] ] } },
{ "type": "Feature", "properties": { "Layer": "Layer 1" }, "geometry": { "type": "LineString", "coordinates": [ [ 55.3576, 84.0252 ], [ 55.518, 84.0038 ] ] } },
{ "type": "Feature", "properties": { "Layer": "Layer 1" }, "geometry": { "type": "LineString", "coordinates": [ [ 55.518, 84.0038 ], [ 55.8353, 83.9432 ] ] } },
{ "type": "Feature", "properties": { "Layer": "Layer 1" }, "geometry": { "type": "LineString", "coordinates": [ [ 55.8353, 83.9432 ], [ 56.2167, 84.011 ] ] } },
{ "type": "Feature", "properties": { "Layer": "Layer 1" }, "geometry": { "type": "LineString", "coordinates": [ [ 56.2167, 84.011 ], [ 56.3094, 84.0003 ] ] } },
{ "type": "Feature", "properties": { "Layer": "Layer 1" }, "geometry": { "type": "LineString", "coordinates": [ [ 56.3094, 84.0003 ], [ 56.6588, 84.1037 ] ] } },
{ "type": "Feature", "properties": { "Layer": "Layer 1" }, "geometry": { "type": "LineString", "coordinates": [ [ 56.6588, 84.1037 ], [ 56.9939, 84.0324 ] ] } },
{ "type": "Feature", "properties": { "Layer": "Layer 1" }, "geometry": { "type": "LineString", "coordinates": [ [ 56.9939, 84.0324 ], [ 57.0188, 84.0395 ] ] } },
{ "type": "Feature", "properties": { "Layer": "Layer 1" }, "geometry": { "type": "LineString", "coordinates": [ [ 57.0188, 84.0395 ], [ 57.3432, 83.9575 ] ] } },
{ "type": "Feature", "properties": { "Layer": "Layer 1" }, "geometry": { "type": "LineString", "coordinates": [ [ 57.3432, 83.9575 ], [ 57.4573, 84.0395 ] ] } },
{ "type": "Feature", "properties": { "Layer": "Layer 1" }, "geometry": { "type": "LineString", "coordinates": [ [ 57.4573, 84.0395 ], [ 57.525, 84.1215 ] ] } },
{ "type": "Feature", "properties": { "Layer": "Layer 1" }, "geometry": { "type": "LineString", "coordinates": [ [ 57.525, 84.1215 ], [ 58.099, 84.3389 ] ] } },
{ "type": "Feature", "properties": { "Layer": "Layer 1" }, "geometry": { "type": "LineString", "coordinates": [ [ 58.099, 84.3389 ], [ 58.3557, 84.3995 ] ] } },
{ "type": "Feature", "properties": { "Layer": "Layer 1" }, "geometry": { "type": "LineString", "coordinates": [ [ 58.3557, 84.3995 ], [ 58.5232, 84.4245 ] ] } },
{ "type": "Feature", "properties": { "Layer": "Layer 1" }, "geometry": { "type": "LineString", "coordinates": [ [ 58.5232, 84.4245 ], [ 58.8655, 84.4744 ] ] } },
{ "type": "Feature", "properties": { "Layer": "Layer 1" }, "geometry": { "type": "LineString", "coordinates": [ [ 58.8655, 84.4744 ], [ 58.9653, 84.4566 ] ] } },
{ "type": "Feature", "properties": { "Layer": "Layer 1" }, "geometry": { "type": "LineString", "coordinates": [ [ 58.9653, 84.4566 ], [ 59.0722, 84.478 ] ] } },
{ "type": "Feature", "properties": { "Layer": "Layer 1" }, "geometry": { "type": "LineString", "coordinates": [ [ 59.0722, 84.478 ], [ 59.2932, 84.4423 ] ] } },
{ "type": "Feature", "properties": { "Layer": "Layer 1" }, "geometry": { "type": "LineString", "coordinates": [ [ 59.2932, 84.4423 ], [ 59.9813, 84.5992 ] ] } },
{ "type": "Feature", "properties": { "Layer": "Layer 1" }, "geometry": { "type": "LineString", "coordinates": [ [ 59.9813, 84.5992 ], [ 60.2415, 84.6206 ] ] } },
{ "type": "Feature", "properties": { "Layer": "Layer 1" }, "geometry": { "type": "LineString", "coordinates": [ [ 60.2415, 84.6206 ], [ 60.3556, 84.6633 ] ] } },
{ "type": "Feature", "properties": { "Layer": "Layer 1" }, "geometry": { "type": "LineString", "coordinates": [ [ 60.3556, 84.6633 ], [ 60.5338, 84.6063 ] ] } },
{ "type": "Feature", "properties": { "Layer": "Layer 1" }, "geometry": { "type": "LineString", "coordinates": [ [ 60.5338, 84.6063 ], [ 60.6194, 84.5528 ] ] } },
{ "type": "Feature", "properties": { "Layer": "Layer 1" }, "geometry": { "type": "LineString", "coordinates": [ [ 60.6194, 84.5528 ], [ 60.6194, 84.5778 ] ] } },
{ "type": "Feature", "properties": { "Layer": "Layer 1" }, "geometry": { "type": "LineString", "coordinates": [ [ 60.6194, 84.5778 ], [ 60.6265, 84.7026 ] ] } },
{ "type": "Feature", "properties": { "Layer": "Layer 1" }, "geometry": { "type": "LineString", "coordinates": [ [ 60.6265, 84.7026 ], [ 60.7513, 84.781 ] ] } },
{ "type": "Feature", "properties": { "Layer": "Layer 1" }, "geometry": { "type": "LineString", "coordinates": [ [ 60.7513, 84.781 ], [ 61.3752, 84.9414 ] ] } },
{ "type": "Feature", "properties": { "Layer": "Layer 1" }, "geometry": { "type": "LineString", "coordinates": [ [ 61.3752, 84.9414 ], [ 61.4358, 84.945 ] ] } },
{ "type": "Feature", "properties": { "Layer": "Layer 1" }, "geometry": { "type": "LineString", "coordinates": [ [ 61.4358, 84.945 ], [ 61.6069, 85.0305 ] ] } },
{ "type": "Feature", "properties": { "Layer": "Layer 1" }, "geometry": { "type": "LineString", "coordinates": [ [ 61.6069, 85.0305 ], [ 62.1666, 85.0804 ] ] } },
{ "type": "Feature", "properties": { "Layer": "Layer 1" }, "geometry": { "type": "LineString", "coordinates": [ [ 62.1666, 85.0804 ], [ 62.3484, 85.1553 ] ] } },
{ "type": "Feature", "properties": { "Layer": "Layer 1" }, "geometry": { "type": "LineString", "coordinates": [ [ 62.3484, 85.1553 ], [ 62.4838, 85.1945 ] ] } },
{ "type": "Feature", "properties": { "Layer": "Layer 1" }, "geometry": { "type": "LineString", "coordinates": [ [ 62.4838, 85.1945 ], [ 62.5516, 85.2266 ] ] } },
{ "type": "Feature", "properties": { "Layer": "Layer 1" }, "geometry": { "type": "LineString", "coordinates": [ [ 62.5516, 85.2266 ], [ 62.6443, 85.305 ] ] } },
{ "type": "Feature", "properties": { "Layer": "Layer 1" }, "geometry": { "type": "LineString", "coordinates": [ [ 62.6443, 85.305 ], [ 62.7797, 85.2801 ] ] } },
{ "type": "Feature", "properties": { "Layer": "Layer 1" }, "geometry": { "type": "LineString", "coordinates": [ [ 62.7797, 85.2801 ], [ 63.0079, 85.1945 ] ] } },
{ "type": "Feature", "properties": { "Layer": "Layer 1" }, "geometry": { "type": "LineString", "coordinates": [ [ 63.0079, 85.1945 ], [ 63.3073, 85.1696 ] ] } },
{ "type": "Feature", "properties": { "Layer": "Layer 1" }, "geometry": { "type": "LineString", "coordinates": [ [ 63.3073, 85.1696 ], [ 63.5355, 85.1624 ] ] } },
{ "type": "Feature", "properties": { "Layer": "Layer 1" }, "geometry": { "type": "LineString", "coordinates": [ [ 63.5355, 85.1624 ], [ 63.8385, 85.2658 ] ] } },
{ "type": "Feature", "properties": { "Layer": "Layer 1" }, "geometry": { "type": "LineString", "coordinates": [ [ 63.8385, 85.2658 ], [ 63.9312, 85.3335 ] ] } },
{ "type": "Feature", "properties": { "Layer": "Layer 1" }, "geometry": { "type": "LineString", "coordinates": [ [ 63.9312, 85.3335 ], [ 63.9134, 85.2337 ] ] } },
{ "type": "Feature", "properties": { "Layer": "Layer 1" }, "geometry": { "type": "LineString", "coordinates": [ [ 63.9134, 85.2337 ], [ 63.9597, 85.1696 ] ] } },
{ "type": "Feature", "properties": { "Layer": "Layer 1" }, "geometry": { "type": "LineString", "coordinates": [ [ 63.9597, 85.1696 ], [ 63.9562, 85.0911 ] ] } },
{ "type": "Feature", "properties": { "Layer": "Layer 1" }, "geometry": { "type": "LineString", "coordinates": [ [ 63.9562, 85.0911 ], [ 64.031, 85.0091 ] ] } },
{ "type": "Feature", "properties": { "Layer": "Layer 1" }, "geometry": { "type": "LineString", "coordinates": [ [ 64.031, 85.0091 ], [ 64.113, 85.0091 ] ] } },
{ "type": "Feature", "properties": { "Layer": "Layer 1" }, "geometry": { "type": "LineString", "coordinates": [ [ 64.113, 85.0091 ], [ 64.056, 85.0163 ] ] } },
{ "type": "Feature", "properties": { "Layer": "Layer 1" }, "geometry": { "type": "LineString", "coordinates": [ [ 64.056, 85.0163 ], [ 64.0774, 84.7453 ] ] } },
{ "type": "Feature", "properties": { "Layer": "Layer 1" }, "geometry": { "type": "LineString", "coordinates": [ [ 64.0774, 84.7453 ], [ 64.0809, 84.699 ] ] } },
{ "type": "Feature", "properties": { "Layer": "Layer 1" }, "geometry": { "type": "LineString", "coordinates": [ [ 64.0809, 84.699 ], [ 64.0631, 84.9058 ] ] } },
{ "type": "Feature", "properties": { "Layer": "Layer 1" }, "geometry": { "type": "LineString", "coordinates": [ [ 64.0631, 84.9058 ], [ 64.0488, 84.9771 ] ] } },
{ "type": "Feature", "properties": { "Layer": "Layer 1" }, "geometry": { "type": "LineString", "coordinates": [ [ 64.0488, 84.9771 ], [ 64.0631, 84.8024 ] ] } },
{ "type": "Feature", "properties": { "Layer": "Layer 1" }, "geometry": { "type": "LineString", "coordinates": [ [ 64.0631, 84.8024 ], [ 64.0346, 84.838 ] ] } },
{ "type": "Feature", "properties": { "Layer": "Layer 1" }, "geometry": { "type": "LineString", "coordinates": [ [ 64.0346, 84.838 ], [ 64.0346, 84.7988 ] ] } },
{ "type": "Feature", "properties": { "Layer": "Layer 1" }, "geometry": { "type": "LineString", "coordinates": [ [ 64.0346, 84.7988 ], [ 64.0774, 84.7525 ] ] } },
{ "type": "Feature", "properties": { "Layer": "Layer 1" }, "geometry": { "type": "LineString", "coordinates": [ [ 64.0774, 84.7525 ], [ 64.0631, 84.8024 ] ] } },
{ "type": "Feature", "properties": { "Layer": "Layer 1" }, "geometry": { "type": "LineString", "coordinates": [ [ 64.0631, 84.8024 ], [ 64.0239, 84.9806 ] ] } },
{ "type": "Feature", "properties": { "Layer": "Layer 1" }, "geometry": { "type": "LineString", "coordinates": [ [ 64.0239, 84.9806 ], [ 64.0809, 84.8665 ] ] } },
{ "type": "Feature", "properties": { "Layer": "Layer 1" }, "geometry": { "type": "LineString", "coordinates": [ [ 64.0809, 84.8665 ], [ 64.0845, 84.8737 ] ] } },
{ "type": "Feature", "properties": { "Layer": "Layer 1" }, "geometry": { "type": "LineString", "coordinates": [ [ 64.0845, 84.8737 ], [ 64.1308, 84.7346 ] ] } },
{ "type": "Feature", "properties": { "Layer": "Layer 1" }, "geometry": { "type": "LineString", "coordinates": [ [ 64.1308, 84.7346 ], [ 64.113, 84.7881 ] ] } },
{ "type": "Feature", "properties": { "Layer": "Layer 1" }, "geometry": { "type": "LineString", "coordinates": [ [ 64.113, 84.7881 ], [ 64.1594, 84.6562 ] ] } },
{ "type": "Feature", "properties": { "Layer": "Layer 1" }, "geometry": { "type": "LineString", "coordinates": [ [ 64.1594, 84.6562 ], [ 64.1807, 84.6206 ] ] } },
{ "type": "Feature", "properties": { "Layer": "Layer 1" }, "geometry": { "type": "LineString", "coordinates": [ [ 64.1807, 84.6206 ], [ 64.1594, 84.7239 ] ] } },
{ "type": "Feature", "properties": { "Layer": "Layer 1" }, "geometry": { "type": "LineString", "coordinates": [ [ 64.1594, 84.7239 ], [ 64.1879, 84.6313 ] ] } },
{ "type": "Feature", "properties": { "Layer": "Layer 1" }, "geometry": { "type": "LineString", "coordinates": [ [ 64.1879, 84.6313 ], [ 64.1237, 84.7596 ] ] } },
{ "type": "Feature", "properties": { "Layer": "Layer 1" }, "geometry": { "type": "LineString", "coordinates": [ [ 64.1237, 84.7596 ], [ 64.1201, 84.7311 ] ] } },
{ "type": "Feature", "properties": { "Layer": "Layer 1" }, "geometry": { "type": "LineString", "coordinates": [ [ 64.1201, 84.7311 ], [ 64.1451, 84.6455 ] ] } },
{ "type": "Feature", "properties": { "Layer": "Layer 1" }, "geometry": { "type": "LineString", "coordinates": [ [ 64.1451, 84.6455 ], [ 64.0916, 84.838 ] ] } },
{ "type": "Feature", "properties": { "Layer": "Layer 1" }, "geometry": { "type": "LineString", "coordinates": [ [ 64.0916, 84.838 ], [ 64.0845, 84.7489 ] ] } },
{ "type": "Feature", "properties": { "Layer": "Layer 1" }, "geometry": { "type": "LineString", "coordinates": [ [ 64.0845, 84.7489 ], [ 64.0774, 84.7667 ] ] } },
{ "type": "Feature", "properties": { "Layer": "Layer 1" }, "geometry": { "type": "LineString", "coordinates": [ [ 64.0774, 84.7667 ], [ 64.1558, 84.674 ] ] } },
{ "type": "Feature", "properties": { "Layer": "Layer 1" }, "geometry": { "type": "LineString", "coordinates": [ [ 64.1558, 84.674 ], [ 64.1059, 84.756 ] ] } },
{ "type": "Feature", "properties": { "Layer": "Layer 1" }, "geometry": { "type": "LineString", "coordinates": [ [ 64.1059, 84.756 ], [ 64.0987, 84.7952 ] ] } },
{ "type": "Feature", "properties": { "Layer": "Layer 1" }, "geometry": { "type": "LineString", "coordinates": [ [ 64.0987, 84.7952 ], [ 64.1273, 84.7632 ] ] } },
{ "type": "Feature", "properties": { "Layer": "Layer 1" }, "geometry": { "type": "LineString", "coordinates": [ [ 64.1273, 84.7632 ], [ 64.1415, 84.7204 ] ] } },
{ "type": "Feature", "properties": { "Layer": "Layer 1" }, "geometry": { "type": "LineString", "coordinates": [ [ 64.1415, 84.7204 ], [ 64.0881, 84.8238 ] ] } },
{ "type": "Feature", "properties": { "Layer": "Layer 1" }, "geometry": { "type": "LineString", "coordinates": [ [ 64.0881, 84.8238 ], [ 64.0774, 84.863 ] ] } },
{ "type": "Feature", "properties": { "Layer": "Layer 1" }, "geometry": { "type": "LineString", "coordinates": [ [ 64.0774, 84.863 ], [ 64.0738, 84.7525 ] ] } },
{ "type": "Feature", "properties": { "Layer": "Layer 1" }, "geometry": { "type": "LineString", "coordinates": [ [ 64.0738, 84.7525 ], [ 64.1059, 84.7988 ] ] } },
{ "type": "Feature", "properties": { "Layer": "Layer 1" }, "geometry": { "type": "LineString", "coordinates": [ [ 64.1059, 84.7988 ], [ 64.1166, 84.7739 ] ] } },
{ "type": "Feature", "properties": { "Layer": "Layer 1" }, "geometry": { "type": "LineString", "coordinates": [ [ 64.1166, 84.7739 ], [ 64.1059, 84.863 ] ] } },
{ "type": "Feature", "properties": { "Layer": "Layer 1" }, "geometry": { "type": "LineString", "coordinates": [ [ 64.1059, 84.863 ], [ 64.1273, 84.8309 ] ] } },
{ "type": "Feature", "properties": { "Layer": "Layer 1" }, "geometry": { "type": "LineString", "coordinates": [ [ 64.1273, 84.8309 ], [ 64.1807, 84.7917 ] ] } },
{ "type": "Feature", "properties": { "Layer": "Layer 1" }, "geometry": { "type": "LineString", "coordinates": [ [ 64.1807, 84.7917 ], [ 64.1415, 84.7774 ] ] } },
{ "type": "Feature", "properties": { "Layer": "Layer 1" }, "geometry": { "type": "LineString", "coordinates": [ [ 64.1415, 84.7774 ], [ 64.1344, 84.7525 ] ] } },
{ "type": "Feature", "properties": { "Layer": "Layer 1" }, "geometry": { "type": "LineString", "coordinates": [ [ 64.1344, 84.7525 ], [ 64.113, 84.7846 ] ] } },
{ "type": "Feature", "properties": { "Layer": "Layer 1" }, "geometry": { "type": "LineString", "coordinates": [ [ 64.113, 84.7846 ], [ 64.1023, 84.8309 ] ] } },
{ "type": "Feature", "properties": { "Layer": "Layer 1" }, "geometry": { "type": "LineString", "coordinates": [ [ 64.1023, 84.8309 ], [ 64.1094, 84.9093 ] ] } },
{ "type": "Feature", "properties": { "Layer": "Layer 1" }, "geometry": { "type": "LineString", "coordinates": [ [ 64.1094, 84.9093 ], [ 64.1059, 84.7774 ] ] } },
{ "type": "Feature", "properties": { "Layer": "Layer 1" }, "geometry": { "type": "LineString", "coordinates": [ [ 64.1059, 84.7774 ], [ 64.1308, 84.8202 ] ] } },
{ "type": "Feature", "properties": { "Layer": "Layer 1" }, "geometry": { "type": "LineString", "coordinates": [ [ 64.1308, 84.8202 ], [ 64.1344, 84.8166 ] ] } },
{ "type": "Feature", "properties": { "Layer": "Layer 1" }, "geometry": { "type": "LineString", "coordinates": [ [ 64.1344, 84.8166 ], [ 64.1308, 84.8523 ] ] } },
{ "type": "Feature", "properties": { "Layer": "Layer 1" }, "geometry": { "type": "LineString", "coordinates": [ [ 64.1308, 84.8523 ], [ 64.1594, 84.9343 ] ] } },
{ "type": "Feature", "properties": { "Layer": "Layer 1" }, "geometry": { "type": "LineString", "coordinates": [ [ 64.1594, 84.9343 ], [ 64.2306, 85.1197 ] ] } },
{ "type": "Feature", "properties": { "Layer": "Layer 1" }, "geometry": { "type": "LineString", "coordinates": [ [ 64.2306, 85.1197 ], [ 64.2306, 85.1446 ] ] } },
{ "type": "Feature", "properties": { "Layer": "Layer 1" }, "geometry": { "type": "LineString", "coordinates": [ [ 64.2306, 85.1446 ], [ 64.2449, 85.109 ] ] } },
{ "type": "Feature", "properties": { "Layer": "Layer 1" }, "geometry": { "type": "LineString", "coordinates": [ [ 64.2449, 85.109 ], [ 64.2592, 85.1232 ] ] } },
{ "type": "Feature", "properties": { "Layer": "Layer 1" }, "geometry": { "type": "LineString", "coordinates": [ [ 64.2592, 85.1232 ], [ 64.2734, 85.1054 ] ] } },
{ "type": "Feature", "properties": { "Layer": "Layer 1" }, "geometry": { "type": "LineString", "coordinates": [ [ 64.2734, 85.1054 ], [ 64.1237, 85.2159 ] ] } },
{ "type": "Feature", "properties": { "Layer": "Layer 1" }, "geometry": { "type": "LineString", "coordinates": [ [ 64.1237, 85.2159 ], [ 64.0881, 85.2337 ] ] } },
{ "type": "Feature", "properties": { "Layer": "Layer 1" }, "geometry": { "type": "LineString", "coordinates": [ [ 64.0881, 85.2337 ], [ 64.1629, 85.1553 ] ] } },
{ "type": "Feature", "properties": { "Layer": "Layer 1" }, "geometry": { "type": "LineString", "coordinates": [ [ 64.1629, 85.1553 ], [ 64.17, 85.0911 ] ] } },
{ "type": "Feature", "properties": { "Layer": "Layer 1" }, "geometry": { "type": "LineString", "coordinates": [ [ 64.17, 85.0911 ], [ 64.1522, 85.0983 ] ] } },
{ "type": "Feature", "properties": { "Layer": "Layer 1" }, "geometry": { "type": "LineString", "coordinates": [ [ 64.1522, 85.0983 ], [ 64.1273, 85.1018 ] ] } },
{ "type": "Feature", "properties": { "Layer": "Layer 1" }, "geometry": { "type": "LineString", "coordinates": [ [ 64.1273, 85.1018 ], [ 64.1094, 85.1838 ] ] } },
{ "type": "Feature", "properties": { "Layer": "Layer 1" }, "geometry": { "type": "LineString", "coordinates": [ [ 64.1094, 85.1838 ], [ 64.113, 85.1767 ] ] } },
{ "type": "Feature", "properties": { "Layer": "Layer 1" }, "geometry": { "type": "LineString", "coordinates": [ [ 64.113, 85.1767 ], [ 64.1166, 85.1767 ] ] } },
{ "type": "Feature", "properties": { "Layer": "Layer 1" }, "geometry": { "type": "LineString", "coordinates": [ [ 64.1166, 85.1767 ], [ 64.1166, 85.1624 ] ] } },
{ "type": "Feature", "properties": { "Layer": "Layer 1" }, "geometry": { "type": "LineString", "coordinates": [ [ 64.1166, 85.1624 ], [ 64.1166, 85.1268 ] ] } },
{ "type": "Feature", "properties": { "Layer": "Layer 1" }, "geometry": { "type": "LineString", "coordinates": [ [ 64.1166, 85.1268 ], [ 64.0702, 85.4369 ] ] } },
{ "type": "Feature", "properties": { "Layer": "Layer 1" }, "geometry": { "type": "LineString", "coordinates": [ [ 64.0702, 85.4369 ], [ 64.0952, 85.4262 ] ] } },
{ "type": "Feature", "properties": { "Layer": "Layer 1" }, "geometry": { "type": "LineString", "coordinates": [ [ 64.0952, 85.4262 ], [ 64.1166, 85.4191 ] ] } },
{ "type": "Feature", "properties": { "Layer": "Layer 1" }, "geometry": { "type": "LineString", "coordinates": [ [ 64.1166, 85.4191 ], [ 64.0524, 85.4904 ] ] } },
{ "type": "Feature", "properties": { "Layer": "Layer 1" }, "geometry": { "type": "LineString", "coordinates": [ [ 64.0524, 85.4904 ], [ 64.0987, 85.5617 ] ] } },
{ "type": "Feature", "properties": { "Layer": "Layer 1" }, "geometry": { "type": "LineString", "coordinates": [ [ 64.0987, 85.5617 ], [ 64.0667, 85.5617 ] ] } },
{ "type": "Feature", "properties": { "Layer": "Layer 1" }, "geometry": { "type": "LineString", "coordinates": [ [ 64.0667, 85.5617 ], [ 63.9383, 85.5367 ] ] } },
{ "type": "Feature", "properties": { "Layer": "Layer 1" }, "geometry": { "type": "LineString", "coordinates": [ [ 63.9383, 85.5367 ], [ 63.9882, 85.6045 ] ] } },
{ "type": "Feature", "properties": { "Layer": "Layer 1" }, "geometry": { "type": "LineString", "coordinates": [ [ 63.9882, 85.6045 ], [ 64.0096, 85.6294 ] ] } },
{ "type": "Feature", "properties": { "Layer": "Layer 1" }, "geometry": { "type": "LineString", "coordinates": [ [ 64.0096, 85.6294 ], [ 64.0025, 85.6187 ] ] } },
{ "type": "Feature", "properties": { "Layer": "Layer 1" }, "geometry": { "type": "LineString", "coordinates": [ [ 64.0025, 85.6187 ], [ 63.9775, 85.6473 ] ] } },
{ "type": "Feature", "properties": { "Layer": "Layer 1" }, "geometry": { "type": "LineString", "coordinates": [ [ 63.9775, 85.6473 ], [ 63.9811, 85.6437 ] ] } },
{ "type": "Feature", "properties": { "Layer": "Layer 1" }, "geometry": { "type": "LineString", "coordinates": [ [ 63.9811, 85.6437 ], [ 63.9526, 85.6437 ] ] } },
{ "type": "Feature", "properties": { "Layer": "Layer 1" }, "geometry": { "type": "LineString", "coordinates": [ [ 63.9526, 85.6437 ], [ 63.9668, 85.633 ] ] } },
{ "type": "Feature", "properties": { "Layer": "Layer 1" }, "geometry": { "type": "LineString", "coordinates": [ [ 63.9668, 85.633 ], [ 63.949, 85.576 ] ] } },
{ "type": "Feature", "properties": { "Layer": "Layer 1" }, "geometry": { "type": "LineString", "coordinates": [ [ 63.949, 85.576 ], [ 63.9312, 85.5831 ] ] } },
{ "type": "Feature", "properties": { "Layer": "Layer 1" }, "geometry": { "type": "LineString", "coordinates": [ [ 63.9312, 85.5831 ], [ 63.9312, 85.551 ] ] } },
{ "type": "Feature", "properties": { "Layer": "Layer 1" }, "geometry": { "type": "LineString", "coordinates": [ [ 63.9312, 85.551 ], [ 63.9027, 85.4512 ] ] } },
{ "type": "Feature", "properties": { "Layer": "Layer 1" }, "geometry": { "type": "LineString", "coordinates": [ [ 63.9027, 85.4512 ], [ 63.8955, 85.4191 ] ] } },
{ "type": "Feature", "properties": { "Layer": "Layer 1" }, "geometry": { "type": "LineString", "coordinates": [ [ 63.8955, 85.4191 ], [ 63.9027, 85.4227 ] ] } },
{ "type": "Feature", "properties": { "Layer": "Layer 1" }, "geometry": { "type": "LineString", "coordinates": [ [ 63.9027, 85.4227 ], [ 63.9419, 85.3763 ] ] } },
{ "type": "Feature", "properties": { "Layer": "Layer 1" }, "geometry": { "type": "LineString", "coordinates": [ [ 63.9419, 85.3763 ], [ 63.9169, 85.3692 ] ] } },
{ "type": "Feature", "properties": { "Layer": "Layer 1" }, "geometry": { "type": "LineString", "coordinates": [ [ 63.9169, 85.3692 ], [ 63.9098, 85.3371 ] ] } },
{ "type": "Feature", "properties": { "Layer": "Layer 1" }, "geometry": { "type": "LineString", "coordinates": [ [ 63.9098, 85.3371 ], [ 63.892, 85.3763 ] ] } },
{ "type": "Feature", "properties": { "Layer": "Layer 1" }, "geometry": { "type": "LineString", "coordinates": [ [ 63.892, 85.3763 ], [ 63.892, 85.3728 ] ] } },
{ "type": "Feature", "properties": { "Layer": "Layer 1" }, "geometry": { "type": "LineString", "coordinates": [ [ 63.892, 85.3728 ], [ 63.8849, 85.4084 ] ] } },
{ "type": "Feature", "properties": { "Layer": "Layer 1" }, "geometry": { "type": "LineString", "coordinates": [ [ 63.8849, 85.4084 ], [ 63.9383, 85.3407 ] ] } },
{ "type": "Feature", "properties": { "Layer": "Layer 1" }, "geometry": { "type": "LineString", "coordinates": [ [ 63.9383, 85.3407 ], [ 63.9633, 85.3371 ] ] } },
{ "type": "Feature", "properties": { "Layer": "Layer 1" }, "geometry": { "type": "LineString", "coordinates": [ [ 63.9633, 85.3371 ], [ 63.9241, 85.3371 ] ] } },
{ "type": "Feature", "properties": { "Layer": "Layer 1" }, "geometry": { "type": "LineString", "coordinates": [ [ 63.9241, 85.3371 ], [ 63.9348, 85.3122 ] ] } },
{ "type": "Feature", "properties": { "Layer": "Layer 1" }, "geometry": { "type": "LineString", "coordinates": [ [ 63.9348, 85.3122 ], [ 63.949, 85.2765 ] ] } },
{ "type": "Feature", "properties": { "Layer": "Layer 1" }, "geometry": { "type": "LineString", "coordinates": [ [ 63.949, 85.2765 ], [ 63.9419, 85.3478 ] ] } },
{ "type": "Feature", "properties": { "Layer": "Layer 1" }, "geometry": { "type": "LineString", "coordinates": [ [ 63.9419, 85.3478 ], [ 63.9169, 85.4583 ] ] } },
{ "type": "Feature", "properties": { "Layer": "Layer 1" }, "geometry": { "type": "LineString", "coordinates": [ [ 63.9169, 85.4583 ], [ 63.9169, 85.4583 ] ] } },
{ "type": "Feature", "properties": { "Layer": "Layer 1" }, "geometry": { "type": "LineString", "coordinates": [ [ 63.9169, 85.4583 ], [ 63.9455, 85.494 ] ] } },
{ "type": "Feature", "properties": { "Layer": "Layer 1" }, "geometry": { "type": "LineString", "coordinates": [ [ 63.9455, 85.494 ], [ 63.9383, 85.4619 ] ] } },
{ "type": "Feature", "properties": { "Layer": "Layer 1" }, "geometry": { "type": "LineString", "coordinates": [ [ 63.9383, 85.4619 ], [ 63.9526, 85.4227 ] ] } },
{ "type": "Feature", "properties": { "Layer": "Layer 1" }, "geometry": { "type": "LineString", "coordinates": [ [ 63.9526, 85.4227 ], [ 63.8884, 85.5403 ] ] } },
{ "type": "Feature", "properties": { "Layer": "Layer 1" }, "geometry": { "type": "LineString", "coordinates": [ [ 63.8884, 85.5403 ], [ 63.892, 85.5261 ] ] } },
{ "type": "Feature", "properties": { "Layer": "Layer 1" }, "geometry": { "type": "LineString", "coordinates": [ [ 63.892, 85.5261 ], [ 63.8171, 85.5189 ] ] } },
{ "type": "Feature", "properties": { "Layer": "Layer 1" }, "geometry": { "type": "LineString", "coordinates": [ [ 63.8171, 85.5189 ], [ 63.8385, 85.4904 ] ] } },
{ "type": "Feature", "properties": { "Layer": "Layer 1" }, "geometry": { "type": "LineString", "coordinates": [ [ 63.8385, 85.4904 ], [ 64.1807, 85.4334 ] ] } },
{ "type": "Feature", "properties": { "Layer": "Layer 1" }, "geometry": { "type": "LineString", "coordinates": [ [ 64.1807, 85.4334 ], [ 64.2984, 85.3621 ] ] } },
{ "type": "Feature", "properties": { "Layer": "Layer 1" }, "geometry": { "type": "LineString", "coordinates": [ [ 64.2984, 85.3621 ], [ 64.3305, 85.1553 ] ] } },
{ "type": "Feature", "properties": { "Layer": "Layer 1" }, "geometry": { "type": "LineString", "coordinates": [ [ 64.3305, 85.1553 ], [ 64.4232, 85.0555 ] ] } },
{ "type": "Feature", "properties": { "Layer": "Layer 1" }, "geometry": { "type": "LineString", "coordinates": [ [ 64.4232, 85.0555 ], [ 64.3982, 84.9485 ] ] } },
{ "type": "Feature", "properties": { "Layer": "Layer 1" }, "geometry": { "type": "LineString", "coordinates": [ [ 64.3982, 84.9485 ], [ 64.4481, 84.7275 ] ] } },
{ "type": "Feature", "properties": { "Layer": "Layer 1" }, "geometry": { "type": "LineString", "coordinates": [ [ 64.4481, 84.7275 ], [ 64.5265, 84.7239 ] ] } },
{ "type": "Feature", "properties": { "Layer": "Layer 1" }, "geometry": { "type": "LineString", "coordinates": [ [ 64.5265, 84.7239 ], [ 64.5337, 84.6063 ] ] } },
{ "type": "Feature", "properties": { "Layer": "Layer 1" }, "geometry": { "type": "LineString", "coordinates": [ [ 64.5337, 84.6063 ], [ 64.6941, 84.3782 ] ] } },
{ "type": "Feature", "properties": { "Layer": "Layer 1" }, "geometry": { "type": "LineString", "coordinates": [ [ 64.6941, 84.3782 ], [ 64.8759, 84.3639 ] ] } },
{ "type": "Feature", "properties": { "Layer": "Layer 1" }, "geometry": { "type": "LineString", "coordinates": [ [ 64.8759, 84.3639 ], [ 65.2716, 84.4744 ] ] } },
{ "type": "Feature", "properties": { "Layer": "Layer 1" }, "geometry": { "type": "LineString", "coordinates": [ [ 65.2716, 84.4744 ], [ 65.8705, 84.3389 ] ] } },
{ "type": "Feature", "properties": { "Layer": "Layer 1" }, "geometry": { "type": "LineString", "coordinates": [ [ 65.8705, 84.3389 ], [ 66.4587, 84.1785 ] ] } },
{ "type": "Feature", "properties": { "Layer": "Layer 1" }, "geometry": { "type": "LineString", "coordinates": [ [ 66.4587, 84.1785 ], [ 66.8758, 83.9789 ] ] } },
{ "type": "Feature", "properties": { "Layer": "Layer 1" }, "geometry": { "type": "LineString", "coordinates": [ [ 66.8758, 83.9789 ], [ 67.0861, 83.7258 ] ] } },
{ "type": "Feature", "properties": { "Layer": "Layer 1" }, "geometry": { "type": "LineString", "coordinates": [ [ 67.0861, 83.7258 ], [ 67.218, 83.6081 ] ] } },
{ "type": "Feature", "properties": { "Layer": "Layer 1" }, "geometry": { "type": "LineString", "coordinates": [ [ 67.218, 83.6081 ], [ 67.2501, 83.5226 ] ] } },
{ "type": "Feature", "properties": { "Layer": "Layer 1" }, "geometry": { "type": "LineString", "coordinates": [ [ 67.2501, 83.5226 ], [ 67.3892, 83.3693 ] ] } },
{ "type": "Feature", "properties": { "Layer": "Layer 1" }, "geometry": { "type": "LineString", "coordinates": [ [ 67.3892, 83.3693 ], [ 67.3464, 83.2909 ] ] } },
{ "type": "Feature", "properties": { "Layer": "Layer 1" }, "geometry": { "type": "LineString", "coordinates": [ [ 67.3464, 83.2909 ], [ 67.407, 83.1696 ] ] } },
{ "type": "Feature", "properties": { "Layer": "Layer 1" }, "geometry": { "type": "LineString", "coordinates": [ [ 67.407, 83.1696 ], [ 67.4533, 83.1304 ] ] } },
{ "type": "Feature", "properties": { "Layer": "Layer 1" }, "geometry": { "type": "LineString", "coordinates": [ [ 67.4533, 83.1304 ], [ 67.3642, 82.9486 ] ] } },
{ "type": "Feature", "properties": { "Layer": "Layer 1" }, "geometry": { "type": "LineString", "coordinates": [ [ 67.3642, 82.9486 ], [ 67.3999, 82.913 ] ] } },
{ "type": "Feature", "properties": { "Layer": "Layer 1" }, "geometry": { "type": "LineString", "coordinates": [ [ 67.3999, 82.913 ], [ 67.5353, 82.8595 ] ] } },
{ "type": "Feature", "properties": { "Layer": "Layer 1" }, "geometry": { "type": "LineString", "coordinates": [ [ 67.5353, 82.8595 ], [ 67.5282, 82.7846 ] ] } },
{ "type": "Feature", "properties": { "Layer": "Layer 1" }, "geometry": { "type": "LineString", "coordinates": [ [ 67.5282, 82.7846 ], [ 67.6672, 82.7169 ] ] } },
{ "type": "Feature", "properties": { "Layer": "Layer 1" }, "geometry": { "type": "LineString", "coordinates": [ [ 67.6672, 82.7169 ], [ 67.6922, 82.6492 ] ] } },
{ "type": "Feature", "properties": { "Layer": "Layer 1" }, "geometry": { "type": "LineString", "coordinates": [ [ 67.6922, 82.6492 ], [ 67.8063, 82.5921 ] ] } },
{ "type": "Feature", "properties": { "Layer": "Layer 1" }, "geometry": { "type": "LineString", "coordinates": [ [ 67.8063, 82.5921 ], [ 67.8063, 82.503 ] ] } },
{ "type": "Feature", "properties": { "Layer": "Layer 1" }, "geometry": { "type": "LineString", "coordinates": [ [ 67.8063, 82.503 ], [ 67.9916, 82.3283 ] ] } },
{ "type": "Feature", "properties": { "Layer": "Layer 1" }, "geometry": { "type": "LineString", "coordinates": [ [ 67.9916, 82.3283 ], [ 68.2447, 82.2535 ] ] } },
{ "type": "Feature", "properties": { "Layer": "Layer 1" }, "geometry": { "type": "LineString", "coordinates": [ [ 68.2447, 82.2535 ], [ 68.4515, 82.2 ] ] } },
{ "type": "Feature", "properties": { "Layer": "Layer 1" }, "geometry": { "type": "LineString", "coordinates": [ [ 68.4515, 82.2 ], [ 68.5335, 82.2178 ] ] } },
{ "type": "Feature", "properties": { "Layer": "Layer 1" }, "geometry": { "type": "LineString", "coordinates": [ [ 68.5335, 82.2178 ], [ 68.7046, 82.1144 ] ] } },
{ "type": "Feature", "properties": { "Layer": "Layer 1" }, "geometry": { "type": "LineString", "coordinates": [ [ 68.7046, 82.1144 ], [ 68.833, 82.0217 ] ] } },
{ "type": "Feature", "properties": { "Layer": "Layer 1" }, "geometry": { "type": "LineString", "coordinates": [ [ 68.833, 82.0217 ], [ 69.0148, 81.9398 ] ] } },
{ "type": "Feature", "properties": { "Layer": "Layer 1" }, "geometry": { "type": "LineString", "coordinates": [ [ 69.0148, 81.9398 ], [ 69.1894, 81.7972 ] ] } },
{ "type": "Feature", "properties": { "Layer": "Layer 1" }, "geometry": { "type": "LineString", "coordinates": [ [ 69.1894, 81.7972 ], [ 69.1395, 81.708 ] ] } },
{ "type": "Feature", "properties": { "Layer": "Layer 1" }, "geometry": { "type": "LineString", "coordinates": [ [ 69.1395, 81.708 ], [ 69.2394, 81.6332 ] ] } },
{ "type": "Feature", "properties": { "Layer": "Layer 1" }, "geometry": { "type": "LineString", "coordinates": [ [ 69.2394, 81.6332 ], [ 69.357, 81.3266 ] ] } },
{ "type": "Feature", "properties": { "Layer": "Layer 1" }, "geometry": { "type": "LineString", "coordinates": [ [ 69.357, 81.3266 ], [ 69.3499, 81.2482 ] ] } },
{ "type": "Feature", "properties": { "Layer": "Layer 1" }, "geometry": { "type": "LineString", "coordinates": [ [ 69.3499, 81.2482 ], [ 69.5245, 81.1305 ] ] } },
{ "type": "Feature", "properties": { "Layer": "Layer 1" }, "geometry": { "type": "LineString", "coordinates": [ [ 69.5245, 81.1305 ], [ 69.5281, 81.0699 ] ] } },
{ "type": "Feature", "properties": { "Layer": "Layer 1" }, "geometry": { "type": "LineString", "coordinates": [ [ 69.5281, 81.0699 ], [ 69.6564, 80.9558 ] ] } },
{ "type": "Feature", "properties": { "Layer": "Layer 1" }, "geometry": { "type": "LineString", "coordinates": [ [ 69.6564, 80.9558 ], [ 69.8347, 80.8631 ] ] } },
{ "type": "Feature", "properties": { "Layer": "Layer 1" }, "geometry": { "type": "LineString", "coordinates": [ [ 69.8347, 80.8631 ], [ 69.9773, 80.7918 ] ] } },
{ "type": "Feature", "properties": { "Layer": "Layer 1" }, "geometry": { "type": "LineString", "coordinates": [ [ 69.9773, 80.7918 ], [ 70.0201, 80.8346 ] ] } },
{ "type": "Feature", "properties": { "Layer": "Layer 1" }, "geometry": { "type": "LineString", "coordinates": [ [ 70.0201, 80.8346 ], [ 70.1235, 80.7562 ] ] } },
{ "type": "Feature", "properties": { "Layer": "Layer 1" }, "geometry": { "type": "LineString", "coordinates": [ [ 70.1235, 80.7562 ], [ 70.5905, 80.1894 ] ] } },
{ "type": "Feature", "properties": { "Layer": "Layer 1" }, "geometry": { "type": "LineString", "coordinates": [ [ 70.5905, 80.1894 ], [ 70.7366, 79.9612 ] ] } },
{ "type": "Feature", "properties": { "Layer": "Layer 1" }, "geometry": { "type": "LineString", "coordinates": [ [ 70.7366, 79.9612 ], [ 71.2963, 79.3623 ] ] } },
{ "type": "Feature", "properties": { "Layer": "Layer 1" }, "geometry": { "type": "LineString", "coordinates": [ [ 71.2963, 79.3623 ], [ 71.7562, 78.767 ] ] } },
{ "type": "Feature", "properties": { "Layer": "Layer 1" }, "geometry": { "type": "LineString", "coordinates": [ [ 71.7562, 78.767 ], [ 72.0129, 78.4925 ] ] } },
{ "type": "Feature", "properties": { "Layer": "Layer 1" }, "geometry": { "type": "LineString", "coordinates": [ [ 72.0129, 78.4925 ], [ 72.184, 78.2821 ] ] } },
{ "type": "Feature", "properties": { "Layer": "Layer 1" }, "geometry": { "type": "LineString", "coordinates": [ [ 72.184, 78.2821 ], [ 72.241, 78.1467 ] ] } },
{ "type": "Feature", "properties": { "Layer": "Layer 1" }, "geometry": { "type": "LineString", "coordinates": [ [ 72.241, 78.1467 ], [ 72.3016, 78.0861 ] ] } },
{ "type": "Feature", "properties": { "Layer": "Layer 1" }, "geometry": { "type": "LineString", "coordinates": [ [ 72.3016, 78.0861 ], [ 72.5119, 77.9007 ] ] } },
{ "type": "Feature", "properties": { "Layer": "Layer 1" }, "geometry": { "type": "LineString", "coordinates": [ [ 72.5119, 77.9007 ], [ 72.6153, 77.808 ] ] } },
{ "type": "Feature", "properties": { "Layer": "Layer 1" }, "geometry": { "type": "LineString", "coordinates": [ [ 72.6153, 77.808 ], [ 72.7508, 77.6725 ] ] } },
{ "type": "Feature", "properties": { "Layer": "Layer 1" }, "geometry": { "type": "LineString", "coordinates": [ [ 72.7508, 77.6725 ], [ 72.9504, 77.4729 ] ] } },
{ "type": "Feature", "properties": { "Layer": "Layer 1" }, "geometry": { "type": "LineString", "coordinates": [ [ 72.9504, 77.4729 ], [ 73.093, 77.3018 ] ] } },
{ "type": "Feature", "properties": { "Layer": "Layer 1" }, "geometry": { "type": "LineString", "coordinates": [ [ 73.093, 77.3018 ], [ 73.3105, 77.0344 ] ] } },
{ "type": "Feature", "properties": { "Layer": "Layer 1" }, "geometry": { "type": "LineString", "coordinates": [ [ 73.3105, 77.0344 ], [ 73.2321, 76.9845 ] ] } },
{ "type": "Feature", "properties": { "Layer": "Layer 1" }, "geometry": { "type": "LineString", "coordinates": [ [ 73.2321, 76.9845 ], [ 73.4281, 76.7528 ] ] } },
{ "type": "Feature", "properties": { "Layer": "Layer 1" }, "geometry": { "type": "LineString", "coordinates": [ [ 73.4281, 76.7528 ], [ 73.4673, 76.7243 ] ] } },
{ "type": "Feature", "properties": { "Layer": "Layer 1" }, "geometry": { "type": "LineString", "coordinates": [ [ 73.4673, 76.7243 ], [ 73.4103, 76.6601 ] ] } },
{ "type": "Feature", "properties": { "Layer": "Layer 1" }, "geometry": { "type": "LineString", "coordinates": [ [ 73.4103, 76.6601 ], [ 73.5743, 76.5068 ] ] } },
{ "type": "Feature", "properties": { "Layer": "Layer 1" }, "geometry": { "type": "LineString", "coordinates": [ [ 73.5743, 76.5068 ], [ 73.6598, 76.4569 ] ] } },
{ "type": "Feature", "properties": { "Layer": "Layer 1" }, "geometry": { "type": "LineString", "coordinates": [ [ 73.6598, 76.4569 ], [ 73.6491, 76.3749 ] ] } },
{ "type": "Feature", "properties": { "Layer": "Layer 1" }, "geometry": { "type": "LineString", "coordinates": [ [ 73.6491, 76.3749 ], [ 74.0235, 76.2002 ] ] } },
{ "type": "Feature", "properties": { "Layer": "Layer 1" }, "geometry": { "type": "LineString", "coordinates": [ [ 74.0235, 76.2002 ], [ 74.2623, 76.1111 ] ] } },
{ "type": "Feature", "properties": { "Layer": "Layer 1" }, "geometry": { "type": "LineString", "coordinates": [ [ 74.2623, 76.1111 ], [ 74.6188, 75.8509 ] ] } },
{ "type": "Feature", "properties": { "Layer": "Layer 1" }, "geometry": { "type": "LineString", "coordinates": [ [ 74.6188, 75.8509 ], [ 74.7258, 75.694 ] ] } },
{ "type": "Feature", "properties": { "Layer": "Layer 1" }, "geometry": { "type": "LineString", "coordinates": [ [ 74.7258, 75.694 ], [ 74.9254, 75.2983 ] ] } },
{ "type": "Feature", "properties": { "Layer": "Layer 1" }, "geometry": { "type": "LineString", "coordinates": [ [ 74.9254, 75.2983 ], [ 74.9824, 75.1985 ] ] } },
{ "type": "Feature", "properties": { "Layer": "Layer 1" }, "geometry": { "type": "LineString", "coordinates": [ [ 74.9824, 75.1985 ], [ 75.0609, 75.0773 ] ] } },
{ "type": "Feature", "properties": { "Layer": "Layer 1" }, "geometry": { "type": "LineString", "coordinates": [ [ 75.0609, 75.0773 ], [ 75.1892, 74.9133 ] ] } },
{ "type": "Feature", "properties": { "Layer": "Layer 1" }, "geometry": { "type": "LineString", "coordinates": [ [ 75.1892, 74.9133 ], [ 75.232, 74.7636 ] ] } },
{ "type": "Feature", "properties": { "Layer": "Layer 1" }, "geometry": { "type": "LineString", "coordinates": [ [ 75.232, 74.7636 ], [ 75.4637, 74.5176 ] ] } },
{ "type": "Feature", "properties": { "Layer": "Layer 1" }, "geometry": { "type": "LineString", "coordinates": [ [ 75.4637, 74.5176 ], [ 75.5314, 74.514 ] ] } },
{ "type": "Feature", "properties": { "Layer": "Layer 1" }, "geometry": { "type": "LineString", "coordinates": [ [ 75.5314, 74.514 ], [ 75.7025, 74.2859 ] ] } },
{ "type": "Feature", "properties": { "Layer": "Layer 1" }, "geometry": { "type": "LineString", "coordinates": [ [ 75.7025, 74.2859 ], [ 75.8487, 74.1469 ] ] } },
{ "type": "Feature", "properties": { "Layer": "Layer 1" }, "geometry": { "type": "LineString", "coordinates": [ [ 75.8487, 74.1469 ], [ 76.0341, 73.7191 ] ] } },
{ "type": "Feature", "properties": { "Layer": "Layer 1" }, "geometry": { "type": "LineString", "coordinates": [ [ 76.0341, 73.7191 ], [ 76.0341, 73.6228 ] ] } },
{ "type": "Feature", "properties": { "Layer": "Layer 1" }, "geometry": { "type": "LineString", "coordinates": [ [ 76.0341, 73.6228 ], [ 76.1874, 73.1772 ] ] } },
{ "type": "Feature", "properties": { "Layer": "Layer 1" }, "geometry": { "type": "LineString", "coordinates": [ [ 76.1874, 73.1772 ], [ 76.1553, 73.0239 ] ] } },
{ "type": "Feature", "properties": { "Layer": "Layer 1" }, "geometry": { "type": "LineString", "coordinates": [ [ 76.1553, 73.0239 ], [ 76.2301, 72.8564 ] ] } },
{ "type": "Feature", "properties": { "Layer": "Layer 1" }, "geometry": { "type": "LineString", "coordinates": [ [ 76.2301, 72.8564 ], [ 76.2694, 72.8064 ] ] } },
{ "type": "Feature", "properties": { "Layer": "Layer 1" }, "geometry": { "type": "LineString", "coordinates": [ [ 76.2694, 72.8064 ], [ 76.2801, 72.6425 ] ] } },
{ "type": "Feature", "properties": { "Layer": "Layer 1" }, "geometry": { "type": "LineString", "coordinates": [ [ 76.2801, 72.6425 ], [ 76.3193, 72.5462 ] ] } },
{ "type": "Feature", "properties": { "Layer": "Layer 1" }, "geometry": { "type": "LineString", "coordinates": [ [ 76.3193, 72.5462 ], [ 76.3086, 72.4286 ] ] } },
{ "type": "Feature", "properties": { "Layer": "Layer 1" }, "geometry": { "type": "LineString", "coordinates": [ [ 76.3086, 72.4286 ], [ 76.3763, 72.3715 ] ] } },
{ "type": "Feature", "properties": { "Layer": "Layer 1" }, "geometry": { "type": "LineString", "coordinates": [ [ 76.3763, 72.3715 ], [ 76.362, 72.1612 ] ] } },
{ "type": "Feature", "properties": { "Layer": "Layer 1" }, "geometry": { "type": "LineString", "coordinates": [ [ 76.362, 72.1612 ], [ 76.3228, 72.04 ] ] } },
{ "type": "Feature", "properties": { "Layer": "Layer 1" }, "geometry": { "type": "LineString", "coordinates": [ [ 76.3228, 72.04 ], [ 76.3941, 72.0008 ] ] } },
{ "type": "Feature", "properties": { "Layer": "Layer 1" }, "geometry": { "type": "LineString", "coordinates": [ [ 76.3941, 72.0008 ], [ 76.3977, 72.0329 ] ] } },
{ "type": "Feature", "properties": { "Layer": "Layer 1" }, "geometry": { "type": "LineString", "coordinates": [ [ 76.3977, 72.0329 ], [ 76.4262, 72.1897 ] ] } },
{ "type": "Feature", "properties": { "Layer": "Layer 1" }, "geometry": { "type": "LineString", "coordinates": [ [ 76.4262, 72.1897 ], [ 76.4191, 72.1861 ] ] } },
{ "type": "Feature", "properties": { "Layer": "Layer 1" }, "geometry": { "type": "LineString", "coordinates": [ [ 76.4191, 72.1861 ], [ 76.4619, 72.3287 ] ] } },
{ "type": "Feature", "properties": { "Layer": "Layer 1" }, "geometry": { "type": "LineString", "coordinates": [ [ 76.4619, 72.3287 ], [ 76.4726, 72.318 ] ] } },
{ "type": "Feature", "properties": { "Layer": "Layer 1" }, "geometry": { "type": "LineString", "coordinates": [ [ 76.4726, 72.318 ], [ 76.9146, 72.3751 ] ] } },
{ "type": "Feature", "properties": { "Layer": "Layer 1" }, "geometry": { "type": "LineString", "coordinates": [ [ 76.9146, 72.3751 ], [ 76.9503, 72.3537 ] ] } },
{ "type": "Feature", "properties": { "Layer": "Layer 1" }, "geometry": { "type": "LineString", "coordinates": [ [ 76.9503, 72.3537 ], [ 77.0501, 72.286 ] ] } },
{ "type": "Feature", "properties": { "Layer": "Layer 1" }, "geometry": { "type": "LineString", "coordinates": [ [ 77.0501, 72.286 ], [ 77.0465, 72.286 ] ] } },
{ "type": "Feature", "properties": { "Layer": "Layer 1" }, "geometry": { "type": "LineString", "coordinates": [ [ 77.0465, 72.286 ], [ 77.0572, 72.2681 ] ] } },
{ "type": "Feature", "properties": { "Layer": "Layer 1" }, "geometry": { "type": "LineString", "coordinates": [ [ 77.0572, 72.2681 ], [ 77.0572, 72.3074 ] ] } },
{ "type": "Feature", "properties": { "Layer": "Layer 1" }, "geometry": { "type": "LineString", "coordinates": [ [ 77.0572, 72.3074 ], [ 77.075, 72.3074 ] ] } },
{ "type": "Feature", "properties": { "Layer": "Layer 1" }, "geometry": { "type": "LineString", "coordinates": [ [ 77.075, 72.3074 ], [ 77.0822, 72.3074 ] ] } },
{ "type": "Feature", "properties": { "Layer": "Layer 1" }, "geometry": { "type": "LineString", "coordinates": [ [ 77.0822, 72.3074 ], [ 77.0786, 72.3359 ] ] } },
{ "type": "Feature", "properties": { "Layer": "Layer 1" }, "geometry": { "type": "LineString", "coordinates": [ [ 77.0786, 72.3359 ], [ 77.0501, 72.3822 ] ] } },
{ "type": "Feature", "properties": { "Layer": "Layer 1" }, "geometry": { "type": "LineString", "coordinates": [ [ 77.0501, 72.3822 ], [ 77.0287, 72.343 ] ] } },
{ "type": "Feature", "properties": { "Layer": "Layer 1" }, "geometry": { "type": "LineString", "coordinates": [ [ 77.0287, 72.343 ], [ 77.0073, 72.3109 ] ] } },
{ "type": "Feature", "properties": { "Layer": "Layer 1" }, "geometry": { "type": "LineString", "coordinates": [ [ 77.0073, 72.3109 ], [ 77.018, 72.3252 ] ] } },
{ "type": "Feature", "properties": { "Layer": "Layer 1" }, "geometry": { "type": "LineString", "coordinates": [ [ 77.018, 72.3252 ], [ 76.9823, 72.3074 ] ] } },
{ "type": "Feature", "properties": { "Layer": "Layer 1" }, "geometry": { "type": "LineString", "coordinates": [ [ 76.9823, 72.3074 ], [ 77.0216, 72.2218 ] ] } },
{ "type": "Feature", "properties": { "Layer": "Layer 1" }, "geometry": { "type": "LineString", "coordinates": [ [ 77.0216, 72.2218 ], [ 77.1107, 72.2468 ] ] } },
{ "type": "Feature", "properties": { "Layer": "Layer 1" }, "geometry": { "type": "LineString", "coordinates": [ [ 77.1107, 72.2468 ], [ 77.2212, 72.3038 ] ] } },
{ "type": "Feature", "properties": { "Layer": "Layer 1" }, "geometry": { "type": "LineString", "coordinates": [ [ 77.2212, 72.3038 ], [ 77.378, 72.2753 ] ] } },
{ "type": "Feature", "properties": { "Layer": "Layer 1" }, "geometry": { "type": "LineString", "coordinates": [ [ 77.378, 72.2753 ], [ 77.4244, 72.2254 ] ] } },
{ "type": "Feature", "properties": { "Layer": "Layer 1" }, "geometry": { "type": "LineString", "coordinates": [ [ 77.4244, 72.2254 ], [ 77.4636, 72.0293 ] ] } },
{ "type": "Feature", "properties": { "Layer": "Layer 1" }, "geometry": { "type": "LineString", "coordinates": [ [ 77.4636, 72.0293 ], [ 77.5492, 71.7548 ] ] } },
{ "type": "Feature", "properties": { "Layer": "Layer 1" }, "geometry": { "type": "LineString", "coordinates": [ [ 77.5492, 71.7548 ], [ 77.3103, 71.6336 ] ] } },
{ "type": "Feature", "properties": { "Layer": "Layer 1" }, "geometry": { "type": "LineString", "coordinates": [ [ 77.3103, 71.6336 ], [ 76.6793, 71.4375 ] ] } },
{ "type": "Feature", "properties": { "Layer": "Layer 1" }, "geometry": { "type": "LineString", "coordinates": [ [ 76.6793, 71.4375 ], [ 76.4298, 71.384 ] ] } },
{ "type": "Feature", "properties": { "Layer": "Layer 1" }, "geometry": { "type": "LineString", "coordinates": [ [ 76.4298, 71.384 ], [ 76.1838, 71.3555 ] ] } },
{ "type": "Feature", "properties": { "Layer": "Layer 1" }, "geometry": { "type": "LineString", "coordinates": [ [ 76.1838, 71.3555 ], [ 75.9949, 71.1666 ] ] } },
{ "type": "Feature", "properties": { "Layer": "Layer 1" }, "geometry": { "type": "LineString", "coordinates": [ [ 75.9949, 71.1666 ], [ 75.8701, 70.9598 ] ] } },
{ "type": "Feature", "properties": { "Layer": "Layer 1" }, "geometry": { "type": "LineString", "coordinates": [ [ 75.8701, 70.9598 ], [ 75.8594, 70.7887 ] ] } },
{ "type": "Feature", "properties": { "Layer": "Layer 1" }, "geometry": { "type": "LineString", "coordinates": [ [ 75.8594, 70.7887 ], [ 75.8202, 70.6283 ] ] } },
{ "type": "Feature", "properties": { "Layer": "Layer 1" }, "geometry": { "type": "LineString", "coordinates": [ [ 75.8202, 70.6283 ], [ 76.2444, 70.4892 ] ] } },
{ "type": "Feature", "properties": { "Layer": "Layer 1" }, "geometry": { "type": "LineString", "coordinates": [ [ 76.2444, 70.4892 ], [ 76.6259, 70.2575 ] ] } },
{ "type": "Feature", "properties": { "Layer": "Layer 1" }, "geometry": { "type": "LineString", "coordinates": [ [ 76.6259, 70.2575 ], [ 76.7185, 70.1862 ] ] } },
{ "type": "Feature", "properties": { "Layer": "Layer 1" }, "geometry": { "type": "LineString", "coordinates": [ [ 76.7185, 70.1862 ], [ 76.9075, 70.0757 ] ] } },
{ "type": "Feature", "properties": { "Layer": "Layer 1" }, "geometry": { "type": "LineString", "coordinates": [ [ 76.9075, 70.0757 ], [ 77.4351, 69.7192 ] ] } },
{ "type": "Feature", "properties": { "Layer": "Layer 1" }, "geometry": { "type": "LineString", "coordinates": [ [ 77.4351, 69.7192 ], [ 77.6597, 69.598 ] ] } },
{ "type": "Feature", "properties": { "Layer": "Layer 1" }, "geometry": { "type": "LineString", "coordinates": [ [ 77.6597, 69.598 ], [ 77.8272, 69.5196 ] ] } },
{ "type": "Feature", "properties": { "Layer": "Layer 1" }, "geometry": { "type": "LineString", "coordinates": [ [ 77.8272, 69.5196 ], [ 77.927, 69.5053 ] ] } },
{ "type": "Feature", "properties": { "Layer": "Layer 1" }, "geometry": { "type": "LineString", "coordinates": [ [ 77.927, 69.5053 ], [ 78.1338, 69.6194 ] ] } },
{ "type": "Feature", "properties": { "Layer": "Layer 1" }, "geometry": { "type": "LineString", "coordinates": [ [ 78.1338, 69.6194 ], [ 78.4047, 69.8155 ] ] } },
{ "type": "Feature", "properties": { "Layer": "Layer 1" }, "geometry": { "type": "LineString", "coordinates": [ [ 78.4047, 69.8155 ], [ 78.8896, 69.869 ] ] } },
{ "type": "Feature", "properties": { "Layer": "Layer 1" }, "geometry": { "type": "LineString", "coordinates": [ [ 78.8896, 69.869 ], [ 79.1783, 69.8297 ] ] } },
{ "type": "Feature", "properties": { "Layer": "Layer 1" }, "geometry": { "type": "LineString", "coordinates": [ [ 79.1783, 69.8297 ], [ 79.3209, 69.6836 ] ] } },
{ "type": "Feature", "properties": { "Layer": "Layer 1" }, "geometry": { "type": "LineString", "coordinates": [ [ 79.3209, 69.6836 ], [ 79.4992, 69.6301 ] ] } },
{ "type": "Feature", "properties": { "Layer": "Layer 1" }, "geometry": { "type": "LineString", "coordinates": [ [ 79.4992, 69.6301 ], [ 79.6418, 69.5339 ] ] } },
{ "type": "Feature", "properties": { "Layer": "Layer 1" }, "geometry": { "type": "LineString", "coordinates": [ [ 79.6418, 69.5339 ], [ 79.6952, 69.4697 ] ] } },
{ "type": "Feature", "properties": { "Layer": "Layer 1" }, "geometry": { "type": "LineString", "coordinates": [ [ 79.6952, 69.4697 ], [ 79.845, 69.3841 ] ] } },
{ "type": "Feature", "properties": { "Layer": "Layer 1" }, "geometry": { "type": "LineString", "coordinates": [ [ 79.845, 69.3841 ], [ 79.9555, 69.0419 ] ] } },
{ "type": "Feature", "properties": { "Layer": "Layer 1" }, "geometry": { "type": "LineString", "coordinates": [ [ 79.9555, 69.0419 ], [ 80.4296, 68.8922 ] ] } },
{ "type": "Feature", "properties": { "Layer": "Layer 1" }, "geometry": { "type": "LineString", "coordinates": [ [ 80.4296, 68.8922 ], [ 80.3262, 68.7603 ] ] } },
{ "type": "Feature", "properties": { "Layer": "Layer 1" }, "geometry": { "type": "LineString", "coordinates": [ [ 80.3262, 68.7603 ], [ 80.3833, 68.7282 ] ] } },
{ "type": "Feature", "properties": { "Layer": "Layer 1" }, "geometry": { "type": "LineString", "coordinates": [ [ 80.3833, 68.7282 ], [ 80.7112, 68.6391 ] ] } },
{ "type": "Feature", "properties": { "Layer": "Layer 1" }, "geometry": { "type": "LineString", "coordinates": [ [ 80.7112, 68.6391 ], [ 80.8075, 68.5321 ] ] } },
{ "type": "Feature", "properties": { "Layer": "Layer 1" }, "geometry": { "type": "LineString", "coordinates": [ [ 80.8075, 68.5321 ], [ 80.8895, 68.3717 ] ] } },
{ "type": "Feature", "properties": { "Layer": "Layer 1" }, "geometry": { "type": "LineString", "coordinates": [ [ 80.8895, 68.3717 ], [ 81.0677, 68.0366 ] ] } },
{ "type": "Feature", "properties": { "Layer": "Layer 1" }, "geometry": { "type": "LineString", "coordinates": [ [ 81.0677, 68.0366 ], [ 81.0998, 67.8904 ] ] } },
{ "type": "Feature", "properties": { "Layer": "Layer 1" }, "geometry": { "type": "LineString", "coordinates": [ [ 81.0998, 67.8904 ], [ 81.1676, 67.8405 ] ] } },
{ "type": "Feature", "properties": { "Layer": "Layer 1" }, "geometry": { "type": "LineString", "coordinates": [ [ 81.1676, 67.8405 ], [ 81.1676, 67.427 ] ] } },
{ "type": "Feature", "properties": { "Layer": "Layer 1" }, "geometry": { "type": "LineString", "coordinates": [ [ 81.1676, 67.427 ], [ 81.1212, 67.3414 ] ] } },
{ "type": "Feature", "properties": { "Layer": "Layer 1" }, "geometry": { "type": "LineString", "coordinates": [ [ 81.1212, 67.3414 ], [ 81.2531, 66.9101 ] ] } },
{ "type": "Feature", "properties": { "Layer": "Layer 1" }, "geometry": { "type": "LineString", "coordinates": [ [ 81.2531, 66.9101 ], [ 81.385, 66.9065 ] ] } },
{ "type": "Feature", "properties": { "Layer": "Layer 1" }, "geometry": { "type": "LineString", "coordinates": [ [ 81.385, 66.9065 ], [ 81.4421, 66.8709 ] ] } },
{ "type": "Feature", "properties": { "Layer": "Layer 1" }, "geometry": { "type": "LineString", "coordinates": [ [ 81.4421, 66.8709 ], [ 81.4314, 66.7603 ] ] } },
{ "type": "Feature", "properties": { "Layer": "Layer 1" }, "geometry": { "type": "LineString", "coordinates": [ [ 81.4314, 66.7603 ], [ 81.3921, 66.6178 ] ] } },
{ "type": "Feature", "properties": { "Layer": "Layer 1" }, "geometry": { "type": "LineString", "coordinates": [ [ 81.3921, 66.6178 ], [ 81.4813, 66.5251 ] ] } },
{ "type": "Feature", "properties": { "Layer": "Layer 1" }, "geometry": { "type": "LineString", "coordinates": [ [ 81.4813, 66.5251 ], [ 81.549, 66.4859 ] ] } },
{ "type": "Feature", "properties": { "Layer": "Layer 1" }, "geometry": { "type": "LineString", "coordinates": [ [ 81.549, 66.4859 ], [ 81.9804, 66.4716 ] ] } },
{ "type": "Feature", "properties": { "Layer": "Layer 1" }, "geometry": { "type": "LineString", "coordinates": [ [ 81.9804, 66.4716 ], [ 82.2477, 66.4645 ] ] } },
{ "type": "Feature", "properties": { "Layer": "Layer 1" }, "geometry": { "type": "LineString", "coordinates": [ [ 82.2477, 66.4645 ], [ 82.2798, 66.386 ] ] } },
{ "type": "Feature", "properties": { "Layer": "Layer 1" }, "geometry": { "type": "LineString", "coordinates": [ [ 82.2798, 66.386 ], [ 82.5151, 66.3183 ] ] } },
{ "type": "Feature", "properties": { "Layer": "Layer 1" }, "geometry": { "type": "LineString", "coordinates": [ [ 82.5151, 66.3183 ], [ 82.7932, 65.944 ] ] } },
{ "type": "Feature", "properties": { "Layer": "Layer 1" }, "geometry": { "type": "LineString", "coordinates": [ [ 82.7932, 65.944 ], [ 82.6113, 65.534 ] ] } },
{ "type": "Feature", "properties": { "Layer": "Layer 1" }, "geometry": { "type": "LineString", "coordinates": [ [ 82.6113, 65.534 ], [ 82.622, 65.4485 ] ] } },
{ "type": "Feature", "properties": { "Layer": "Layer 1" }, "geometry": { "type": "LineString", "coordinates": [ [ 82.622, 65.4485 ], [ 82.7504, 65.2453 ] ] } },
{ "type": "Feature", "properties": { "Layer": "Layer 1" }, "geometry": { "type": "LineString", "coordinates": [ [ 82.7504, 65.2453 ], [ 82.8145, 65.1169 ] ] } },
{ "type": "Feature", "properties": { "Layer": "Layer 1" }, "geometry": { "type": "LineString", "coordinates": [ [ 82.8145, 65.1169 ], [ 83.007, 64.764 ] ] } },
{ "type": "Feature", "properties": { "Layer": "Layer 1" }, "geometry": { "type": "LineString", "coordinates": [ [ 83.007, 64.764 ], [ 83.0605, 64.6677 ] ] } },
{ "type": "Feature", "properties": { "Layer": "Layer 1" }, "geometry": { "type": "LineString", "coordinates": [ [ 83.0605, 64.6677 ], [ 83.0213, 64.5858 ] ] } },
{ "type": "Feature", "properties": { "Layer": "Layer 1" }, "geometry": { "type": "LineString", "coordinates": [ [ 83.0213, 64.5858 ], [ 82.9607, 64.4859 ] ] } },
{ "type": "Feature", "properties": { "Layer": "Layer 1" }, "geometry": { "type": "LineString", "coordinates": [ [ 82.9607, 64.4859 ], [ 83.0284, 64.5145 ] ] } },
{ "type": "Feature", "properties": { "Layer": "Layer 1" }, "geometry": { "type": "LineString", "coordinates": [ [ 83.0284, 64.5145 ], [ 83.0284, 64.4966 ] ] } },
{ "type": "Feature", "properties": { "Layer": "Layer 1" }, "geometry": { "type": "LineString", "coordinates": [ [ 83.0284, 64.4966 ], [ 83.0605, 64.4396 ] ] } },
{ "type": "Feature", "properties": { "Layer": "Layer 1" }, "geometry": { "type": "LineString", "coordinates": [ [ 83.0605, 64.4396 ], [ 83.2138, 64.4503 ] ] } },
{ "type": "Feature", "properties": { "Layer": "Layer 1" }, "geometry": { "type": "LineString", "coordinates": [ [ 83.2138, 64.4503 ], [ 83.4241, 64.518 ] ] } },
{ "type": "Feature", "properties": { "Layer": "Layer 1" }, "geometry": { "type": "LineString", "coordinates": [ [ 83.4241, 64.518 ], [ 83.6202, 64.4539 ] ] } },
{ "type": "Feature", "properties": { "Layer": "Layer 1" }, "geometry": { "type": "LineString", "coordinates": [ [ 83.6202, 64.4539 ], [ 83.6202, 64.3184 ] ] } },
{ "type": "Feature", "properties": { "Layer": "Layer 1" }, "geometry": { "type": "LineString", "coordinates": [ [ 83.6202, 64.3184 ], [ 83.5703, 64.1152 ] ] } },
{ "type": "Feature", "properties": { "Layer": "Layer 1" }, "geometry": { "type": "LineString", "coordinates": [ [ 83.5703, 64.1152 ], [ 83.5988, 64.0154 ] ] } },
{ "type": "Feature", "properties": { "Layer": "Layer 1" }, "geometry": { "type": "LineString", "coordinates": [ [ 83.5988, 64.0154 ], [ 83.6202, 63.8835 ] ] } },
{ "type": "Feature", "properties": { "Layer": "Layer 1" }, "geometry": { "type": "LineString", "coordinates": [ [ 83.6202, 63.8835 ], [ 83.6273, 63.8443 ] ] } },
{ "type": "Feature", "properties": { "Layer": "Layer 1" }, "geometry": { "type": "LineString", "coordinates": [ [ 83.6273, 63.8443 ], [ 83.5917, 63.7444 ] ] } },
{ "type": "Feature", "properties": { "Layer": "Layer 1" }, "geometry": { "type": "LineString", "coordinates": [ [ 83.5917, 63.7444 ], [ 83.6701, 63.691 ] ] } },
{ "type": "Feature", "properties": { "Layer": "Layer 1" }, "geometry": { "type": "LineString", "coordinates": [ [ 83.6701, 63.691 ], [ 83.5275, 63.4878 ] ] } },
{ "type": "Feature", "properties": { "Layer": "Layer 1" }, "geometry": { "type": "LineString", "coordinates": [ [ 83.5275, 63.4878 ], [ 83.4491, 63.3416 ] ] } },
{ "type": "Feature", "properties": { "Layer": "Layer 1" }, "geometry": { "type": "LineString", "coordinates": [ [ 83.4491, 63.3416 ], [ 83.3814, 62.9352 ] ] } },
{ "type": "Feature", "properties": { "Layer": "Layer 1" }, "geometry": { "type": "LineString", "coordinates": [ [ 83.3814, 62.9352 ], [ 83.4099, 62.7748 ] ] } },
{ "type": "Feature", "properties": { "Layer": "Layer 1" }, "geometry": { "type": "LineString", "coordinates": [ [ 83.4099, 62.7748 ], [ 83.4669, 62.6322 ] ] } },
{ "type": "Feature", "properties": { "Layer": "Layer 1" }, "geometry": { "type": "LineString", "coordinates": [ [ 83.4669, 62.6322 ], [ 83.7521, 62.65 ] ] } },
{ "type": "Feature", "properties": { "Layer": "Layer 1" }, "geometry": { "type": "LineString", "coordinates": [ [ 83.7521, 62.65 ], [ 83.6915, 62.5252 ] ] } },
{ "type": "Feature", "properties": { "Layer": "Layer 1" }, "geometry": { "type": "LineString", "coordinates": [ [ 83.6915, 62.5252 ], [ 83.8092, 62.4361 ] ] } },
{ "type": "Feature", "properties": { "Layer": "Layer 1" }, "geometry": { "type": "LineString", "coordinates": [ [ 83.8092, 62.4361 ], [ 83.7842, 62.2579 ] ] } },
{ "type": "Feature", "properties": { "Layer": "Layer 1" }, "geometry": { "type": "LineString", "coordinates": [ [ 83.7842, 62.2579 ], [ 83.8198, 62.2365 ] ] } },
{ "type": "Feature", "properties": { "Layer": "Layer 1" }, "geometry": { "type": "LineString", "coordinates": [ [ 83.8198, 62.2365 ], [ 84.0266, 62.2115 ] ] } },
{ "type": "Feature", "properties": { "Layer": "Layer 1" }, "geometry": { "type": "LineString", "coordinates": [ [ 84.0266, 62.2115 ], [ 84.2583, 62.2186 ] ] } },
{ "type": "Feature", "properties": { "Layer": "Layer 1" }, "geometry": { "type": "LineString", "coordinates": [ [ 84.2583, 62.2186 ], [ 84.6505, 62.1295 ] ] } },
{ "type": "Feature", "properties": { "Layer": "Layer 1" }, "geometry": { "type": "LineString", "coordinates": [ [ 84.6505, 62.1295 ], [ 84.6897, 62.126 ] ] } },
{ "type": "Feature", "properties": { "Layer": "Layer 1" }, "geometry": { "type": "LineString", "coordinates": [ [ 84.6897, 62.126 ], [ 84.8786, 62.1652 ] ] } },
{ "type": "Feature", "properties": { "Layer": "Layer 1" }, "geometry": { "type": "LineString", "coordinates": [ [ 84.8786, 62.1652 ], [ 85.1567, 62.3327 ] ] } },
{ "type": "Feature", "properties": { "Layer": "Layer 1" }, "geometry": { "type": "LineString", "coordinates": [ [ 85.1567, 62.3327 ], [ 85.3242, 62.3969 ] ] } },
{ "type": "Feature", "properties": { "Layer": "Layer 1" }, "geometry": { "type": "LineString", "coordinates": [ [ 85.3242, 62.3969 ], [ 85.5845, 62.707 ] ] } },
{ "type": "Feature", "properties": { "Layer": "Layer 1" }, "geometry": { "type": "LineString", "coordinates": [ [ 85.5845, 62.707 ], [ 85.7984, 63.2525 ] ] } },
{ "type": "Feature", "properties": { "Layer": "Layer 1" }, "geometry": { "type": "LineString", "coordinates": [ [ 85.7984, 63.2525 ], [ 85.6736, 63.4949 ] ] } },
{ "type": "Feature", "properties": { "Layer": "Layer 1" }, "geometry": { "type": "LineString", "coordinates": [ [ 85.6736, 63.4949 ], [ 85.6237, 63.9583 ] ] } },
{ "type": "Feature", "properties": { "Layer": "Layer 1" }, "geometry": { "type": "LineString", "coordinates": [ [ 85.6237, 63.9583 ], [ 85.588, 64.0296 ] ] } },
{ "type": "Feature", "properties": { "Layer": "Layer 1" }, "geometry": { "type": "LineString", "coordinates": [ [ 85.588, 64.0296 ], [ 85.3777, 64.1045 ] ] } },
{ "type": "Feature", "properties": { "Layer": "Layer 1" }, "geometry": { "type": "LineString", "coordinates": [ [ 85.3777, 64.1045 ], [ 85.2209, 64.1508 ] ] } },
{ "type": "Feature", "properties": { "Layer": "Layer 1" }, "geometry": { "type": "LineString", "coordinates": [ [ 85.2209, 64.1508 ], [ 85.1246, 63.3309 ] ] } },
{ "type": "Feature", "properties": { "Layer": "Layer 1" }, "geometry": { "type": "LineString", "coordinates": [ [ 85.1246, 63.3309 ], [ 85.0497, 62.3185 ] ] } },
{ "type": "Feature", "properties": { "Layer": "Layer 1" }, "geometry": { "type": "LineString", "coordinates": [ [ 85.0497, 62.3185 ], [ 85.0854, 62.2579 ] ] } },
{ "type": "Feature", "properties": { "Layer": "Layer 1" }, "geometry": { "type": "LineString", "coordinates": [ [ 85.0854, 62.2579 ], [ 85.1959, 62.1866 ] ] } },
{ "type": "Feature", "properties": { "Layer": "Layer 1" }, "geometry": { "type": "LineString", "coordinates": [ [ 85.1959, 62.1866 ], [ 85.4134, 62.1687 ] ] } },
{ "type": "Feature", "properties": { "Layer": "Layer 1" }, "geometry": { "type": "LineString", "coordinates": [ [ 85.4134, 62.1687 ], [ 85.7199, 62.158 ] ] } },
{ "type": "Feature", "properties": { "Layer": "Layer 1" }, "geometry": { "type": "LineString", "coordinates": [ [ 85.7199, 62.158 ], [ 85.8982, 62.0796 ] ] } },
{ "type": "Feature", "properties": { "Layer": "Layer 1" }, "geometry": { "type": "LineString", "coordinates": [ [ 85.8982, 62.0796 ], [ 86.0836, 61.9477 ] ] } },
{ "type": "Feature", "properties": { "Layer": "Layer 1" }, "geometry": { "type": "LineString", "coordinates": [ [ 86.0836, 61.9477 ], [ 86.1834, 61.8051 ] ] } },
{ "type": "Feature", "properties": { "Layer": "Layer 1" }, "geometry": { "type": "LineString", "coordinates": [ [ 86.1834, 61.8051 ], [ 86.2654, 61.6839 ] ] } },
{ "type": "Feature", "properties": { "Layer": "Layer 1" }, "geometry": { "type": "LineString", "coordinates": [ [ 86.2654, 61.6839 ], [ 86.5648, 61.3381 ] ] } },
{ "type": "Feature", "properties": { "Layer": "Layer 1" }, "geometry": { "type": "LineString", "coordinates": [ [ 86.5648, 61.3381 ], [ 86.7288, 61.0779 ] ] } },
{ "type": "Feature", "properties": { "Layer": "Layer 1" }, "geometry": { "type": "LineString", "coordinates": [ [ 86.7288, 61.0779 ], [ 87.1388, 60.6037 ] ] } },
{ "type": "Feature", "properties": { "Layer": "Layer 1" }, "geometry": { "type": "LineString", "coordinates": [ [ 87.1388, 60.6037 ], [ 87.1816, 60.4255 ] ] } },
{ "type": "Feature", "properties": { "Layer": "Layer 1" }, "geometry": { "type": "LineString", "coordinates": [ [ 87.1816, 60.4255 ], [ 87.1816, 60.3435 ] ] } },
{ "type": "Feature", "properties": { "Layer": "Layer 1" }, "geometry": { "type": "LineString", "coordinates": [ [ 87.1816, 60.3435 ], [ 87.3099, 60.2294 ] ] } },
{ "type": "Feature", "properties": { "Layer": "Layer 1" }, "geometry": { "type": "LineString", "coordinates": [ [ 87.3099, 60.2294 ], [ 87.6985, 59.9407 ] ] } },
{ "type": "Feature", "properties": { "Layer": "Layer 1" }, "geometry": { "type": "LineString", "coordinates": [ [ 87.6985, 59.9407 ], [ 87.8054, 59.7482 ] ] } },
{ "type": "Feature", "properties": { "Layer": "Layer 1" }, "geometry": { "type": "LineString", "coordinates": [ [ 87.8054, 59.7482 ], [ 87.9837, 59.5984 ] ] } },
{ "type": "Feature", "properties": { "Layer": "Layer 1" }, "geometry": { "type": "LineString", "coordinates": [ [ 87.9837, 59.5984 ], [ 88.2118, 59.4772 ] ] } },
{ "type": "Feature", "properties": { "Layer": "Layer 1" }, "geometry": { "type": "LineString", "coordinates": [ [ 88.2118, 59.4772 ], [ 88.6753, 59.2455 ] ] } },
{ "type": "Feature", "properties": { "Layer": "Layer 1" }, "geometry": { "type": "LineString", "coordinates": [ [ 88.6753, 59.2455 ], [ 88.718, 59.2384 ] ] } },
{ "type": "Feature", "properties": { "Layer": "Layer 1" }, "geometry": { "type": "LineString", "coordinates": [ [ 88.718, 59.2384 ], [ 89.0603, 59.2705 ] ] } },
{ "type": "Feature", "properties": { "Layer": "Layer 1" }, "geometry": { "type": "LineString", "coordinates": [ [ 89.0603, 59.2705 ], [ 89.1458, 59.217 ] ] } },
{ "type": "Feature", "properties": { "Layer": "Layer 1" }, "geometry": { "type": "LineString", "coordinates": [ [ 89.1458, 59.217 ], [ 89.1066, 59.1493 ] ] } },
{ "type": "Feature", "properties": { "Layer": "Layer 1" }, "geometry": { "type": "LineString", "coordinates": [ [ 89.1066, 59.1493 ], [ 89.1494, 59.0423 ] ] } },
{ "type": "Feature", "properties": { "Layer": "Layer 1" }, "geometry": { "type": "LineString", "coordinates": [ [ 89.1494, 59.0423 ], [ 89.0852, 58.8748 ] ] } },
{ "type": "Feature", "properties": { "Layer": "Layer 1" }, "geometry": { "type": "LineString", "coordinates": [ [ 89.0852, 58.8748 ], [ 89.128, 58.7678 ] ] } },
{ "type": "Feature", "properties": { "Layer": "Layer 1" }, "geometry": { "type": "LineString", "coordinates": [ [ 89.128, 58.7678 ], [ 89.4168, 58.529 ] ] } },
{ "type": "Feature", "properties": { "Layer": "Layer 1" }, "geometry": { "type": "LineString", "coordinates": [ [ 89.4168, 58.529 ], [ 89.5344, 58.4505 ] ] } },
{ "type": "Feature", "properties": { "Layer": "Layer 1" }, "geometry": { "type": "LineString", "coordinates": [ [ 89.5344, 58.4505 ], [ 89.6627, 58.4755 ] ] } },
{ "type": "Feature", "properties": { "Layer": "Layer 1" }, "geometry": { "type": "LineString", "coordinates": [ [ 89.6627, 58.4755 ], [ 90.1048, 58.5076 ] ] } },
{ "type": "Feature", "properties": { "Layer": "Layer 1" }, "geometry": { "type": "LineString", "coordinates": [ [ 90.1048, 58.5076 ], [ 90.3329, 58.4078 ] ] } },
{ "type": "Feature", "properties": { "Layer": "Layer 1" }, "geometry": { "type": "LineString", "coordinates": [ [ 90.3329, 58.4078 ], [ 90.4328, 58.3828 ] ] } },
{ "type": "Feature", "properties": { "Layer": "Layer 1" }, "geometry": { "type": "LineString", "coordinates": [ [ 90.4328, 58.3828 ], [ 90.4827, 58.3008 ] ] } },
{ "type": "Feature", "properties": { "Layer": "Layer 1" }, "geometry": { "type": "LineString", "coordinates": [ [ 90.4827, 58.3008 ], [ 90.7073, 58.2046 ] ] } },
{ "type": "Feature", "properties": { "Layer": "Layer 1" }, "geometry": { "type": "LineString", "coordinates": [ [ 90.7073, 58.2046 ], [ 90.8035, 58.0976 ] ] } },
{ "type": "Feature", "properties": { "Layer": "Layer 1" }, "geometry": { "type": "LineString", "coordinates": [ [ 90.8035, 58.0976 ], [ 90.8356, 57.9871 ] ] } },
{ "type": "Feature", "properties": { "Layer": "Layer 1" }, "geometry": { "type": "LineString", "coordinates": [ [ 90.8356, 57.9871 ], [ 90.8285, 57.7162 ] ] } },
{ "type": "Feature", "properties": { "Layer": "Layer 1" }, "geometry": { "type": "LineString", "coordinates": [ [ 90.8285, 57.7162 ], [ 90.8855, 57.6163 ] ] } },
{ "type": "Feature", "properties": { "Layer": "Layer 1" }, "geometry": { "type": "LineString", "coordinates": [ [ 90.8855, 57.6163 ], [ 90.9996, 57.5379 ] ] } },
{ "type": "Feature", "properties": { "Layer": "Layer 1" }, "geometry": { "type": "LineString", "coordinates": [ [ 90.9996, 57.5379 ], [ 91.3347, 57.3811 ] ] } },
{ "type": "Feature", "properties": { "Layer": "Layer 1" }, "geometry": { "type": "LineString", "coordinates": [ [ 91.3347, 57.3811 ], [ 91.4808, 57.16 ] ] } },
{ "type": "Feature", "properties": { "Layer": "Layer 1" }, "geometry": { "type": "LineString", "coordinates": [ [ 91.4808, 57.16 ], [ 91.5949, 56.9747 ] ] } },
{ "type": "Feature", "properties": { "Layer": "Layer 1" }, "geometry": { "type": "LineString", "coordinates": [ [ 91.5949, 56.9747 ], [ 91.7553, 56.7786 ] ] } },
{ "type": "Feature", "properties": { "Layer": "Layer 1" }, "geometry": { "type": "LineString", "coordinates": [ [ 91.7553, 56.7786 ], [ 91.6163, 56.7893 ] ] } },
{ "type": "Feature", "properties": { "Layer": "Layer 1" }, "geometry": { "type": "LineString", "coordinates": [ [ 91.6163, 56.7893 ], [ 91.6413, 56.7679 ] ] } },
{ "type": "Feature", "properties": { "Layer": "Layer 1" }, "geometry": { "type": "LineString", "coordinates": [ [ 91.6413, 56.7679 ], [ 91.7411, 56.6716 ] ] } },
{ "type": "Feature", "properties": { "Layer": "Layer 1" }, "geometry": { "type": "LineString", "coordinates": [ [ 91.7411, 56.6716 ], [ 91.8231, 56.5433 ] ] } },
{ "type": "Feature", "properties": { "Layer": "Layer 1" }, "geometry": { "type": "LineString", "coordinates": [ [ 91.8231, 56.5433 ], [ 91.9692, 56.5611 ] ] } },
{ "type": "Feature", "properties": { "Layer": "Layer 1" }, "geometry": { "type": "LineString", "coordinates": [ [ 91.9692, 56.5611 ], [ 92.1225, 56.6075 ] ] } },
{ "type": "Feature", "properties": { "Layer": "Layer 1" }, "geometry": { "type": "LineString", "coordinates": [ [ 92.1225, 56.6075 ], [ 92.3115, 56.5861 ] ] } },
{ "type": "Feature", "properties": { "Layer": "Layer 1" }, "geometry": { "type": "LineString", "coordinates": [ [ 92.3115, 56.5861 ], [ 92.4149, 56.5184 ] ] } },
{ "type": "Feature", "properties": { "Layer": "Layer 1" }, "geometry": { "type": "LineString", "coordinates": [ [ 92.4149, 56.5184 ], [ 92.4398, 56.4577 ] ] } },
{ "type": "Feature", "properties": { "Layer": "Layer 1" }, "geometry": { "type": "LineString", "coordinates": [ [ 92.4398, 56.4577 ], [ 92.6038, 56.2759 ] ] } },
{ "type": "Feature", "properties": { "Layer": "Layer 1" }, "geometry": { "type": "LineString", "coordinates": [ [ 92.6038, 56.2759 ], [ 92.6145, 56.2189 ] ] } },
{ "type": "Feature", "properties": { "Layer": "Layer 1" }, "geometry": { "type": "LineString", "coordinates": [ [ 92.6145, 56.2189 ], [ 92.7927, 56.0692 ] ] } },
{ "type": "Feature", "properties": { "Layer": "Layer 1" }, "geometry": { "type": "LineString", "coordinates": [ [ 92.7927, 56.0692 ], [ 92.8391, 55.923 ] ] } },
{ "type": "Feature", "properties": { "Layer": "Layer 1" }, "geometry": { "type": "LineString", "coordinates": [ [ 92.8391, 55.923 ], [ 92.9032, 55.7875 ] ] } },
{ "type": "Feature", "properties": { "Layer": "Layer 1" }, "geometry": { "type": "LineString", "coordinates": [ [ 92.9032, 55.7875 ], [ 93.0351, 55.6343 ] ] } },
{ "type": "Feature", "properties": { "Layer": "Layer 1" }, "geometry": { "type": "LineString", "coordinates": [ [ 93.0351, 55.6343 ], [ 93.1278, 55.6022 ] ] } },
{ "type": "Feature", "properties": { "Layer": "Layer 1" }, "geometry": { "type": "LineString", "coordinates": [ [ 93.1278, 55.6022 ], [ 93.2383, 55.5451 ] ] } },
{ "type": "Feature", "properties": { "Layer": "Layer 1" }, "geometry": { "type": "LineString", "coordinates": [ [ 93.2383, 55.5451 ], [ 93.3203, 55.399 ] ] } },
{ "type": "Feature", "properties": { "Layer": "Layer 1" }, "geometry": { "type": "LineString", "coordinates": [ [ 93.3203, 55.399 ], [ 93.3132, 55.4025 ] ] } },
{ "type": "Feature", "properties": { "Layer": "Layer 1" }, "geometry": { "type": "LineString", "coordinates": [ [ 93.3132, 55.4025 ], [ 93.413, 55.3598 ] ] } },
{ "type": "Feature", "properties": { "Layer": "Layer 1" }, "geometry": { "type": "LineString", "coordinates": [ [ 93.413, 55.3598 ], [ 93.4095, 55.2778 ] ] } },
{ "type": "Feature", "properties": { "Layer": "Layer 1" }, "geometry": { "type": "LineString", "coordinates": [ [ 93.4095, 55.2778 ], [ 93.3667, 55.1387 ] ] } },
{ "type": "Feature", "properties": { "Layer": "Layer 1" }, "geometry": { "type": "LineString", "coordinates": [ [ 93.3667, 55.1387 ], [ 93.438, 55.0068 ] ] } },
{ "type": "Feature", "properties": { "Layer": "Layer 1" }, "geometry": { "type": "LineString", "coordinates": [ [ 93.438, 55.0068 ], [ 93.6376, 54.9141 ] ] } },
{ "type": "Feature", "properties": { "Layer": "Layer 1" }, "geometry": { "type": "LineString", "coordinates": [ [ 93.6376, 54.9141 ], [ 93.5342, 54.9961 ] ] } },
{ "type": "Feature", "properties": { "Layer": "Layer 1" }, "geometry": { "type": "LineString", "coordinates": [ [ 93.5342, 54.9961 ], [ 93.4522, 55.0389 ] ] } },
{ "type": "Feature", "properties": { "Layer": "Layer 1" }, "geometry": { "type": "LineString", "coordinates": [ [ 93.4522, 55.0389 ], [ 93.3845, 55.0532 ] ] } },
{ "type": "Feature", "properties": { "Layer": "Layer 1" }, "geometry": { "type": "LineString", "coordinates": [ [ 93.3845, 55.0532 ], [ 93.4273, 55.014 ] ] } },
{ "type": "Feature", "properties": { "Layer": "Layer 1" }, "geometry": { "type": "LineString", "coordinates": [ [ 93.4273, 55.014 ], [ 93.3845, 55.1566 ] ] } },
{ "type": "Feature", "properties": { "Layer": "Layer 1" }, "geometry": { "type": "LineString", "coordinates": [ [ 93.3845, 55.1566 ], [ 93.4843, 54.9177 ] ] } },
{ "type": "Feature", "properties": { "Layer": "Layer 1" }, "geometry": { "type": "LineString", "coordinates": [ [ 93.4843, 54.9177 ], [ 93.4736, 54.9534 ] ] } },
{ "type": "Feature", "properties": { "Layer": "Layer 1" }, "geometry": { "type": "LineString", "coordinates": [ [ 93.4736, 54.9534 ], [ 93.659, 54.9427 ] ] } },
{ "type": "Feature", "properties": { "Layer": "Layer 1" }, "geometry": { "type": "LineString", "coordinates": [ [ 93.659, 54.9427 ], [ 93.659, 54.9462 ] ] } },
{ "type": "Feature", "properties": { "Layer": "Layer 1" }, "geometry": { "type": "LineString", "coordinates": [ [ 93.659, 54.9462 ], [ 93.6768, 54.9605 ] ] } },
{ "type": "Feature", "properties": { "Layer": "Layer 1" }, "geometry": { "type": "LineString", "coordinates": [ [ 93.6768, 54.9605 ], [ 93.1171, 54.7002 ] ] } },
{ "type": "Feature", "properties": { "Layer": "Layer 1" }, "geometry": { "type": "LineString", "coordinates": [ [ 93.1171, 54.7002 ], [ 93.0387, 54.5933 ] ] } },
{ "type": "Feature", "properties": { "Layer": "Layer 1" }, "geometry": { "type": "LineString", "coordinates": [ [ 93.0387, 54.5933 ], [ 93.0245, 54.4685 ] ] } },
{ "type": "Feature", "properties": { "Layer": "Layer 1" }, "geometry": { "type": "LineString", "coordinates": [ [ 93.0245, 54.4685 ], [ 93.217, 54.3295 ] ] } },
{ "type": "Feature", "properties": { "Layer": "Layer 1" }, "geometry": { "type": "LineString", "coordinates": [ [ 93.217, 54.3295 ], [ 93.2241, 54.2796 ] ] } },
{ "type": "Feature", "properties": { "Layer": "Layer 1" }, "geometry": { "type": "LineString", "coordinates": [ [ 93.2241, 54.2796 ], [ 93.2811, 54.2119 ] ] } },
{ "type": "Feature", "properties": { "Layer": "Layer 1" }, "geometry": { "type": "LineString", "coordinates": [ [ 93.2811, 54.2119 ], [ 93.3096, 54.1156 ] ] } },
{ "type": "Feature", "properties": { "Layer": "Layer 1" }, "geometry": { "type": "LineString", "coordinates": [ [ 93.3096, 54.1156 ], [ 93.3667, 54.0978 ] ] } },
{ "type": "Feature", "properties": { "Layer": "Layer 1" }, "geometry": { "type": "LineString", "coordinates": [ [ 93.3667, 54.0978 ], [ 93.438, 53.7627 ] ] } },
{ "type": "Feature", "properties": { "Layer": "Layer 1" }, "geometry": { "type": "LineString", "coordinates": [ [ 93.438, 53.7627 ], [ 93.4843, 53.7413 ] ] } },
{ "type": "Feature", "properties": { "Layer": "Layer 1" }, "geometry": { "type": "LineString", "coordinates": [ [ 93.4843, 53.7413 ], [ 93.5235, 53.5951 ] ] } },
{ "type": "Feature", "properties": { "Layer": "Layer 1" }, "geometry": { "type": "LineString", "coordinates": [ [ 93.5235, 53.5951 ], [ 93.5913, 53.4953 ] ] } },
{ "type": "Feature", "properties": { "Layer": "Layer 1" }, "geometry": { "type": "LineString", "coordinates": [ [ 93.5913, 53.4953 ], [ 93.6804, 53.3955 ] ] } },
{ "type": "Feature", "properties": { "Layer": "Layer 1" }, "geometry": { "type": "LineString", "coordinates": [ [ 93.6804, 53.3955 ], [ 93.7517, 53.3527 ] ] } },
{ "type": "Feature", "properties": { "Layer": "Layer 1" }, "geometry": { "type": "LineString", "coordinates": [ [ 93.7517, 53.3527 ], [ 93.987, 53.1459 ] ] } },
{ "type": "Feature", "properties": { "Layer": "Layer 1" }, "geometry": { "type": "LineString", "coordinates": [ [ 93.987, 53.1459 ], [ 94.511, 52.9214 ] ] } },
{ "type": "Feature", "properties": { "Layer": "Layer 1" }, "geometry": { "type": "LineString", "coordinates": [ [ 94.511, 52.9214 ], [ 94.6607, 52.8572 ] ] } },
{ "type": "Feature", "properties": { "Layer": "Layer 1" }, "geometry": { "type": "LineString", "coordinates": [ [ 94.6607, 52.8572 ], [ 95.1064, 52.7146 ] ] } },
{ "type": "Feature", "properties": { "Layer": "Layer 1" }, "geometry": { "type": "LineString", "coordinates": [ [ 95.1064, 52.7146 ], [ 95.4201, 52.6504 ] ] } },
{ "type": "Feature", "properties": { "Layer": "Layer 1" }, "geometry": { "type": "LineString", "coordinates": [ [ 95.4201, 52.6504 ], [ 95.6981, 52.4615 ] ] } },
{ "type": "Feature", "properties": { "Layer": "Layer 1" }, "geometry": { "type": "LineString", "coordinates": [ [ 95.6981, 52.4615 ], [ 95.8621, 52.4401 ] ] } },
{ "type": "Feature", "properties": { "Layer": "Layer 1" }, "geometry": { "type": "LineString", "coordinates": [ [ 95.8621, 52.4401 ], [ 96.0261, 52.433 ] ] } },
{ "type": "Feature", "properties": { "Layer": "Layer 1" }, "geometry": { "type": "LineString", "coordinates": [ [ 96.0261, 52.433 ], [ 96.158, 52.3902 ] ] } },
{ "type": "Feature", "properties": { "Layer": "Layer 1" }, "geometry": { "type": "LineString", "coordinates": [ [ 96.158, 52.3902 ], [ 96.3541, 52.3225 ] ] } },
{ "type": "Feature", "properties": { "Layer": "Layer 1" }, "geometry": { "type": "LineString", "coordinates": [ [ 96.3541, 52.3225 ], [ 96.4646, 52.2547 ] ] } },
{ "type": "Feature", "properties": { "Layer": "Layer 1" }, "geometry": { "type": "LineString", "coordinates": [ [ 96.4646, 52.2547 ], [ 96.6428, 52.1121 ] ] } },
{ "type": "Feature", "properties": { "Layer": "Layer 1" }, "geometry": { "type": "LineString", "coordinates": [ [ 96.6428, 52.1121 ], [ 96.7712, 52.0444 ] ] } },
{ "type": "Feature", "properties": { "Layer": "Layer 1" }, "geometry": { "type": "LineString", "coordinates": [ [ 96.7712, 52.0444 ], [ 97.1419, 51.941 ] ] } },
{ "type": "Feature", "properties": { "Layer": "Layer 1" }, "geometry": { "type": "LineString", "coordinates": [ [ 97.1419, 51.941 ], [ 97.2881, 51.9446 ] ] } },
{ "type": "Feature", "properties": { "Layer": "Layer 1" }, "geometry": { "type": "LineString", "coordinates": [ [ 97.2881, 51.9446 ], [ 97.3237, 51.9767 ] ] } },
{ "type": "Feature", "properties": { "Layer": "Layer 1" }, "geometry": { "type": "LineString", "coordinates": [ [ 97.3237, 51.9767 ], [ 97.5519, 52.0052 ] ] } },
{ "type": "Feature", "properties": { "Layer": "Layer 1" }, "geometry": { "type": "LineString", "coordinates": [ [ 97.5519, 52.0052 ], [ 97.6339, 51.9695 ] ] } },
{ "type": "Feature", "properties": { "Layer": "Layer 1" }, "geometry": { "type": "LineString", "coordinates": [ [ 97.6339, 51.9695 ], [ 97.9904, 51.8127 ] ] } },
{ "type": "Feature", "properties": { "Layer": "Layer 1" }, "geometry": { "type": "LineString", "coordinates": [ [ 97.9904, 51.8127 ], [ 98.2471, 51.8055 ] ] } },
{ "type": "Feature", "properties": { "Layer": "Layer 1" }, "geometry": { "type": "LineString", "coordinates": [ [ 98.2471, 51.8055 ], [ 98.7069, 51.531 ] ] } },
{ "type": "Feature", "properties": { "Layer": "Layer 1" }, "geometry": { "type": "LineString", "coordinates": [ [ 98.7069, 51.531 ], [ 98.6891, 51.4704 ] ] } },
{ "type": "Feature", "properties": { "Layer": "Layer 1" }, "geometry": { "type": "LineString", "coordinates": [ [ 98.6891, 51.4704 ], [ 98.8174, 51.1567 ] ] } },
{ "type": "Feature", "properties": { "Layer": "Layer 1" }, "geometry": { "type": "LineString", "coordinates": [ [ 98.8174, 51.1567 ], [ 98.8816, 50.9357 ] ] } },
{ "type": "Feature", "properties": { "Layer": "Layer 1" }, "geometry": { "type": "LineString", "coordinates": [ [ 98.8816, 50.9357 ], [ 98.8887, 50.6042 ] ] } },
{ "type": "Feature", "properties": { "Layer": "Layer 1" }, "geometry": { "type": "LineString", "coordinates": [ [ 98.8887, 50.6042 ], [ 98.9636, 50.5543 ] ] } },
{ "type": "Feature", "properties": { "Layer": "Layer 1" }, "geometry": { "type": "LineString", "coordinates": [ [ 98.9636, 50.5543 ], [ 99.0099, 50.4402 ] ] } },
{ "type": "Feature", "properties": { "Layer": "Layer 1" }, "geometry": { "type": "LineString", "coordinates": [ [ 99.0099, 50.4402 ], [ 98.9743, 50.3118 ] ] } },
{ "type": "Feature", "properties": { "Layer": "Layer 1" }, "geometry": { "type": "LineString", "coordinates": [ [ 98.9743, 50.3118 ], [ 99.0028, 50.2655 ] ] } },
{ "type": "Feature", "properties": { "Layer": "Layer 1" }, "geometry": { "type": "LineString", "coordinates": [ [ 99.0028, 50.2655 ], [ 98.9814, 50.0088 ] ] } },
{ "type": "Feature", "properties": { "Layer": "Layer 1" }, "geometry": { "type": "LineString", "coordinates": [ [ 98.9814, 50.0088 ], [ 98.9137, 49.7807 ] ] } },
{ "type": "Feature", "properties": { "Layer": "Layer 1" }, "geometry": { "type": "LineString", "coordinates": [ [ 98.9137, 49.7807 ], [ 98.8852, 49.663 ] ] } },
{ "type": "Feature", "properties": { "Layer": "Layer 1" }, "geometry": { "type": "LineString", "coordinates": [ [ 98.8852, 49.663 ], [ 98.8281, 49.3244 ] ] } },
{ "type": "Feature", "properties": { "Layer": "Layer 1" }, "geometry": { "type": "LineString", "coordinates": [ [ 98.8281, 49.3244 ], [ 98.6178, 48.6613 ] ] } },
{ "type": "Feature", "properties": { "Layer": "Layer 1" }, "geometry": { "type": "LineString", "coordinates": [ [ 98.6178, 48.6613 ], [ 98.5928, 48.4723 ] ] } },
{ "type": "Feature", "properties": { "Layer": "Layer 1" }, "geometry": { "type": "LineString", "coordinates": [ [ 98.5928, 48.4723 ], [ 98.6107, 48.4795 ] ] } },
{ "type": "Feature", "properties": { "Layer": "Layer 1" }, "geometry": { "type": "LineString", "coordinates": [ [ 98.6107, 48.4795 ], [ 98.7141, 48.4046 ] ] } },
{ "type": "Feature", "properties": { "Layer": "Layer 1" }, "geometry": { "type": "LineString", "coordinates": [ [ 98.7141, 48.4046 ], [ 98.7354, 48.3119 ] ] } },
{ "type": "Feature", "properties": { "Layer": "Layer 1" }, "geometry": { "type": "LineString", "coordinates": [ [ 98.7354, 48.3119 ], [ 98.7426, 48.2442 ] ] } },
{ "type": "Feature", "properties": { "Layer": "Layer 1" }, "geometry": { "type": "LineString", "coordinates": [ [ 98.7426, 48.2442 ], [ 98.796, 48.0802 ] ] } },
{ "type": "Feature", "properties": { "Layer": "Layer 1" }, "geometry": { "type": "LineString", "coordinates": [ [ 98.796, 48.0802 ], [ 98.8317, 47.7451 ] ] } },
{ "type": "Feature", "properties": { "Layer": "Layer 1" }, "geometry": { "type": "LineString", "coordinates": [ [ 98.8317, 47.7451 ], [ 98.8567, 47.1854 ] ] } },
{ "type": "Feature", "properties": { "Layer": "Layer 1" }, "geometry": { "type": "LineString", "coordinates": [ [ 98.8567, 47.1854 ], [ 98.8994, 46.8325 ] ] } },
{ "type": "Feature", "properties": { "Layer": "Layer 1" }, "geometry": { "type": "LineString", "coordinates": [ [ 98.8994, 46.8325 ], [ 98.8887, 46.7648 ] ] } },
{ "type": "Feature", "properties": { "Layer": "Layer 1" }, "geometry": { "type": "LineString", "coordinates": [ [ 98.8887, 46.7648 ], [ 98.8709, 46.6435 ] ] } },
{ "type": "Feature", "properties": { "Layer": "Layer 1" }, "geometry": { "type": "LineString", "coordinates": [ [ 98.8709, 46.6435 ], [ 98.8424, 46.6115 ] ] } },
{ "type": "Feature", "properties": { "Layer": "Layer 1" }, "geometry": { "type": "LineString", "coordinates": [ [ 98.8424, 46.6115 ], [ 98.8317, 46.5259 ] ] } },
{ "type": "Feature", "properties": { "Layer": "Layer 1" }, "geometry": { "type": "LineString", "coordinates": [ [ 98.8317, 46.5259 ], [ 98.7568, 46.3726 ] ] } },
{ "type": "Feature", "properties": { "Layer": "Layer 1" }, "geometry": { "type": "LineString", "coordinates": [ [ 98.7568, 46.3726 ], [ 98.796, 46.2478 ] ] } },
{ "type": "Feature", "properties": { "Layer": "Layer 1" }, "geometry": { "type": "LineString", "coordinates": [ [ 98.796, 46.2478 ], [ 98.8174, 45.9413 ] ] } },
{ "type": "Feature", "properties": { "Layer": "Layer 1" }, "geometry": { "type": "LineString", "coordinates": [ [ 98.8174, 45.9413 ], [ 98.8887, 45.7987 ] ] } },
{ "type": "Feature", "properties": { "Layer": "Layer 1" }, "geometry": { "type": "LineString", "coordinates": [ [ 98.8887, 45.7987 ], [ 98.9565, 45.6347 ] ] } },
{ "type": "Feature", "properties": { "Layer": "Layer 1" }, "geometry": { "type": "LineString", "coordinates": [ [ 98.9565, 45.6347 ], [ 99.0456, 44.886 ] ] } },
{ "type": "Feature", "properties": { "Layer": "Layer 1" }, "geometry": { "type": "LineString", "coordinates": [ [ 99.0456, 44.886 ], [ 98.985, 44.8361 ] ] } },
{ "type": "Feature", "properties": { "Layer": "Layer 1" }, "geometry": { "type": "LineString", "coordinates": [ [ 98.985, 44.8361 ], [ 98.9814, 44.6187 ] ] } },
{ "type": "Feature", "properties": { "Layer": "Layer 1" }, "geometry": { "type": "LineString", "coordinates": [ [ 98.9814, 44.6187 ], [ 99.067, 44.305 ] ] } },
{ "type": "Feature", "properties": { "Layer": "Layer 1" }, "geometry": { "type": "LineString", "coordinates": [ [ 99.067, 44.305 ], [ 99.0527, 44.1231 ] ] } },
{ "type": "Feature", "properties": { "Layer": "Layer 1" }, "geometry": { "type": "LineString", "coordinates": [ [ 99.0527, 44.1231 ], [ 99.0242, 43.9556 ] ] } },
{ "type": "Feature", "properties": { "Layer": "Layer 1" }, "geometry": { "type": "LineString", "coordinates": [ [ 99.0242, 43.9556 ], [ 98.985, 43.8451 ] ] } },
{ "type": "Feature", "properties": { "Layer": "Layer 1" }, "geometry": { "type": "LineString", "coordinates": [ [ 98.985, 43.8451 ], [ 98.8959, 43.4494 ] ] } },
{ "type": "Feature", "properties": { "Layer": "Layer 1" }, "geometry": { "type": "LineString", "coordinates": [ [ 98.8959, 43.4494 ], [ 98.764, 43.2248 ] ] } },
{ "type": "Feature", "properties": { "Layer": "Layer 1" }, "geometry": { "type": "LineString", "coordinates": [ [ 98.764, 43.2248 ], [ 98.6998, 42.9218 ] ] } },
{ "type": "Feature", "properties": { "Layer": "Layer 1" }, "geometry": { "type": "LineString", "coordinates": [ [ 98.6998, 42.9218 ], [ 98.7675, 42.8576 ] ] } },
{ "type": "Feature", "properties": { "Layer": "Layer 1" }, "geometry": { "type": "LineString", "coordinates": [ [ 98.7675, 42.8576 ], [ 98.7354, 42.6936 ] ] } },
{ "type": "Feature", "properties": { "Layer": "Layer 1" }, "geometry": { "type": "LineString", "coordinates": [ [ 98.7354, 42.6936 ], [ 98.7461, 42.6366 ] ] } },
{ "type": "Feature", "properties": { "Layer": "Layer 1" }, "geometry": { "type": "LineString", "coordinates": [ [ 98.7461, 42.6366 ], [ 98.7461, 42.3942 ] ] } },
{ "type": "Feature", "properties": { "Layer": "Layer 1" }, "geometry": { "type": "LineString", "coordinates": [ [ 98.7461, 42.3942 ], [ 98.8353, 42.0698 ] ] } },
{ "type": "Feature", "properties": { "Layer": "Layer 1" }, "geometry": { "type": "LineString", "coordinates": [ [ 98.8353, 42.0698 ], [ 99.0385, 41.5422 ] ] } },
{ "type": "Feature", "properties": { "Layer": "Layer 1" }, "geometry": { "type": "LineString", "coordinates": [ [ 99.0385, 41.5422 ], [ 99.0599, 41.2142 ] ] } },
{ "type": "Feature", "properties": { "Layer": "Layer 1" }, "geometry": { "type": "LineString", "coordinates": [ [ 99.0599, 41.2142 ], [ 99.1882, 40.7115 ] ] } },
{ "type": "Feature", "properties": { "Layer": "Layer 1" }, "geometry": { "type": "LineString", "coordinates": [ [ 99.1882, 40.7115 ], [ 99.0741, 40.5868 ] ] } },
{ "type": "Feature", "properties": { "Layer": "Layer 1" }, "geometry": { "type": "LineString", "coordinates": [ [ 99.0741, 40.5868 ], [ 99.124, 40.5048 ] ] } },
{ "type": "Feature", "properties": { "Layer": "Layer 1" }, "geometry": { "type": "LineString", "coordinates": [ [ 99.124, 40.5048 ], [ 99.1953, 40.2873 ] ] } },
{ "type": "Feature", "properties": { "Layer": "Layer 1" }, "geometry": { "type": "LineString", "coordinates": [ [ 99.1953, 40.2873 ], [ 99.2809, 40.2267 ] ] } },
{ "type": "Feature", "properties": { "Layer": "Layer 1" }, "geometry": { "type": "LineString", "coordinates": [ [ 99.2809, 40.2267 ], [ 99.3023, 39.9201 ] ] } },
{ "type": "Feature", "properties": { "Layer": "Layer 1" }, "geometry": { "type": "LineString", "coordinates": [ [ 99.3023, 39.9201 ], [ 99.3664, 39.8239 ] ] } },
{ "type": "Feature", "properties": { "Layer": "Layer 1" }, "geometry": { "type": "LineString", "coordinates": [ [ 99.3664, 39.8239 ], [ 99.4948, 39.692 ] ] } },
{ "type": "Feature", "properties": { "Layer": "Layer 1" }, "geometry": { "type": "LineString", "coordinates": [ [ 99.4948, 39.692 ], [ 99.37, 39.6349 ] ] } },
{ "type": "Feature", "properties": { "Layer": "Layer 1" }, "geometry": { "type": "LineString", "coordinates": [ [ 99.37, 39.6349 ], [ 99.2167, 39.6207 ] ] } },
{ "type": "Feature", "properties": { "Layer": "Layer 1" }, "geometry": { "type": "LineString", "coordinates": [ [ 99.2167, 39.6207 ], [ 99.0278, 39.5957 ] ] } },
{ "type": "Feature", "properties": { "Layer": "Layer 1" }, "geometry": { "type": "LineString", "coordinates": [ [ 99.0278, 39.5957 ], [ 98.878, 39.5066 ] ] } },
{ "type": "Feature", "properties": { "Layer": "Layer 1" }, "geometry": { "type": "LineString", "coordinates": [ [ 98.878, 39.5066 ], [ 98.7604, 39.3711 ] ] } },
{ "type": "Feature", "properties": { "Layer": "Layer 1" }, "geometry": { "type": "LineString", "coordinates": [ [ 98.7604, 39.3711 ], [ 98.6428, 39.0289 ] ] } },
{ "type": "Feature", "properties": { "Layer": "Layer 1" }, "geometry": { "type": "LineString", "coordinates": [ [ 98.6428, 39.0289 ], [ 98.6142, 38.7223 ] ] } },
{ "type": "Feature", "properties": { "Layer": "Layer 1" }, "geometry": { "type": "LineString", "coordinates": [ [ 98.6142, 38.7223 ], [ 98.6142, 38.3765 ] ] } },
{ "type": "Feature", "properties": { "Layer": "Layer 1" }, "geometry": { "type": "LineString", "coordinates": [ [ 98.6142, 38.3765 ], [ 98.5002, 38.1412 ] ] } },
{ "type": "Feature", "properties": { "Layer": "Layer 1" }, "geometry": { "type": "LineString", "coordinates": [ [ 98.5002, 38.1412 ], [ 98.4538, 38.0271 ] ] } },
{ "type": "Feature", "properties": { "Layer": "Layer 1" }, "geometry": { "type": "LineString", "coordinates": [ [ 98.4538, 38.0271 ], [ 98.3255, 37.4782 ] ] } },
{ "type": "Feature", "properties": { "Layer": "Layer 1" }, "geometry": { "type": "LineString", "coordinates": [ [ 98.3255, 37.4782 ], [ 98.0403, 37.1252 ] ] } },
{ "type": "Feature", "properties": { "Layer": "Layer 1" }, "geometry": { "type": "LineString", "coordinates": [ [ 98.0403, 37.1252 ], [ 97.8407, 36.7331 ] ] } },
{ "type": "Feature", "properties": { "Layer": "Layer 1" }, "geometry": { "type": "LineString", "coordinates": [ [ 97.8407, 36.7331 ], [ 97.7694, 36.5869 ] ] } },
{ "type": "Feature", "properties": { "Layer": "Layer 1" }, "geometry": { "type": "LineString", "coordinates": [ [ 97.7694, 36.5869 ], [ 98.051, 36.2839 ] ] } },
{ "type": "Feature", "properties": { "Layer": "Layer 1" }, "geometry": { "type": "LineString", "coordinates": [ [ 98.051, 36.2839 ], [ 98.1544, 36.2233 ] ] } },
{ "type": "Feature", "properties": { "Layer": "Layer 1" }, "geometry": { "type": "LineString", "coordinates": [ [ 98.1544, 36.2233 ], [ 98.1116, 36.1805 ] ] } },
{ "type": "Feature", "properties": { "Layer": "Layer 1" }, "geometry": { "type": "LineString", "coordinates": [ [ 98.1116, 36.1805 ], [ 98.272, 36.0843 ] ] } },
{ "type": "Feature", "properties": { "Layer": "Layer 1" }, "geometry": { "type": "LineString", "coordinates": [ [ 98.272, 36.0843 ], [ 98.2684, 36.0415 ] ] } },
{ "type": "Feature", "properties": { "Layer": "Layer 1" }, "geometry": { "type": "LineString", "coordinates": [ [ 98.2684, 36.0415 ], [ 98.2221, 35.988 ] ] } },
{ "type": "Feature", "properties": { "Layer": "Layer 1" }, "geometry": { "type": "LineString", "coordinates": [ [ 98.2221, 35.988 ], [ 98.2542, 35.8704 ] ] } },
{ "type": "Feature", "properties": { "Layer": "Layer 1" }, "geometry": { "type": "LineString", "coordinates": [ [ 98.2542, 35.8704 ], [ 98.2791, 35.7848 ] ] } },
{ "type": "Feature", "properties": { "Layer": "Layer 1" }, "geometry": { "type": "LineString", "coordinates": [ [ 98.2791, 35.7848 ], [ 98.2577, 35.6101 ] ] } },
{ "type": "Feature", "properties": { "Layer": "Layer 1" }, "geometry": { "type": "LineString", "coordinates": [ [ 98.2577, 35.6101 ], [ 98.2043, 35.5353 ] ] } },
{ "type": "Feature", "properties": { "Layer": "Layer 1" }, "geometry": { "type": "LineString", "coordinates": [ [ 98.2043, 35.5353 ], [ 98.19, 35.5246 ] ] } },
{ "type": "Feature", "properties": { "Layer": "Layer 1" }, "geometry": { "type": "LineString", "coordinates": [ [ 98.19, 35.5246 ], [ 98.1829, 35.4319 ] ] } },
{ "type": "Feature", "properties": { "Layer": "Layer 1" }, "geometry": { "type": "LineString", "coordinates": [ [ 98.1829, 35.4319 ], [ 98.1651, 35.4782 ] ] } },
{ "type": "Feature", "properties": { "Layer": "Layer 1" }, "geometry": { "type": "LineString", "coordinates": [ [ 98.1651, 35.4782 ], [ 98.1508, 35.6422 ] ] } },
{ "type": "Feature", "properties": { "Layer": "Layer 1" }, "geometry": { "type": "LineString", "coordinates": [ [ 98.1508, 35.6422 ], [ 98.1437, 35.66 ] ] } },
{ "type": "Feature", "properties": { "Layer": "Layer 1" }, "geometry": { "type": "LineString", "coordinates": [ [ 98.1437, 35.66 ], [ 98.1686, 35.6494 ] ] } },
{ "type": "Feature", "properties": { "Layer": "Layer 1" }, "geometry": { "type": "LineString", "coordinates": [ [ 98.1686, 35.6494 ], [ 98.2435, 35.6672 ] ] } },
{ "type": "Feature", "properties": { "Layer": "Layer 1" }, "geometry": { "type": "LineString", "coordinates": [ [ 98.2435, 35.6672 ], [ 98.3077, 35.6387 ] ] } },
{ "type": "Feature", "properties": { "Layer": "Layer 1" }, "geometry": { "type": "LineString", "coordinates": [ [ 98.3077, 35.6387 ], [ 98.3112, 35.6458 ] ] } },
{ "type": "Feature", "properties": { "Layer": "Layer 1" }, "geometry": { "type": "LineString", "coordinates": [ [ 98.3112, 35.6458 ], [ 98.5893, 35.6351 ] ] } },
{ "type": "Feature", "properties": { "Layer": "Layer 1" }, "geometry": { "type": "LineString", "coordinates": [ [ 98.5893, 35.6351 ], [ 98.6178, 35.6636 ] ] } },
{ "type": "Feature", "properties": { "Layer": "Layer 1" }, "geometry": { "type": "LineString", "coordinates": [ [ 98.6178, 35.6636 ], [ 98.6178, 35.6636 ] ] } },
{ "type": "Feature", "properties": { "Layer": "Layer 1" }, "geometry": { "type": "LineString", "coordinates": [ [ 98.6178, 35.6636 ], [ 98.7034, 35.7242 ] ] } },
{ "type": "Feature", "properties": { "Layer": "Layer 1" }, "geometry": { "type": "LineString", "coordinates": [ [ 98.7034, 35.7242 ], [ 98.846, 35.7884 ] ] } },
{ "type": "Feature", "properties": { "Layer": "Layer 1" }, "geometry": { "type": "LineString", "coordinates": [ [ 98.846, 35.7884 ], [ 98.8424, 35.7884 ] ] } },
{ "type": "Feature", "properties": { "Layer": "Layer 1" }, "geometry": { "type": "LineString", "coordinates": [ [ 98.8424, 35.7884 ], [ 98.8424, 35.7848 ] ] } },
{ "type": "Feature", "properties": { "Layer": "Layer 1" }, "geometry": { "type": "LineString", "coordinates": [ [ 98.8424, 35.7848 ], [ 98.8495, 35.7848 ] ] } },
{ "type": "Feature", "properties": { "Layer": "Layer 1" }, "geometry": { "type": "LineString", "coordinates": [ [ 98.8495, 35.7848 ], [ 99.1383, 35.7456 ] ] } },
{ "type": "Feature", "properties": { "Layer": "Layer 1" }, "geometry": { "type": "LineString", "coordinates": [ [ 99.1383, 35.7456 ], [ 99.4163, 35.5139 ] ] } },
{ "type": "Feature", "properties": { "Layer": "Layer 1" }, "geometry": { "type": "LineString", "coordinates": [ [ 99.4163, 35.5139 ], [ 99.6231, 35.4034 ] ] } },
{ "type": "Feature", "properties": { "Layer": "Layer 1" }, "geometry": { "type": "LineString", "coordinates": [ [ 99.6231, 35.4034 ], [ 99.7051, 35.3356 ] ] } },
{ "type": "Feature", "properties": { "Layer": "Layer 1" }, "geometry": { "type": "LineString", "coordinates": [ [ 99.7051, 35.3356 ], [ 99.8049, 35.2857 ] ] } },
{ "type": "Feature", "properties": { "Layer": "Layer 1" }, "geometry": { "type": "LineString", "coordinates": [ [ 99.8049, 35.2857 ], [ 100.304, 35.193 ] ] } },
{ "type": "Feature", "properties": { "Layer": "Layer 1" }, "geometry": { "type": "LineString", "coordinates": [ [ 100.304, 35.193 ], [ 100.439, 35.1966 ] ] } },
{ "type": "Feature", "properties": { "Layer": "Layer 1" }, "geometry": { "type": "LineString", "coordinates": [ [ 100.439, 35.1966 ], [ 100.628, 35.2893 ] ] } },
{ "type": "Feature", "properties": { "Layer": "Layer 1" }, "geometry": { "type": "LineString", "coordinates": [ [ 100.628, 35.2893 ], [ 100.721, 35.275 ] ] } },
{ "type": "Feature", "properties": { "Layer": "Layer 1" }, "geometry": { "type": "LineString", "coordinates": [ [ 100.721, 35.275 ], [ 100.718, 35.2144 ] ] } },
{ "type": "Feature", "properties": { "Layer": "Layer 1" }, "geometry": { "type": "LineString", "coordinates": [ [ 100.718, 35.2144 ], [ 100.71, 35.1895 ] ] } },
{ "type": "Feature", "properties": { "Layer": "Layer 1" }, "geometry": { "type": "LineString", "coordinates": [ [ 100.71, 35.1895 ], [ 100.735, 35.1823 ] ] } },
{ "type": "Feature", "properties": { "Layer": "Layer 1" }, "geometry": { "type": "LineString", "coordinates": [ [ 100.735, 35.1823 ], [ 100.824, 35.1538 ] ] } },
{ "type": "Feature", "properties": { "Layer": "Layer 1" }, "geometry": { "type": "LineString", "coordinates": [ [ 100.824, 35.1538 ], [ 100.874, 35.136 ] ] } },
{ "type": "Feature", "properties": { "Layer": "Layer 1" }, "geometry": { "type": "LineString", "coordinates": [ [ 100.874, 35.136 ], [ 101.088, 35.1075 ] ] } },
{ "type": "Feature", "properties": { "Layer": "Layer 1" }, "geometry": { "type": "LineString", "coordinates": [ [ 101.088, 35.1075 ], [ 101.202, 35.0576 ] ] } },
{ "type": "Feature", "properties": { "Layer": "Layer 1" }, "geometry": { "type": "LineString", "coordinates": [ [ 101.202, 35.0576 ], [ 101.363, 34.9435 ] ] } },
{ "type": "Feature", "properties": { "Layer": "Layer 1" }, "geometry": { "type": "LineString", "coordinates": [ [ 101.363, 34.9435 ], [ 101.373, 34.8045 ] ] } },
{ "type": "Feature", "properties": { "Layer": "Layer 1" }, "geometry": { "type": "LineString", "coordinates": [ [ 101.373, 34.8045 ], [ 101.338, 34.4943 ] ] } },
{ "type": "Feature", "properties": { "Layer": "Layer 1" }, "geometry": { "type": "LineString", "coordinates": [ [ 101.338, 34.4943 ], [ 101.309, 34.2733 ] ] } },
{ "type": "Feature", "properties": { "Layer": "Layer 1" }, "geometry": { "type": "LineString", "coordinates": [ [ 101.309, 34.2733 ], [ 101.299, 33.8883 ] ] } },
{ "type": "Feature", "properties": { "Layer": "Layer 1" }, "geometry": { "type": "LineString", "coordinates": [ [ 101.299, 33.8883 ], [ 101.299, 33.6209 ] ] } },
{ "type": "Feature", "properties": { "Layer": "Layer 1" }, "geometry": { "type": "LineString", "coordinates": [ [ 101.299, 33.6209 ], [ 101.284, 33.5532 ] ] } },
{ "type": "Feature", "properties": { "Layer": "Layer 1" }, "geometry": { "type": "LineString", "coordinates": [ [ 101.284, 33.5532 ], [ 101.309, 33.2216 ] ] } },
{ "type": "Feature", "properties": { "Layer": "Layer 1" }, "geometry": { "type": "LineString", "coordinates": [ [ 101.309, 33.2216 ], [ 101.338, 33.0969 ] ] } },
{ "type": "Feature", "properties": { "Layer": "Layer 1" }, "geometry": { "type": "LineString", "coordinates": [ [ 101.338, 33.0969 ], [ 101.431, 32.9115 ] ] } },
{ "type": "Feature", "properties": { "Layer": "Layer 1" }, "geometry": { "type": "LineString", "coordinates": [ [ 101.431, 32.9115 ], [ 101.459, 32.6833 ] ] } },
{ "type": "Feature", "properties": { "Layer": "Layer 1" }, "geometry": { "type": "LineString", "coordinates": [ [ 101.459, 32.6833 ], [ 101.48, 32.3981 ] ] } },
{ "type": "Feature", "properties": { "Layer": "Layer 1" }, "geometry": { "type": "LineString", "coordinates": [ [ 101.48, 32.3981 ], [ 101.434, 32.0987 ] ] } },
{ "type": "Feature", "properties": { "Layer": "Layer 1" }, "geometry": { "type": "LineString", "coordinates": [ [ 101.434, 32.0987 ], [ 101.384, 32.0096 ] ] } },
{ "type": "Feature", "properties": { "Layer": "Layer 1" }, "geometry": { "type": "LineString", "coordinates": [ [ 101.384, 32.0096 ], [ 101.381, 31.8812 ] ] } },
{ "type": "Feature", "properties": { "Layer": "Layer 1" }, "geometry": { "type": "LineString", "coordinates": [ [ 101.381, 31.8812 ], [ 101.423, 31.7779 ] ] } },
{ "type": "Feature", "properties": { "Layer": "Layer 1" }, "geometry": { "type": "LineString", "coordinates": [ [ 101.423, 31.7779 ], [ 101.284, 31.1896 ] ] } },
{ "type": "Feature", "properties": { "Layer": "Layer 1" }, "geometry": { "type": "LineString", "coordinates": [ [ 101.284, 31.1896 ], [ 101.16, 31.1469 ] ] } },
{ "type": "Feature", "properties": { "Layer": "Layer 1" }, "geometry": { "type": "LineString", "coordinates": [ [ 101.16, 31.1469 ], [ 101.128, 31.0364 ] ] } },
{ "type": "Feature", "properties": { "Layer": "Layer 1" }, "geometry": { "type": "LineString", "coordinates": [ [ 101.128, 31.0364 ], [ 101.128, 30.8688 ] ] } },
{ "type": "Feature", "properties": { "Layer": "Layer 1" }, "geometry": { "type": "LineString", "coordinates": [ [ 101.128, 30.8688 ], [ 101.106, 30.7975 ] ] } },
{ "type": "Feature", "properties": { "Layer": "Layer 1" }, "geometry": { "type": "LineString", "coordinates": [ [ 101.106, 30.7975 ], [ 101.277, 30.3448 ] ] } },
{ "type": "Feature", "properties": { "Layer": "Layer 1" }, "geometry": { "type": "LineString", "coordinates": [ [ 101.277, 30.3448 ], [ 101.188, 30.2057 ] ] } },
{ "type": "Feature", "properties": { "Layer": "Layer 1" }, "geometry": { "type": "LineString", "coordinates": [ [ 101.188, 30.2057 ], [ 101.003, 30.0881 ] ] } },
{ "type": "Feature", "properties": { "Layer": "Layer 1" }, "geometry": { "type": "LineString", "coordinates": [ [ 101.003, 30.0881 ], [ 100.956, 29.9883 ] ] } },
{ "type": "Feature", "properties": { "Layer": "Layer 1" }, "geometry": { "type": "LineString", "coordinates": [ [ 100.956, 29.9883 ], [ 100.985, 29.9134 ] ] } },
{ "type": "Feature", "properties": { "Layer": "Layer 1" }, "geometry": { "type": "LineString", "coordinates": [ [ 100.985, 29.9134 ], [ 100.988, 29.8671 ] ] } },
{ "type": "Feature", "properties": { "Layer": "Layer 1" }, "geometry": { "type": "LineString", "coordinates": [ [ 100.988, 29.8671 ], [ 101.031, 29.8457 ] ] } },
{ "type": "Feature", "properties": { "Layer": "Layer 1" }, "geometry": { "type": "LineString", "coordinates": [ [ 101.031, 29.8457 ], [ 101.006, 29.7672 ] ] } },
{ "type": "Feature", "properties": { "Layer": "Layer 1" }, "geometry": { "type": "LineString", "coordinates": [ [ 101.006, 29.7672 ], [ 100.967, 29.589 ] ] } },
{ "type": "Feature", "properties": { "Layer": "Layer 1" }, "geometry": { "type": "LineString", "coordinates": [ [ 100.967, 29.589 ], [ 101.053, 29.4607 ] ] } },
{ "type": "Feature", "properties": { "Layer": "Layer 1" }, "geometry": { "type": "LineString", "coordinates": [ [ 101.053, 29.4607 ], [ 101.217, 29.2753 ] ] } },
{ "type": "Feature", "properties": { "Layer": "Layer 1" }, "geometry": { "type": "LineString", "coordinates": [ [ 101.217, 29.2753 ], [ 101.181, 29.0899 ] ] } },
{ "type": "Feature", "properties": { "Layer": "Layer 1" }, "geometry": { "type": "LineString", "coordinates": [ [ 101.181, 29.0899 ], [ 101.095, 28.9794 ] ] } },
{ "type": "Feature", "properties": { "Layer": "Layer 1" }, "geometry": { "type": "LineString", "coordinates": [ [ 101.095, 28.9794 ], [ 100.582, 29.0044 ] ] } },
{ "type": "Feature", "properties": { "Layer": "Layer 1" }, "geometry": { "type": "LineString", "coordinates": [ [ 100.582, 29.0044 ], [ 100.493, 29.0257 ] ] } },
{ "type": "Feature", "properties": { "Layer": "Layer 1" }, "geometry": { "type": "LineString", "coordinates": [ [ 100.493, 29.0257 ], [ 100.575, 29.0329 ] ] } },
{ "type": "Feature", "properties": { "Layer": "Layer 1" }, "geometry": { "type": "LineString", "coordinates": [ [ 100.575, 29.0329 ], [ 100.664, 29.0685 ] ] } },
{ "type": "Feature", "properties": { "Layer": "Layer 1" }, "geometry": { "type": "LineString", "coordinates": [ [ 100.664, 29.0685 ], [ 100.696, 29.0721 ] ] } },
{ "type": "Feature", "properties": { "Layer": "Layer 1" }, "geometry": { "type": "LineString", "coordinates": [ [ 100.696, 29.0721 ], [ 100.632, 29.0935 ] ] } },
{ "type": "Feature", "properties": { "Layer": "Layer 1" }, "geometry": { "type": "LineString", "coordinates": [ [ 100.632, 29.0935 ], [ 100.586, 29.1042 ] ] } },
{ "type": "Feature", "properties": { "Layer": "Layer 1" }, "geometry": { "type": "LineString", "coordinates": [ [ 100.586, 29.1042 ], [ 100.653, 29.1077 ] ] } },
{ "type": "Feature", "properties": { "Layer": "Layer 1" }, "geometry": { "type": "LineString", "coordinates": [ [ 100.653, 29.1077 ], [ 100.906, 29.1077 ] ] } },
{ "type": "Feature", "properties": { "Layer": "Layer 1" }, "geometry": { "type": "LineString", "coordinates": [ [ 100.906, 29.1077 ], [ 100.86, 29.1363 ] ] } },
{ "type": "Feature", "properties": { "Layer": "Layer 1" }, "geometry": { "type": "LineString", "coordinates": [ [ 100.86, 29.1363 ], [ 100.643, 29.2967 ] ] } },
{ "type": "Feature", "properties": { "Layer": "Layer 1" }, "geometry": { "type": "LineString", "coordinates": [ [ 100.643, 29.2967 ], [ 100.782, 29.3181 ] ] } },
{ "type": "Feature", "properties": { "Layer": "Layer 1" }, "geometry": { "type": "LineString", "coordinates": [ [ 100.782, 29.3181 ], [ 100.974, 29.1826 ] ] } },
{ "type": "Feature", "properties": { "Layer": "Layer 1" }, "geometry": { "type": "LineString", "coordinates": [ [ 100.974, 29.1826 ], [ 101.07, 29.1006 ] ] } },
{ "type": "Feature", "properties": { "Layer": "Layer 1" }, "geometry": { "type": "LineString", "coordinates": [ [ 101.07, 29.1006 ], [ 101.07, 29.0507 ] ] } },
{ "type": "Feature", "properties": { "Layer": "Layer 1" }, "geometry": { "type": "LineString", "coordinates": [ [ 101.07, 29.0507 ], [ 101.053, 29.0863 ] ] } },
{ "type": "Feature", "properties": { "Layer": "Layer 1" }, "geometry": { "type": "LineString", "coordinates": [ [ 101.053, 29.0863 ], [ 100.949, 29.3288 ] ] } },
{ "type": "Feature", "properties": { "Layer": "Layer 1" }, "geometry": { "type": "LineString", "coordinates": [ [ 100.949, 29.3288 ], [ 100.928, 29.3715 ] ] } },
{ "type": "Feature", "properties": { "Layer": "Layer 1" }, "geometry": { "type": "LineString", "coordinates": [ [ 100.928, 29.3715 ], [ 100.974, 29.3395 ] ] } },
{ "type": "Feature", "properties": { "Layer": "Layer 1" }, "geometry": { "type": "LineString", "coordinates": [ [ 100.974, 29.3395 ], [ 101.017, 29.3145 ] ] } },
{ "type": "Feature", "properties": { "Layer": "Layer 1" }, "geometry": { "type": "LineString", "coordinates": [ [ 101.017, 29.3145 ], [ 100.999, 29.2931 ] ] } },
{ "type": "Feature", "properties": { "Layer": "Layer 1" }, "geometry": { "type": "LineString", "coordinates": [ [ 100.999, 29.2931 ], [ 101.003, 29.2967 ] ] } },
{ "type": "Feature", "properties": { "Layer": "Layer 1" }, "geometry": { "type": "LineString", "coordinates": [ [ 101.003, 29.2967 ], [ 100.981, 29.2682 ] ] } },
{ "type": "Feature", "properties": { "Layer": "Layer 1" }, "geometry": { "type": "LineString", "coordinates": [ [ 100.981, 29.2682 ], [ 100.96, 29.2076 ] ] } },
{ "type": "Feature", "properties": { "Layer": "Layer 1" }, "geometry": { "type": "LineString", "coordinates": [ [ 100.96, 29.2076 ], [ 100.999, 29.2325 ] ] } },
{ "type": "Feature", "properties": { "Layer": "Layer 1" }, "geometry": { "type": "LineString", "coordinates": [ [ 100.999, 29.2325 ], [ 101.206, 29.4321 ] ] } },
{ "type": "Feature", "properties": { "Layer": "Layer 1" }, "geometry": { "type": "LineString", "coordinates": [ [ 101.206, 29.4321 ], [ 101.092, 29.3644 ] ] } },
{ "type": "Feature", "properties": { "Layer": "Layer 1" }, "geometry": { "type": "LineString", "coordinates": [ [ 101.092, 29.3644 ], [ 100.832, 29.3573 ] ] } },
{ "type": "Feature", "properties": { "Layer": "Layer 1" }, "geometry": { "type": "LineString", "coordinates": [ [ 100.832, 29.3573 ], [ 100.817, 29.3644 ] ] } },
{ "type": "Feature", "properties": { "Layer": "Layer 1" }, "geometry": { "type": "LineString", "coordinates": [ [ 100.817, 29.3644 ], [ 100.864, 29.3395 ] ] } },
{ "type": "Feature", "properties": { "Layer": "Layer 1" }, "geometry": { "type": "LineString", "coordinates": [ [ 100.864, 29.3395 ], [ 100.867, 29.3608 ] ] } },
{ "type": "Feature", "properties": { "Layer": "Layer 1" }, "geometry": { "type": "LineString", "coordinates": [ [ 100.867, 29.3608 ], [ 100.906, 29.3466 ] ] } },
{ "type": "Feature", "properties": { "Layer": "Layer 1" }, "geometry": { "type": "LineString", "coordinates": [ [ 100.906, 29.3466 ], [ 100.946, 29.343 ] ] } },
{ "type": "Feature", "properties": { "Layer": "Layer 1" }, "geometry": { "type": "LineString", "coordinates": [ [ 100.946, 29.343 ], [ 100.939, 29.3573 ] ] } },
{ "type": "Feature", "properties": { "Layer": "Layer 1" }, "geometry": { "type": "LineString", "coordinates": [ [ 100.939, 29.3573 ], [ 100.946, 29.3822 ] ] } },
{ "type": "Feature", "properties": { "Layer": "Layer 1" }, "geometry": { "type": "LineString", "coordinates": [ [ 100.946, 29.3822 ], [ 100.956, 29.3894 ] ] } },
{ "type": "Feature", "properties": { "Layer": "Layer 1" }, "geometry": { "type": "LineString", "coordinates": [ [ 100.956, 29.3894 ], [ 101.046, 29.2824 ] ] } },
{ "type": "Feature", "properties": { "Layer": "Layer 1" }, "geometry": { "type": "LineString", "coordinates": [ [ 101.046, 29.2824 ], [ 101.056, 29.2789 ] ] } },
{ "type": "Feature", "properties": { "Layer": "Layer 1" }, "geometry": { "type": "LineString", "coordinates": [ [ 101.056, 29.2789 ], [ 101.081, 29.2182 ] ] } },
{ "type": "Feature", "properties": { "Layer": "Layer 1" }, "geometry": { "type": "LineString", "coordinates": [ [ 101.081, 29.2182 ], [ 101.092, 29.2717 ] ] } },
{ "type": "Feature", "properties": { "Layer": "Layer 1" }, "geometry": { "type": "LineString", "coordinates": [ [ 101.092, 29.2717 ], [ 101.103, 29.2646 ] ] } },
{ "type": "Feature", "properties": { "Layer": "Layer 1" }, "geometry": { "type": "LineString", "coordinates": [ [ 101.103, 29.2646 ], [ 101.142, 29.2468 ] ] } },
{ "type": "Feature", "properties": { "Layer": "Layer 1" }, "geometry": { "type": "LineString", "coordinates": [ [ 101.142, 29.2468 ], [ 101.188, 29.122 ] ] } },
{ "type": "Feature", "properties": { "Layer": "Layer 1" }, "geometry": { "type": "LineString", "coordinates": [ [ 101.188, 29.122 ], [ 101.213, 29.0828 ] ] } },
{ "type": "Feature", "properties": { "Layer": "Layer 1" }, "geometry": { "type": "LineString", "coordinates": [ [ 101.213, 29.0828 ], [ 101.277, 29.0329 ] ] } },
{ "type": "Feature", "properties": { "Layer": "Layer 1" }, "geometry": { "type": "LineString", "coordinates": [ [ 101.277, 29.0329 ], [ 101.416, 28.573 ] ] } },
{ "type": "Feature", "properties": { "Layer": "Layer 1" }, "geometry": { "type": "LineString", "coordinates": [ [ 101.416, 28.573 ], [ 101.388, 28.3662 ] ] } },
{ "type": "Feature", "properties": { "Layer": "Layer 1" }, "geometry": { "type": "LineString", "coordinates": [ [ 101.388, 28.3662 ], [ 101.142, 28.0204 ] ] } },
{ "type": "Feature", "properties": { "Layer": "Layer 1" }, "geometry": { "type": "LineString", "coordinates": [ [ 101.142, 28.0204 ], [ 101.12, 27.7745 ] ] } },
{ "type": "Feature", "properties": { "Layer": "Layer 1" }, "geometry": { "type": "LineString", "coordinates": [ [ 101.12, 27.7745 ], [ 101.067, 27.5784 ] ] } },
{ "type": "Feature", "properties": { "Layer": "Layer 1" }, "geometry": { "type": "LineString", "coordinates": [ [ 101.067, 27.5784 ], [ 101.07, 27.2362 ] ] } },
{ "type": "Feature", "properties": { "Layer": "Layer 1" }, "geometry": { "type": "LineString", "coordinates": [ [ 101.07, 27.2362 ], [ 101.16, 27.0722 ] ] } },
{ "type": "Feature", "properties": { "Layer": "Layer 1" }, "geometry": { "type": "LineString", "coordinates": [ [ 101.16, 27.0722 ], [ 101.356, 26.869 ] ] } },
{ "type": "Feature", "properties": { "Layer": "Layer 1" }, "geometry": { "type": "LineString", "coordinates": [ [ 101.356, 26.869 ], [ 101.341, 26.7121 ] ] } },
{ "type": "Feature", "properties": { "Layer": "Layer 1" }, "geometry": { "type": "LineString", "coordinates": [ [ 101.341, 26.7121 ], [ 101.338, 26.5802 ] ] } },
{ "type": "Feature", "properties": { "Layer": "Layer 1" }, "geometry": { "type": "LineString", "coordinates": [ [ 101.338, 26.5802 ], [ 101.359, 26.1453 ] ] } },
{ "type": "Feature", "properties": { "Layer": "Layer 1" }, "geometry": { "type": "LineString", "coordinates": [ [ 101.359, 26.1453 ], [ 101.252, 25.8244 ] ] } },
{ "type": "Feature", "properties": { "Layer": "Layer 1" }, "geometry": { "type": "LineString", "coordinates": [ [ 101.252, 25.8244 ], [ 101.185, 25.7496 ] ] } },
{ "type": "Feature", "properties": { "Layer": "Layer 1" }, "geometry": { "type": "LineString", "coordinates": [ [ 101.185, 25.7496 ], [ 101.038, 25.4608 ] ] } },
{ "type": "Feature", "properties": { "Layer": "Layer 1" }, "geometry": { "type": "LineString", "coordinates": [ [ 101.038, 25.4608 ], [ 101.028, 25.418 ] ] } },
{ "type": "Feature", "properties": { "Layer": "Layer 1" }, "geometry": { "type": "LineString", "coordinates": [ [ 101.028, 25.418 ], [ 101.067, 25.2933 ] ] } },
{ "type": "Feature", "properties": { "Layer": "Layer 1" }, "geometry": { "type": "LineString", "coordinates": [ [ 101.067, 25.2933 ], [ 101.081, 24.7799 ] ] } },
{ "type": "Feature", "properties": { "Layer": "Layer 1" }, "geometry": { "type": "LineString", "coordinates": [ [ 101.081, 24.7799 ], [ 101.128, 24.6587 ] ] } },
{ "type": "Feature", "properties": { "Layer": "Layer 1" }, "geometry": { "type": "LineString", "coordinates": [ [ 101.128, 24.6587 ], [ 101.167, 24.5482 ] ] } },
{ "type": "Feature", "properties": { "Layer": "Layer 1" }, "geometry": { "type": "LineString", "coordinates": [ [ 101.167, 24.5482 ], [ 101.267, 24.3094 ] ] } },
{ "type": "Feature", "properties": { "Layer": "Layer 1" }, "geometry": { "type": "LineString", "coordinates": [ [ 101.267, 24.3094 ], [ 101.327, 24.0955 ] ] } },
{ "type": "Feature", "properties": { "Layer": "Layer 1" }, "geometry": { "type": "LineString", "coordinates": [ [ 101.327, 24.0955 ], [ 101.366, 24.0313 ] ] } },
{ "type": "Feature", "properties": { "Layer": "Layer 1" }, "geometry": { "type": "LineString", "coordinates": [ [ 101.366, 24.0313 ], [ 101.341, 24.0242 ] ] } },
{ "type": "Feature", "properties": { "Layer": "Layer 1" }, "geometry": { "type": "LineString", "coordinates": [ [ 101.341, 24.0242 ], [ 101.327, 23.9743 ] ] } },
{ "type": "Feature", "properties": { "Layer": "Layer 1" }, "geometry": { "type": "LineString", "coordinates": [ [ 101.327, 23.9743 ], [ 101.113, 23.739 ] ] } },
{ "type": "Feature", "properties": { "Layer": "Layer 1" }, "geometry": { "type": "LineString", "coordinates": [ [ 101.113, 23.739 ], [ 101.092, 23.6106 ] ] } },
{ "type": "Feature", "properties": { "Layer": "Layer 1" }, "geometry": { "type": "LineString", "coordinates": [ [ 101.092, 23.6106 ], [ 101.103, 23.1222 ] ] } },
{ "type": "Feature", "properties": { "Layer": "Layer 1" }, "geometry": { "type": "LineString", "coordinates": [ [ 101.103, 23.1222 ], [ 101.067, 22.9012 ] ] } },
{ "type": "Feature", "properties": { "Layer": "Layer 1" }, "geometry": { "type": "LineString", "coordinates": [ [ 101.067, 22.9012 ], [ 101.046, 22.8406 ] ] } },
{ "type": "Feature", "properties": { "Layer": "Layer 1" }, "geometry": { "type": "LineString", "coordinates": [ [ 101.046, 22.8406 ], [ 101.053, 22.4877 ] ] } },
{ "type": "Feature", "properties": { "Layer": "Layer 1" }, "geometry": { "type": "LineString", "coordinates": [ [ 101.053, 22.4877 ], [ 101.067, 22.4913 ] ] } },
{ "type": "Feature", "properties": { "Layer": "Layer 1" }, "geometry": { "type": "LineString", "coordinates": [ [ 101.067, 22.4913 ], [ 101.135, 22.338 ] ] } },
{ "type": "Feature", "properties": { "Layer": "Layer 1" }, "geometry": { "type": "LineString", "coordinates": [ [ 101.135, 22.338 ], [ 101.067, 22.3023 ] ] } },
{ "type": "Feature", "properties": { "Layer": "Layer 1" }, "geometry": { "type": "LineString", "coordinates": [ [ 101.067, 22.3023 ], [ 101.131, 22.174 ] ] } },
{ "type": "Feature", "properties": { "Layer": "Layer 1" }, "geometry": { "type": "LineString", "coordinates": [ [ 101.131, 22.174 ], [ 101.088, 22.1241 ] ] } },
{ "type": "Feature", "properties": { "Layer": "Layer 1" }, "geometry": { "type": "LineString", "coordinates": [ [ 101.088, 22.1241 ], [ 101.163, 21.9351 ] ] } },
{ "type": "Feature", "properties": { "Layer": "Layer 1" }, "geometry": { "type": "LineString", "coordinates": [ [ 101.163, 21.9351 ], [ 101.206, 21.7034 ] ] } },
{ "type": "Feature", "properties": { "Layer": "Layer 1" }, "geometry": { "type": "LineString", "coordinates": [ [ 101.206, 21.7034 ], [ 101.199, 21.5466 ] ] } },
{ "type": "Feature", "properties": { "Layer": "Layer 1" }, "geometry": { "type": "LineString", "coordinates": [ [ 101.199, 21.5466 ], [ 101.07, 21.4717 ] ] } },
{ "type": "Feature", "properties": { "Layer": "Layer 1" }, "geometry": { "type": "LineString", "coordinates": [ [ 101.07, 21.4717 ], [ 101.145, 21.3897 ] ] } },
{ "type": "Feature", "properties": { "Layer": "Layer 1" }, "geometry": { "type": "LineString", "coordinates": [ [ 101.145, 21.3897 ], [ 101.185, 21.2364 ] ] } },
{ "type": "Feature", "properties": { "Layer": "Layer 1" }, "geometry": { "type": "LineString", "coordinates": [ [ 101.185, 21.2364 ], [ 101.181, 21.1687 ] ] } },
{ "type": "Feature", "properties": { "Layer": "Layer 1" }, "geometry": { "type": "LineString", "coordinates": [ [ 101.181, 21.1687 ], [ 101.128, 21.0296 ] ] } },
{ "type": "Feature", "properties": { "Layer": "Layer 1" }, "geometry": { "type": "LineString", "coordinates": [ [ 101.128, 21.0296 ], [ 101.117, 20.9227 ] ] } },
{ "type": "Feature", "properties": { "Layer": "Layer 1" }, "geometry": { "type": "LineString", "coordinates": [ [ 101.117, 20.9227 ], [ 101.024, 20.7266 ] ] } },
{ "type": "Feature", "properties": { "Layer": "Layer 1" }, "geometry": { "type": "LineString", "coordinates": [ [ 101.024, 20.7266 ], [ 100.953, 20.6339 ] ] } },
{ "type": "Feature", "properties": { "Layer": "Layer 1" }, "geometry": { "type": "LineString", "coordinates": [ [ 100.953, 20.6339 ], [ 100.885, 20.4165 ] ] } },
{ "type": "Feature", "properties": { "Layer": "Layer 1" }, "geometry": { "type": "LineString", "coordinates": [ [ 100.885, 20.4165 ], [ 100.849, 20.0992 ] ] } },
{ "type": "Feature", "properties": { "Layer": "Layer 1" }, "geometry": { "type": "LineString", "coordinates": [ [ 100.849, 20.0992 ], [ 100.96, 19.5395 ] ] } },
{ "type": "Feature", "properties": { "Layer": "Layer 1" }, "geometry": { "type": "LineString", "coordinates": [ [ 100.96, 19.5395 ], [ 101.067, 19.4361 ] ] } },
{ "type": "Feature", "properties": { "Layer": "Layer 1" }, "geometry": { "type": "LineString", "coordinates": [ [ 101.067, 19.4361 ], [ 101.192, 19.3292 ] ] } },
{ "type": "Feature", "properties": { "Layer": "Layer 1" }, "geometry": { "type": "LineString", "coordinates": [ [ 101.192, 19.3292 ], [ 101.234, 19.2401 ] ] } },
{ "type": "Feature", "properties": { "Layer": "Layer 1" }, "geometry": { "type": "LineString", "coordinates": [ [ 101.234, 19.2401 ], [ 101.231, 19.2222 ] ] } },
{ "type": "Feature", "properties": { "Layer": "Layer 1" }, "geometry": { "type": "LineString", "coordinates": [ [ 101.231, 19.2222 ], [ 101.192, 19.2008 ] ] } },
{ "type": "Feature", "properties": { "Layer": "Layer 1" }, "geometry": { "type": "LineString", "coordinates": [ [ 101.192, 19.2008 ], [ 101.11, 19.1973 ] ] } },
{ "type": "Feature", "properties": { "Layer": "Layer 1" }, "geometry": { "type": "LineString", "coordinates": [ [ 101.11, 19.1973 ], [ 100.999, 19.0975 ] ] } },
{ "type": "Feature", "properties": { "Layer": "Layer 1" }, "geometry": { "type": "LineString", "coordinates": [ [ 100.999, 19.0975 ], [ 100.978, 18.88 ] ] } },
{ "type": "Feature", "properties": { "Layer": "Layer 1" }, "geometry": { "type": "LineString", "coordinates": [ [ 100.978, 18.88 ], [ 100.985, 18.8408 ] ] } },
{ "type": "Feature", "properties": { "Layer": "Layer 1" }, "geometry": { "type": "LineString", "coordinates": [ [ 100.985, 18.8408 ], [ 101.092, 18.7837 ] ] } },
{ "type": "Feature", "properties": { "Layer": "Layer 1" }, "geometry": { "type": "LineString", "coordinates": [ [ 101.092, 18.7837 ], [ 101.167, 18.6055 ] ] } },
{ "type": "Feature", "properties": { "Layer": "Layer 1" }, "geometry": { "type": "LineString", "coordinates": [ [ 101.167, 18.6055 ], [ 101.163, 18.2989 ] ] } },
{ "type": "Feature", "properties": { "Layer": "Layer 1" }, "geometry": { "type": "LineString", "coordinates": [ [ 101.163, 18.2989 ], [ 101.167, 18.2383 ] ] } },
{ "type": "Feature", "properties": { "Layer": "Layer 1" }, "geometry": { "type": "LineString", "coordinates": [ [ 101.167, 18.2383 ], [ 101.181, 18.2098 ] ] } },
{ "type": "Feature", "properties": { "Layer": "Layer 1" }, "geometry": { "type": "LineString", "coordinates": [ [ 101.181, 18.2098 ], [ 100.725, 18.0708 ] ] } },
{ "type": "Feature", "properties": { "Layer": "Layer 1" }, "geometry": { "type": "LineString", "coordinates": [ [ 100.725, 18.0708 ], [ 100.682, 17.9923 ] ] } },
{ "type": "Feature", "properties": { "Layer": "Layer 1" }, "geometry": { "type": "LineString", "coordinates": [ [ 100.682, 17.9923 ], [ 100.614, 17.9995 ] ] } },
{ "type": "Feature", "properties": { "Layer": "Layer 1" }, "geometry": { "type": "LineString", "coordinates": [ [ 100.614, 17.9995 ], [ 100.639, 18.028 ] ] } },
{ "type": "Feature", "properties": { "Layer": "Layer 1" }, "geometry": { "type": "LineString", "coordinates": [ [ 100.639, 18.028 ], [ 100.657, 18.0315 ] ] } },
{ "type": "Feature", "properties": { "Layer": "Layer 1" }, "geometry": { "type": "LineString", "coordinates": [ [ 100.657, 18.0315 ], [ 100.657, 18.0102 ] ] } },
{ "type": "Feature", "properties": { "Layer": "Layer 1" }, "geometry": { "type": "LineString", "coordinates": [ [ 100.657, 18.0102 ], [ 100.714, 17.8355 ] ] } },
{ "type": "Feature", "properties": { "Layer": "Layer 1" }, "geometry": { "type": "LineString", "coordinates": [ [ 100.714, 17.8355 ], [ 100.721, 17.7071 ] ] } },
{ "type": "Feature", "properties": { "Layer": "Layer 1" }, "geometry": { "type": "LineString", "coordinates": [ [ 100.721, 17.7071 ], [ 100.76, 17.5645 ] ] } },
{ "type": "Feature", "properties": { "Layer": "Layer 1" }, "geometry": { "type": "LineString", "coordinates": [ [ 100.76, 17.5645 ], [ 100.956, 17.4398 ] ] } },
{ "type": "Feature", "properties": { "Layer": "Layer 1" }, "geometry": { "type": "LineString", "coordinates": [ [ 100.956, 17.4398 ], [ 101.406, 17.3863 ] ] } },
{ "type": "Feature", "properties": { "Layer": "Layer 1" }, "geometry": { "type": "LineString", "coordinates": [ [ 101.406, 17.3863 ], [ 101.755, 17.3613 ] ] } },
{ "type": "Feature", "properties": { "Layer": "Layer 1" }, "geometry": { "type": "LineString", "coordinates": [ [ 101.755, 17.3613 ], [ 102.243, 17.1902 ] ] } },
{ "type": "Feature", "properties": { "Layer": "Layer 1" }, "geometry": { "type": "LineString", "coordinates": [ [ 102.243, 17.1902 ], [ 102.347, 17.2401 ] ] } },
{ "type": "Feature", "properties": { "Layer": "Layer 1" }, "geometry": { "type": "LineString", "coordinates": [ [ 102.347, 17.2401 ], [ 102.482, 17.2473 ] ] } },
{ "type": "Feature", "properties": { "Layer": "Layer 1" }, "geometry": { "type": "LineString", "coordinates": [ [ 102.482, 17.2473 ], [ 102.532, 17.2223 ] ] } },
{ "type": "Feature", "properties": { "Layer": "Layer 1" }, "geometry": { "type": "LineString", "coordinates": [ [ 102.532, 17.2223 ], [ 102.457, 17.2508 ] ] } },
{ "type": "Feature", "properties": { "Layer": "Layer 1" }, "geometry": { "type": "LineString", "coordinates": [ [ 102.457, 17.2508 ], [ 102.475, 17.2722 ] ] } },
{ "type": "Feature", "properties": { "Layer": "Layer 1" }, "geometry": { "type": "LineString", "coordinates": [ [ 102.475, 17.2722 ], [ 102.496, 17.3114 ] ] } },
{ "type": "Feature", "properties": { "Layer": "Layer 1" }, "geometry": { "type": "LineString", "coordinates": [ [ 102.496, 17.3114 ], [ 102.464, 17.2758 ] ] } },
{ "type": "Feature", "properties": { "Layer": "Layer 1" }, "geometry": { "type": "LineString", "coordinates": [ [ 102.464, 17.2758 ], [ 102.361, 17.2081 ] ] } },
{ "type": "Feature", "properties": { "Layer": "Layer 1" }, "geometry": { "type": "LineString", "coordinates": [ [ 102.361, 17.2081 ], [ 102.318, 17.2615 ] ] } },
{ "type": "Feature", "properties": { "Layer": "Layer 1" }, "geometry": { "type": "LineString", "coordinates": [ [ 102.318, 17.2615 ], [ 102.329, 17.3613 ] ] } },
{ "type": "Feature", "properties": { "Layer": "Layer 1" }, "geometry": { "type": "LineString", "coordinates": [ [ 102.329, 17.3613 ], [ 102.275, 17.3649 ] ] } },
{ "type": "Feature", "properties": { "Layer": "Layer 1" }, "geometry": { "type": "LineString", "coordinates": [ [ 102.275, 17.3649 ], [ 102.204, 17.372 ] ] } },
{ "type": "Feature", "properties": { "Layer": "Layer 1" }, "geometry": { "type": "LineString", "coordinates": [ [ 102.204, 17.372 ], [ 102.151, 17.4576 ] ] } },
{ "type": "Feature", "properties": { "Layer": "Layer 1" }, "geometry": { "type": "LineString", "coordinates": [ [ 102.151, 17.4576 ], [ 102.168, 17.4861 ] ] } },
{ "type": "Feature", "properties": { "Layer": "Layer 1" }, "geometry": { "type": "LineString", "coordinates": [ [ 102.168, 17.4861 ], [ 102.186, 17.4647 ] ] } },
{ "type": "Feature", "properties": { "Layer": "Layer 1" }, "geometry": { "type": "LineString", "coordinates": [ [ 102.186, 17.4647 ], [ 102.225, 17.454 ] ] } },
{ "type": "Feature", "properties": { "Layer": "Layer 1" }, "geometry": { "type": "LineString", "coordinates": [ [ 102.225, 17.454 ], [ 102.258, 17.4683 ] ] } },
{ "type": "Feature", "properties": { "Layer": "Layer 1" }, "geometry": { "type": "LineString", "coordinates": [ [ 102.258, 17.4683 ], [ 102.283, 17.4612 ] ] } },
{ "type": "Feature", "properties": { "Layer": "Layer 1" }, "geometry": { "type": "LineString", "coordinates": [ [ 102.283, 17.4612 ], [ 102.236, 17.4398 ] ] } },
{ "type": "Feature", "properties": { "Layer": "Layer 1" }, "geometry": { "type": "LineString", "coordinates": [ [ 102.236, 17.4398 ], [ 102.208, 17.4219 ] ] } },
{ "type": "Feature", "properties": { "Layer": "Layer 1" }, "geometry": { "type": "LineString", "coordinates": [ [ 102.208, 17.4219 ], [ 102.208, 17.4219 ] ] } },
{ "type": "Feature", "properties": { "Layer": "Layer 1" }, "geometry": { "type": "LineString", "coordinates": [ [ 102.208, 17.4219 ], [ 102.151, 17.3934 ] ] } },
{ "type": "Feature", "properties": { "Layer": "Layer 1" }, "geometry": { "type": "LineString", "coordinates": [ [ 102.151, 17.3934 ], [ 102.151, 17.3899 ] ] } },
{ "type": "Feature", "properties": { "Layer": "Layer 1" }, "geometry": { "type": "LineString", "coordinates": [ [ 102.151, 17.3899 ], [ 102.147, 17.3899 ] ] } },
{ "type": "Feature", "properties": { "Layer": "Layer 1" }, "geometry": { "type": "LineString", "coordinates": [ [ 102.147, 17.3899 ], [ 102.397, 17.3863 ] ] } },
{ "type": "Feature", "properties": { "Layer": "Layer 1" }, "geometry": { "type": "LineString", "coordinates": [ [ 102.397, 17.3863 ], [ 102.386, 17.4255 ] ] } },
{ "type": "Feature", "properties": { "Layer": "Layer 1" }, "geometry": { "type": "LineString", "coordinates": [ [ 102.386, 17.4255 ], [ 102.368, 17.4255 ] ] } },
{ "type": "Feature", "properties": { "Layer": "Layer 1" }, "geometry": { "type": "LineString", "coordinates": [ [ 102.368, 17.4255 ], [ 102.361, 17.4291 ] ] } },
{ "type": "Feature", "properties": { "Layer": "Layer 1" }, "geometry": { "type": "LineString", "coordinates": [ [ 102.361, 17.4291 ], [ 102.443, 17.4184 ] ] } },
{ "type": "Feature", "properties": { "Layer": "Layer 1" }, "geometry": { "type": "LineString", "coordinates": [ [ 102.443, 17.4184 ], [ 102.429, 17.4219 ] ] } },
{ "type": "Feature", "properties": { "Layer": "Layer 1" }, "geometry": { "type": "LineString", "coordinates": [ [ 102.429, 17.4219 ], [ 102.471, 17.4219 ] ] } },
{ "type": "Feature", "properties": { "Layer": "Layer 1" }, "geometry": { "type": "LineString", "coordinates": [ [ 102.471, 17.4219 ], [ 102.493, 17.3827 ] ] } },
{ "type": "Feature", "properties": { "Layer": "Layer 1" }, "geometry": { "type": "LineString", "coordinates": [ [ 102.493, 17.3827 ], [ 102.5, 17.4326 ] ] } },
{ "type": "Feature", "properties": { "Layer": "Layer 1" }, "geometry": { "type": "LineString", "coordinates": [ [ 102.5, 17.4326 ], [ 102.5, 17.4398 ] ] } },
{ "type": "Feature", "properties": { "Layer": "Layer 1" }, "geometry": { "type": "LineString", "coordinates": [ [ 102.5, 17.4398 ], [ 102.479, 17.397 ] ] } },
{ "type": "Feature", "properties": { "Layer": "Layer 1" }, "geometry": { "type": "LineString", "coordinates": [ [ 102.479, 17.397 ], [ 102.372, 17.2865 ] ] } },
{ "type": "Feature", "properties": { "Layer": "Layer 1" }, "geometry": { "type": "LineString", "coordinates": [ [ 102.372, 17.2865 ], [ 102.386, 17.3114 ] ] } },
{ "type": "Feature", "properties": { "Layer": "Layer 1" }, "geometry": { "type": "LineString", "coordinates": [ [ 102.386, 17.3114 ], [ 102.407, 17.3507 ] ] } },
{ "type": "Feature", "properties": { "Layer": "Layer 1" }, "geometry": { "type": "LineString", "coordinates": [ [ 102.407, 17.3507 ], [ 102.414, 17.3471 ] ] } },
{ "type": "Feature", "properties": { "Layer": "Layer 1" }, "geometry": { "type": "LineString", "coordinates": [ [ 102.414, 17.3471 ], [ 102.457, 17.372 ] ] } },
{ "type": "Feature", "properties": { "Layer": "Layer 1" }, "geometry": { "type": "LineString", "coordinates": [ [ 102.457, 17.372 ], [ 102.468, 17.4219 ] ] } },
{ "type": "Feature", "properties": { "Layer": "Layer 1" }, "geometry": { "type": "LineString", "coordinates": [ [ 102.468, 17.4219 ], [ 102.457, 17.4469 ] ] } },
{ "type": "Feature", "properties": { "Layer": "Layer 1" }, "geometry": { "type": "LineString", "coordinates": [ [ 102.457, 17.4469 ], [ 102.432, 17.4291 ] ] } },
{ "type": "Feature", "properties": { "Layer": "Layer 1" }, "geometry": { "type": "LineString", "coordinates": [ [ 102.432, 17.4291 ], [ 102.439, 17.397 ] ] } },
{ "type": "Feature", "properties": { "Layer": "Layer 1" }, "geometry": { "type": "LineString", "coordinates": [ [ 102.439, 17.397 ], [ 102.439, 17.4326 ] ] } },
{ "type": "Feature", "properties": { "Layer": "Layer 1" }, "geometry": { "type": "LineString", "coordinates": [ [ 102.439, 17.4326 ], [ 102.439, 17.397 ] ] } },
{ "type": "Feature", "properties": { "Layer": "Layer 1" }, "geometry": { "type": "LineString", "coordinates": [ [ 102.439, 17.397 ], [ 102.422, 17.3435 ] ] } },
{ "type": "Feature", "properties": { "Layer": "Layer 1" }, "geometry": { "type": "LineString", "coordinates": [ [ 102.422, 17.3435 ], [ 102.4, 17.3221 ] ] } },
{ "type": "Feature", "properties": { "Layer": "Layer 1" }, "geometry": { "type": "LineString", "coordinates": [ [ 102.4, 17.3221 ], [ 102.425, 17.3079 ] ] } },
{ "type": "Feature", "properties": { "Layer": "Layer 1" }, "geometry": { "type": "LineString", "coordinates": [ [ 102.425, 17.3079 ], [ 102.511, 17.3043 ] ] } },
{ "type": "Feature", "properties": { "Layer": "Layer 1" }, "geometry": { "type": "LineString", "coordinates": [ [ 102.511, 17.3043 ], [ 102.379, 17.3114 ] ] } },
{ "type": "Feature", "properties": { "Layer": "Layer 1" }, "geometry": { "type": "LineString", "coordinates": [ [ 102.379, 17.3114 ], [ 102.404, 17.2794 ] ] } },
{ "type": "Feature", "properties": { "Layer": "Layer 1" }, "geometry": { "type": "LineString", "coordinates": [ [ 102.404, 17.2794 ], [ 102.404, 17.2758 ] ] } },
{ "type": "Feature", "properties": { "Layer": "Layer 1" }, "geometry": { "type": "LineString", "coordinates": [ [ 102.404, 17.2758 ], [ 102.425, 17.2865 ] ] } },
{ "type": "Feature", "properties": { "Layer": "Layer 1" }, "geometry": { "type": "LineString", "coordinates": [ [ 102.425, 17.2865 ], [ 102.432, 17.2794 ] ] } },
{ "type": "Feature", "properties": { "Layer": "Layer 1" }, "geometry": { "type": "LineString", "coordinates": [ [ 102.432, 17.2794 ], [ 102.436, 17.2794 ] ] } },
{ "type": "Feature", "properties": { "Layer": "Layer 1" }, "geometry": { "type": "LineString", "coordinates": [ [ 102.436, 17.2794 ], [ 102.372, 17.2936 ] ] } },
{ "type": "Feature", "properties": { "Layer": "Layer 1" }, "geometry": { "type": "LineString", "coordinates": [ [ 102.372, 17.2936 ], [ 102.375, 17.3043 ] ] } },
{ "type": "Feature", "properties": { "Layer": "Layer 1" }, "geometry": { "type": "LineString", "coordinates": [ [ 102.375, 17.3043 ], [ 102.404, 17.3221 ] ] } },
{ "type": "Feature", "properties": { "Layer": "Layer 1" }, "geometry": { "type": "LineString", "coordinates": [ [ 102.404, 17.3221 ], [ 102.393, 17.29 ] ] } },
{ "type": "Feature", "properties": { "Layer": "Layer 1" }, "geometry": { "type": "LineString", "coordinates": [ [ 102.393, 17.29 ], [ 102.365, 17.3114 ] ] } },
{ "type": "Feature", "properties": { "Layer": "Layer 1" }, "geometry": { "type": "LineString", "coordinates": [ [ 102.365, 17.3114 ], [ 102.315, 17.29 ] ] } },
{ "type": "Feature", "properties": { "Layer": "Layer 1" }, "geometry": { "type": "LineString", "coordinates": [ [ 102.315, 17.29 ], [ 102.322, 17.2758 ] ] } },
{ "type": "Feature", "properties": { "Layer": "Layer 1" }, "geometry": { "type": "LineString", "coordinates": [ [ 102.322, 17.2758 ], [ 102.347, 17.2865 ] ] } },
{ "type": "Feature", "properties": { "Layer": "Layer 1" }, "geometry": { "type": "LineString", "coordinates": [ [ 102.347, 17.2865 ], [ 102.447, 17.397 ] ] } },
{ "type": "Feature", "properties": { "Layer": "Layer 1" }, "geometry": { "type": "LineString", "coordinates": [ [ 102.447, 17.397 ], [ 102.447, 17.454 ] ] } },
{ "type": "Feature", "properties": { "Layer": "Layer 1" }, "geometry": { "type": "LineString", "coordinates": [ [ 102.447, 17.454 ], [ 102.325, 17.9745 ] ] } },
{ "type": "Feature", "properties": { "Layer": "Layer 1" }, "geometry": { "type": "LineString", "coordinates": [ [ 102.325, 17.9745 ], [ 102.368, 18.0387 ] ] } },
{ "type": "Feature", "properties": { "Layer": "Layer 1" }, "geometry": { "type": "LineString", "coordinates": [ [ 102.368, 18.0387 ], [ 102.557, 18.0565 ] ] } },
{ "type": "Feature", "properties": { "Layer": "Layer 1" }, "geometry": { "type": "LineString", "coordinates": [ [ 102.557, 18.0565 ], [ 102.643, 18.2383 ] ] } },
{ "type": "Feature", "properties": { "Layer": "Layer 1" }, "geometry": { "type": "LineString", "coordinates": [ [ 102.643, 18.2383 ], [ 102.803, 18.1171 ] ] } },
{ "type": "Feature", "properties": { "Layer": "Layer 1" }, "geometry": { "type": "LineString", "coordinates": [ [ 102.803, 18.1171 ], [ 102.796, 18.1207 ] ] } },
{ "type": "Feature", "properties": { "Layer": "Layer 1" }, "geometry": { "type": "LineString", "coordinates": [ [ 102.796, 18.1207 ], [ 102.764, 18.1528 ] ] } },
{ "type": "Feature", "properties": { "Layer": "Layer 1" }, "geometry": { "type": "LineString", "coordinates": [ [ 102.764, 18.1528 ], [ 102.742, 18.2811 ] ] } },
{ "type": "Feature", "properties": { "Layer": "Layer 1" }, "geometry": { "type": "LineString", "coordinates": [ [ 102.742, 18.2811 ], [ 102.821, 18.4914 ] ] } },
{ "type": "Feature", "properties": { "Layer": "Layer 1" }, "geometry": { "type": "LineString", "coordinates": [ [ 102.821, 18.4914 ], [ 103.042, 19.0832 ] ] } },
{ "type": "Feature", "properties": { "Layer": "Layer 1" }, "geometry": { "type": "LineString", "coordinates": [ [ 103.042, 19.0832 ], [ 102.839, 19.1652 ] ] } },
{ "type": "Feature", "properties": { "Layer": "Layer 1" }, "geometry": { "type": "LineString", "coordinates": [ [ 102.839, 19.1652 ], [ 102.906, 19.2401 ] ] } },
{ "type": "Feature", "properties": { "Layer": "Layer 1" }, "geometry": { "type": "LineString", "coordinates": [ [ 102.906, 19.2401 ], [ 102.985, 19.2436 ] ] } },
{ "type": "Feature", "properties": { "Layer": "Layer 1" }, "geometry": { "type": "LineString", "coordinates": [ [ 102.985, 19.2436 ], [ 103.003, 19.1688 ] ] } },
{ "type": "Feature", "properties": { "Layer": "Layer 1" }, "geometry": { "type": "LineString", "coordinates": [ [ 103.003, 19.1688 ], [ 102.963, 19.2115 ] ] } },
{ "type": "Feature", "properties": { "Layer": "Layer 1" }, "geometry": { "type": "LineString", "coordinates": [ [ 102.963, 19.2115 ], [ 102.956, 19.2115 ] ] } },
{ "type": "Feature", "properties": { "Layer": "Layer 1" }, "geometry": { "type": "LineString", "coordinates": [ [ 102.956, 19.2115 ], [ 102.967, 19.2222 ] ] } },
{ "type": "Feature", "properties": { "Layer": "Layer 1" }, "geometry": { "type": "LineString", "coordinates": [ [ 102.967, 19.2222 ], [ 102.967, 19.2294 ] ] } },
{ "type": "Feature", "properties": { "Layer": "Layer 1" }, "geometry": { "type": "LineString", "coordinates": [ [ 102.967, 19.2294 ], [ 102.924, 19.2436 ] ] } },
{ "type": "Feature", "properties": { "Layer": "Layer 1" }, "geometry": { "type": "LineString", "coordinates": [ [ 102.924, 19.2436 ], [ 103.249, 19.208 ] ] } },
{ "type": "Feature", "properties": { "Layer": "Layer 1" }, "geometry": { "type": "LineString", "coordinates": [ [ 103.249, 19.208 ], [ 103.569, 18.8978 ] ] } },
{ "type": "Feature", "properties": { "Layer": "Layer 1" }, "geometry": { "type": "LineString", "coordinates": [ [ 103.569, 18.8978 ], [ 104.489, 17.8533 ] ] } },
{ "type": "Feature", "properties": { "Layer": "Layer 1" }, "geometry": { "type": "LineString", "coordinates": [ [ 104.489, 17.8533 ], [ 104.521, 17.8355 ] ] } },
{ "type": "Feature", "properties": { "Layer": "Layer 1" }, "geometry": { "type": "LineString", "coordinates": [ [ 104.521, 17.8355 ], [ 104.682, 17.6216 ] ] } },
{ "type": "Feature", "properties": { "Layer": "Layer 1" }, "geometry": { "type": "LineString", "coordinates": [ [ 104.682, 17.6216 ], [ 104.703, 17.5253 ] ] } },
{ "type": "Feature", "properties": { "Layer": "Layer 1" }, "geometry": { "type": "LineString", "coordinates": [ [ 104.703, 17.5253 ], [ 104.479, 17.4505 ] ] } },
{ "type": "Feature", "properties": { "Layer": "Layer 1" }, "geometry": { "type": "LineString", "coordinates": [ [ 104.479, 17.4505 ], [ 104.496, 17.3863 ] ] } },
{ "type": "Feature", "properties": { "Layer": "Layer 1" }, "geometry": { "type": "LineString", "coordinates": [ [ 104.496, 17.3863 ], [ 104.532, 17.3542 ] ] } },
{ "type": "Feature", "properties": { "Layer": "Layer 1" }, "geometry": { "type": "LineString", "coordinates": [ [ 104.532, 17.3542 ], [ 104.536, 17.3328 ] ] } },
{ "type": "Feature", "properties": { "Layer": "Layer 1" }, "geometry": { "type": "LineString", "coordinates": [ [ 104.536, 17.3328 ], [ 104.614, 17.2687 ] ] } },
{ "type": "Feature", "properties": { "Layer": "Layer 1" }, "geometry": { "type": "LineString", "coordinates": [ [ 104.614, 17.2687 ], [ 104.967, 17.3043 ] ] } },
{ "type": "Feature", "properties": { "Layer": "Layer 1" }, "geometry": { "type": "LineString", "coordinates": [ [ 104.967, 17.3043 ], [ 105.013, 17.2366 ] ] } },
{ "type": "Feature", "properties": { "Layer": "Layer 1" }, "geometry": { "type": "LineString", "coordinates": [ [ 105.013, 17.2366 ], [ 105.263, 17.2473 ] ] } },
{ "type": "Feature", "properties": { "Layer": "Layer 1" }, "geometry": { "type": "LineString", "coordinates": [ [ 105.263, 17.2473 ], [ 105.42, 17.2651 ] ] } },
{ "type": "Feature", "properties": { "Layer": "Layer 1" }, "geometry": { "type": "LineString", "coordinates": [ [ 105.42, 17.2651 ], [ 105.548, 17.2508 ] ] } },
{ "type": "Feature", "properties": { "Layer": "Layer 1" }, "geometry": { "type": "LineString", "coordinates": [ [ 105.548, 17.2508 ], [ 105.694, 17.2651 ] ] } },
{ "type": "Feature", "properties": { "Layer": "Layer 1" }, "geometry": { "type": "LineString", "coordinates": [ [ 105.694, 17.2651 ], [ 105.826, 17.315 ] ] } },
{ "type": "Feature", "properties": { "Layer": "Layer 1" }, "geometry": { "type": "LineString", "coordinates": [ [ 105.826, 17.315 ], [ 106.546, 17.2651 ] ] } },
{ "type": "Feature", "properties": { "Layer": "Layer 1" }, "geometry": { "type": "LineString", "coordinates": [ [ 106.546, 17.2651 ], [ 106.945, 17.1439 ] ] } },
{ "type": "Feature", "properties": { "Layer": "Layer 1" }, "geometry": { "type": "LineString", "coordinates": [ [ 106.945, 17.1439 ], [ 107.152, 17.1688 ] ] } },
{ "type": "Feature", "properties": { "Layer": "Layer 1" }, "geometry": { "type": "LineString", "coordinates": [ [ 107.152, 17.1688 ], [ 107.412, 17.2045 ] ] } },
{ "type": "Feature", "properties": { "Layer": "Layer 1" }, "geometry": { "type": "LineString", "coordinates": [ [ 107.412, 17.2045 ], [ 107.601, 17.2009 ] ] } },
{ "type": "Feature", "properties": { "Layer": "Layer 1" }, "geometry": { "type": "LineString", "coordinates": [ [ 107.601, 17.2009 ], [ 108.018, 17.258 ] ] } },
{ "type": "Feature", "properties": { "Layer": "Layer 1" }, "geometry": { "type": "LineString", "coordinates": [ [ 108.018, 17.258 ], [ 108.115, 17.1938 ] ] } },
{ "type": "Feature", "properties": { "Layer": "Layer 1" }, "geometry": { "type": "LineString", "coordinates": [ [ 108.115, 17.1938 ], [ 108.657, 17.233 ] ] } },
{ "type": "Feature", "properties": { "Layer": "Layer 1" }, "geometry": { "type": "LineString", "coordinates": [ [ 108.657, 17.233 ], [ 108.756, 17.2259 ] ] } },
{ "type": "Feature", "properties": { "Layer": "Layer 1" }, "geometry": { "type": "LineString", "coordinates": [ [ 108.756, 17.2259 ], [ 109.27, 17.2401 ] ] } },
{ "type": "Feature", "properties": { "Layer": "Layer 1" }, "geometry": { "type": "LineString", "coordinates": [ [ 109.27, 17.2401 ], [ 109.648, 17.2187 ] ] } },
{ "type": "Feature", "properties": { "Layer": "Layer 1" }, "geometry": { "type": "LineString", "coordinates": [ [ 109.648, 17.2187 ], [ 110.04, 17.4113 ] ] } },
{ "type": "Feature", "properties": { "Layer": "Layer 1" }, "geometry": { "type": "LineString", "coordinates": [ [ 110.04, 17.4113 ], [ 110.115, 17.6394 ] ] } },
{ "type": "Feature", "properties": { "Layer": "Layer 1" }, "geometry": { "type": "LineString", "coordinates": [ [ 110.115, 17.6394 ], [ 110.136, 17.8105 ] ] } },
{ "type": "Feature", "properties": { "Layer": "Layer 1" }, "geometry": { "type": "LineString", "coordinates": [ [ 110.136, 17.8105 ], [ 110.179, 18.0351 ] ] } },
{ "type": "Feature", "properties": { "Layer": "Layer 1" }, "geometry": { "type": "LineString", "coordinates": [ [ 110.179, 18.0351 ], [ 110.19, 18.1741 ] ] } },
{ "type": "Feature", "properties": { "Layer": "Layer 1" }, "geometry": { "type": "LineString", "coordinates": [ [ 110.19, 18.1741 ], [ 110.279, 18.4558 ] ] } },
{ "type": "Feature", "properties": { "Layer": "Layer 1" }, "geometry": { "type": "LineString", "coordinates": [ [ 110.279, 18.4558 ], [ 110.403, 18.5092 ] ] } },
{ "type": "Feature", "properties": { "Layer": "Layer 1" }, "geometry": { "type": "LineString", "coordinates": [ [ 110.403, 18.5092 ], [ 110.304, 18.5235 ] ] } },
{ "type": "Feature", "properties": { "Layer": "Layer 1" }, "geometry": { "type": "LineString", "coordinates": [ [ 110.304, 18.5235 ], [ 110.293, 18.5021 ] ] } },
{ "type": "Feature", "properties": { "Layer": "Layer 1" }, "geometry": { "type": "LineString", "coordinates": [ [ 110.293, 18.5021 ], [ 110.3, 18.495 ] ] } },
{ "type": "Feature", "properties": { "Layer": "Layer 1" }, "geometry": { "type": "LineString", "coordinates": [ [ 110.3, 18.495 ], [ 110.311, 18.4273 ] ] } },
{ "type": "Feature", "properties": { "Layer": "Layer 1" }, "geometry": { "type": "LineString", "coordinates": [ [ 110.311, 18.4273 ], [ 110.3, 18.4059 ] ] } },
{ "type": "Feature", "properties": { "Layer": "Layer 1" }, "geometry": { "type": "LineString", "coordinates": [ [ 110.3, 18.4059 ], [ 110.289, 18.4451 ] ] } },
{ "type": "Feature", "properties": { "Layer": "Layer 1" }, "geometry": { "type": "LineString", "coordinates": [ [ 110.289, 18.4451 ], [ 110.257, 18.5485 ] ] } },
{ "type": "Feature", "properties": { "Layer": "Layer 1" }, "geometry": { "type": "LineString", "coordinates": [ [ 110.257, 18.5485 ], [ 110.279, 18.8158 ] ] } },
{ "type": "Feature", "properties": { "Layer": "Layer 1" }, "geometry": { "type": "LineString", "coordinates": [ [ 110.279, 18.8158 ], [ 110.239, 18.9085 ] ] } },
{ "type": "Feature", "properties": { "Layer": "Layer 1" }, "geometry": { "type": "LineString", "coordinates": [ [ 110.239, 18.9085 ], [ 110.19, 19.1509 ] ] } },
{ "type": "Feature", "properties": { "Layer": "Layer 1" }, "geometry": { "type": "LineString", "coordinates": [ [ 110.19, 19.1509 ], [ 110.193, 19.4254 ] ] } },
{ "type": "Feature", "properties": { "Layer": "Layer 1" }, "geometry": { "type": "LineString", "coordinates": [ [ 110.193, 19.4254 ], [ 110.172, 19.4825 ] ] } },
{ "type": "Feature", "properties": { "Layer": "Layer 1" }, "geometry": { "type": "LineString", "coordinates": [ [ 110.172, 19.4825 ], [ 110.19, 19.5894 ] ] } },
{ "type": "Feature", "properties": { "Layer": "Layer 1" }, "geometry": { "type": "LineString", "coordinates": [ [ 110.19, 19.5894 ], [ 110.186, 19.7178 ] ] } },
{ "type": "Feature", "properties": { "Layer": "Layer 1" }, "geometry": { "type": "LineString", "coordinates": [ [ 110.186, 19.7178 ], [ 110.389, 20.0814 ] ] } },
{ "type": "Feature", "properties": { "Layer": "Layer 1" }, "geometry": { "type": "LineString", "coordinates": [ [ 110.389, 20.0814 ], [ 110.407, 20.117 ] ] } },
{ "type": "Feature", "properties": { "Layer": "Layer 1" }, "geometry": { "type": "LineString", "coordinates": [ [ 110.407, 20.117 ], [ 110.353, 20.1812 ] ] } },
{ "type": "Feature", "properties": { "Layer": "Layer 1" }, "geometry": { "type": "LineString", "coordinates": [ [ 110.353, 20.1812 ], [ 110.421, 20.2418 ] ] } },
{ "type": "Feature", "properties": { "Layer": "Layer 1" }, "geometry": { "type": "LineString", "coordinates": [ [ 110.421, 20.2418 ], [ 110.386, 20.2988 ] ] } },
{ "type": "Feature", "properties": { "Layer": "Layer 1" }, "geometry": { "type": "LineString", "coordinates": [ [ 110.386, 20.2988 ], [ 110.207, 20.445 ] ] } },
{ "type": "Feature", "properties": { "Layer": "Layer 1" }, "geometry": { "type": "LineString", "coordinates": [ [ 110.207, 20.445 ], [ 110.236, 20.5412 ] ] } },
{ "type": "Feature", "properties": { "Layer": "Layer 1" }, "geometry": { "type": "LineString", "coordinates": [ [ 110.236, 20.5412 ], [ 110.1, 20.6232 ] ] } },
{ "type": "Feature", "properties": { "Layer": "Layer 1" }, "geometry": { "type": "LineString", "coordinates": [ [ 110.1, 20.6232 ], [ 110.075, 20.6589 ] ] } },
{ "type": "Feature", "properties": { "Layer": "Layer 1" }, "geometry": { "type": "LineString", "coordinates": [ [ 110.075, 20.6589 ], [ 110.15, 20.7765 ] ] } },
{ "type": "Feature", "properties": { "Layer": "Layer 1" }, "geometry": { "type": "LineString", "coordinates": [ [ 110.15, 20.7765 ], [ 110.211, 20.8977 ] ] } },
{ "type": "Feature", "properties": { "Layer": "Layer 1" }, "geometry": { "type": "LineString", "coordinates": [ [ 110.211, 20.8977 ], [ 110.2, 20.9655 ] ] } },
{ "type": "Feature", "properties": { "Layer": "Layer 1" }, "geometry": { "type": "LineString", "coordinates": [ [ 110.2, 20.9655 ], [ 110.478, 21.2721 ] ] } },
{ "type": "Feature", "properties": { "Layer": "Layer 1" }, "geometry": { "type": "LineString", "coordinates": [ [ 110.478, 21.2721 ], [ 110.482, 21.4539 ] ] } },
{ "type": "Feature", "properties": { "Layer": "Layer 1" }, "geometry": { "type": "LineString", "coordinates": [ [ 110.482, 21.4539 ], [ 110.507, 21.6606 ] ] } },
{ "type": "Feature", "properties": { "Layer": "Layer 1" }, "geometry": { "type": "LineString", "coordinates": [ [ 110.507, 21.6606 ], [ 110.532, 21.7747 ] ] } },
{ "type": "Feature", "properties": { "Layer": "Layer 1" }, "geometry": { "type": "LineString", "coordinates": [ [ 110.532, 21.7747 ], [ 110.353, 21.8745 ] ] } },
{ "type": "Feature", "properties": { "Layer": "Layer 1" }, "geometry": { "type": "LineString", "coordinates": [ [ 110.353, 21.8745 ], [ 110.35, 21.9137 ] ] } },
{ "type": "Feature", "properties": { "Layer": "Layer 1" }, "geometry": { "type": "LineString", "coordinates": [ [ 110.35, 21.9137 ], [ 110.029, 22.0777 ] ] } },
{ "type": "Feature", "properties": { "Layer": "Layer 1" }, "geometry": { "type": "LineString", "coordinates": [ [ 110.029, 22.0777 ], [ 110.026, 22.2168 ] ] } },
{ "type": "Feature", "properties": { "Layer": "Layer 1" }, "geometry": { "type": "LineString", "coordinates": [ [ 110.026, 22.2168 ], [ 110.047, 22.3094 ] ] } },
{ "type": "Feature", "properties": { "Layer": "Layer 1" }, "geometry": { "type": "LineString", "coordinates": [ [ 110.047, 22.3094 ], [ 110.043, 22.3522 ] ] } },
{ "type": "Feature", "properties": { "Layer": "Layer 1" }, "geometry": { "type": "LineString", "coordinates": [ [ 110.043, 22.3522 ], [ 110.079, 22.3914 ] ] } },
{ "type": "Feature", "properties": { "Layer": "Layer 1" }, "geometry": { "type": "LineString", "coordinates": [ [ 110.079, 22.3914 ], [ 110.083, 22.4021 ] ] } },
{ "type": "Feature", "properties": { "Layer": "Layer 1" }, "geometry": { "type": "LineString", "coordinates": [ [ 110.083, 22.4021 ], [ 110.108, 22.395 ] ] } },
{ "type": "Feature", "properties": { "Layer": "Layer 1" }, "geometry": { "type": "LineString", "coordinates": [ [ 110.108, 22.395 ], [ 110.453, 22.3879 ] ] } },
{ "type": "Feature", "properties": { "Layer": "Layer 1" }, "geometry": { "type": "LineString", "coordinates": [ [ 110.453, 22.3879 ], [ 110.493, 22.4378 ] ] } },
{ "type": "Feature", "properties": { "Layer": "Layer 1" }, "geometry": { "type": "LineString", "coordinates": [ [ 110.493, 22.4378 ], [ 110.411, 22.2952 ] ] } },
{ "type": "Feature", "properties": { "Layer": "Layer 1" }, "geometry": { "type": "LineString", "coordinates": [ [ 110.411, 22.2952 ], [ 110.428, 22.3059 ] ] } },
{ "type": "Feature", "properties": { "Layer": "Layer 1" }, "geometry": { "type": "LineString", "coordinates": [ [ 110.428, 22.3059 ], [ 110.475, 22.3273 ] ] } },
{ "type": "Feature", "properties": { "Layer": "Layer 1" }, "geometry": { "type": "LineString", "coordinates": [ [ 110.475, 22.3273 ], [ 110.464, 22.3487 ] ] } },
{ "type": "Feature", "properties": { "Layer": "Layer 1" }, "geometry": { "type": "LineString", "coordinates": [ [ 110.464, 22.3487 ], [ 110.482, 22.3558 ] ] } },
{ "type": "Feature", "properties": { "Layer": "Layer 1" }, "geometry": { "type": "LineString", "coordinates": [ [ 110.482, 22.3558 ], [ 110.582, 22.4164 ] ] } },
{ "type": "Feature", "properties": { "Layer": "Layer 1" }, "geometry": { "type": "LineString", "coordinates": [ [ 110.582, 22.4164 ], [ 110.984, 22.4913 ] ] } },
{ "type": "Feature", "properties": { "Layer": "Layer 1" }, "geometry": { "type": "LineString", "coordinates": [ [ 110.984, 22.4913 ], [ 111.07, 22.5519 ] ] } },
{ "type": "Feature", "properties": { "Layer": "Layer 1" }, "geometry": { "type": "LineString", "coordinates": [ [ 111.07, 22.5519 ], [ 111.07, 22.6481 ] ] } },
{ "type": "Feature", "properties": { "Layer": "Layer 1" }, "geometry": { "type": "LineString", "coordinates": [ [ 111.07, 22.6481 ], [ 110.849, 22.7265 ] ] } },
{ "type": "Feature", "properties": { "Layer": "Layer 1" }, "geometry": { "type": "LineString", "coordinates": [ [ 110.849, 22.7265 ], [ 110.878, 22.8192 ] ] } },
{ "type": "Feature", "properties": { "Layer": "Layer 1" }, "geometry": { "type": "LineString", "coordinates": [ [ 110.878, 22.8192 ], [ 110.931, 22.8727 ] ] } },
{ "type": "Feature", "properties": { "Layer": "Layer 1" }, "geometry": { "type": "LineString", "coordinates": [ [ 110.931, 22.8727 ], [ 110.885, 22.9084 ] ] } },
{ "type": "Feature", "properties": { "Layer": "Layer 1" }, "geometry": { "type": "LineString", "coordinates": [ [ 110.885, 22.9084 ], [ 110.956, 22.9547 ] ] } },
{ "type": "Feature", "properties": { "Layer": "Layer 1" }, "geometry": { "type": "LineString", "coordinates": [ [ 110.956, 22.9547 ], [ 111.127, 23.0438 ] ] } },
{ "type": "Feature", "properties": { "Layer": "Layer 1" }, "geometry": { "type": "LineString", "coordinates": [ [ 111.127, 23.0438 ], [ 111.213, 22.9618 ] ] } },
{ "type": "Feature", "properties": { "Layer": "Layer 1" }, "geometry": { "type": "LineString", "coordinates": [ [ 111.213, 22.9618 ], [ 111.206, 22.9654 ] ] } },
{ "type": "Feature", "properties": { "Layer": "Layer 1" }, "geometry": { "type": "LineString", "coordinates": [ [ 111.206, 22.9654 ], [ 111.22, 22.944 ] ] } },
{ "type": "Feature", "properties": { "Layer": "Layer 1" }, "geometry": { "type": "LineString", "coordinates": [ [ 111.22, 22.944 ], [ 111.181, 22.9547 ] ] } },
{ "type": "Feature", "properties": { "Layer": "Layer 1" }, "geometry": { "type": "LineString", "coordinates": [ [ 111.181, 22.9547 ], [ 111.173, 22.9547 ] ] } },
{ "type": "Feature", "properties": { "Layer": "Layer 1" }, "geometry": { "type": "LineString", "coordinates": [ [ 111.173, 22.9547 ], [ 111.234, 22.9832 ] ] } },
{ "type": "Feature", "properties": { "Layer": "Layer 1" }, "geometry": { "type": "LineString", "coordinates": [ [ 111.234, 22.9832 ], [ 111.22, 23.0046 ] ] } },
{ "type": "Feature", "properties": { "Layer": "Layer 1" }, "geometry": { "type": "LineString", "coordinates": [ [ 111.22, 23.0046 ], [ 111.248, 23.0117 ] ] } },
{ "type": "Feature", "properties": { "Layer": "Layer 1" }, "geometry": { "type": "LineString", "coordinates": [ [ 111.248, 23.0117 ], [ 111.298, 23.0688 ] ] } },
{ "type": "Feature", "properties": { "Layer": "Layer 1" }, "geometry": { "type": "LineString", "coordinates": [ [ 111.298, 23.0688 ], [ 111.305, 23.1009 ] ] } },
{ "type": "Feature", "properties": { "Layer": "Layer 1" }, "geometry": { "type": "LineString", "coordinates": [ [ 111.305, 23.1009 ], [ 111.223, 23.165 ] ] } },
{ "type": "Feature", "properties": { "Layer": "Layer 1" }, "geometry": { "type": "LineString", "coordinates": [ [ 111.223, 23.165 ], [ 111.177, 23.2898 ] ] } },
{ "type": "Feature", "properties": { "Layer": "Layer 1" }, "geometry": { "type": "LineString", "coordinates": [ [ 111.177, 23.2898 ], [ 111.045, 23.3789 ] ] } },
{ "type": "Feature", "properties": { "Layer": "Layer 1" }, "geometry": { "type": "LineString", "coordinates": [ [ 111.045, 23.3789 ], [ 110.717, 23.436 ] ] } },
{ "type": "Feature", "properties": { "Layer": "Layer 1" }, "geometry": { "type": "LineString", "coordinates": [ [ 110.717, 23.436 ], [ 110.546, 23.411 ] ] } },
{ "type": "Feature", "properties": { "Layer": "Layer 1" }, "geometry": { "type": "LineString", "coordinates": [ [ 110.546, 23.411 ], [ 110.218, 23.3183 ] ] } },
{ "type": "Feature", "properties": { "Layer": "Layer 1" }, "geometry": { "type": "LineString", "coordinates": [ [ 110.218, 23.3183 ], [ 110.036, 23.3183 ] ] } },
{ "type": "Feature", "properties": { "Layer": "Layer 1" }, "geometry": { "type": "LineString", "coordinates": [ [ 110.036, 23.3183 ], [ 109.812, 23.3825 ] ] } },
{ "type": "Feature", "properties": { "Layer": "Layer 1" }, "geometry": { "type": "LineString", "coordinates": [ [ 109.812, 23.3825 ], [ 109.783, 23.4146 ] ] } },
{ "type": "Feature", "properties": { "Layer": "Layer 1" }, "geometry": { "type": "LineString", "coordinates": [ [ 109.783, 23.4146 ], [ 109.805, 23.4217 ] ] } },
{ "type": "Feature", "properties": { "Layer": "Layer 1" }, "geometry": { "type": "LineString", "coordinates": [ [ 109.805, 23.4217 ], [ 109.901, 23.821 ] ] } },
{ "type": "Feature", "properties": { "Layer": "Layer 1" }, "geometry": { "type": "LineString", "coordinates": [ [ 109.901, 23.821 ], [ 110.033, 24.0349 ] ] } },
{ "type": "Feature", "properties": { "Layer": "Layer 1" }, "geometry": { "type": "LineString", "coordinates": [ [ 110.033, 24.0349 ], [ 110.261, 24.2523 ] ] } },
{ "type": "Feature", "properties": { "Layer": "Layer 1" }, "geometry": { "type": "LineString", "coordinates": [ [ 110.261, 24.2523 ], [ 110.567, 24.5233 ] ] } },
{ "type": "Feature", "properties": { "Layer": "Layer 1" }, "geometry": { "type": "LineString", "coordinates": [ [ 110.567, 24.5233 ], [ 110.824, 24.5981 ] ] } },
{ "type": "Feature", "properties": { "Layer": "Layer 1" }, "geometry": { "type": "LineString", "coordinates": [ [ 110.824, 24.5981 ], [ 111.059, 24.6694 ] ] } },
{ "type": "Feature", "properties": { "Layer": "Layer 1" }, "geometry": { "type": "LineString", "coordinates": [ [ 111.059, 24.6694 ], [ 111.416, 24.5767 ] ] } },
{ "type": "Feature", "properties": { "Layer": "Layer 1" }, "geometry": { "type": "LineString", "coordinates": [ [ 111.416, 24.5767 ], [ 111.772, 24.5304 ] ] } },
{ "type": "Feature", "properties": { "Layer": "Layer 1" }, "geometry": { "type": "LineString", "coordinates": [ [ 111.772, 24.5304 ], [ 112.361, 24.3664 ] ] } },
{ "type": "Feature", "properties": { "Layer": "Layer 1" }, "geometry": { "type": "LineString", "coordinates": [ [ 112.361, 24.3664 ], [ 112.728, 24.1917 ] ] } },
{ "type": "Feature", "properties": { "Layer": "Layer 1" }, "geometry": { "type": "LineString", "coordinates": [ [ 112.728, 24.1917 ], [ 112.76, 24.1632 ] ] } },
{ "type": "Feature", "properties": { "Layer": "Layer 1" }, "geometry": { "type": "LineString", "coordinates": [ [ 112.76, 24.1632 ], [ 112.934, 24.1489 ] ] } },
{ "type": "Feature", "properties": { "Layer": "Layer 1" }, "geometry": { "type": "LineString", "coordinates": [ [ 112.934, 24.1489 ], [ 113.694, 23.796 ] ] } },
{ "type": "Feature", "properties": { "Layer": "Layer 1" }, "geometry": { "type": "LineString", "coordinates": [ [ 113.694, 23.796 ], [ 113.929, 23.5892 ] ] } },
{ "type": "Feature", "properties": { "Layer": "Layer 1" }, "geometry": { "type": "LineString", "coordinates": [ [ 113.929, 23.5892 ], [ 114.179, 23.354 ] ] } },
{ "type": "Feature", "properties": { "Layer": "Layer 1" }, "geometry": { "type": "LineString", "coordinates": [ [ 114.179, 23.354 ], [ 114.275, 23.4039 ] ] } },
{ "type": "Feature", "properties": { "Layer": "Layer 1" }, "geometry": { "type": "LineString", "coordinates": [ [ 114.275, 23.4039 ], [ 114.357, 23.4146 ] ] } },
{ "type": "Feature", "properties": { "Layer": "Layer 1" }, "geometry": { "type": "LineString", "coordinates": [ [ 114.357, 23.4146 ], [ 114.517, 23.3504 ] ] } },
{ "type": "Feature", "properties": { "Layer": "Layer 1" }, "geometry": { "type": "LineString", "coordinates": [ [ 114.517, 23.3504 ], [ 114.685, 23.3504 ] ] } },
{ "type": "Feature", "properties": { "Layer": "Layer 1" }, "geometry": { "type": "LineString", "coordinates": [ [ 114.685, 23.3504 ], [ 114.838, 23.3647 ] ] } },
{ "type": "Feature", "properties": { "Layer": "Layer 1" }, "geometry": { "type": "LineString", "coordinates": [ [ 114.838, 23.3647 ], [ 115.091, 23.3504 ] ] } },
{ "type": "Feature", "properties": { "Layer": "Layer 1" }, "geometry": { "type": "LineString", "coordinates": [ [ 115.091, 23.3504 ], [ 115.362, 23.4716 ] ] } },
{ "type": "Feature", "properties": { "Layer": "Layer 1" }, "geometry": { "type": "LineString", "coordinates": [ [ 115.362, 23.4716 ], [ 115.704, 23.657 ] ] } },
{ "type": "Feature", "properties": { "Layer": "Layer 1" }, "geometry": { "type": "LineString", "coordinates": [ [ 115.704, 23.657 ], [ 115.868, 23.6926 ] ] } },
{ "type": "Feature", "properties": { "Layer": "Layer 1" }, "geometry": { "type": "LineString", "coordinates": [ [ 115.868, 23.6926 ], [ 115.929, 23.7568 ] ] } },
{ "type": "Feature", "properties": { "Layer": "Layer 1" }, "geometry": { "type": "LineString", "coordinates": [ [ 115.929, 23.7568 ], [ 116.168, 23.6855 ] ] } },
{ "type": "Feature", "properties": { "Layer": "Layer 1" }, "geometry": { "type": "LineString", "coordinates": [ [ 116.168, 23.6855 ], [ 116.328, 23.6748 ] ] } },
{ "type": "Feature", "properties": { "Layer": "Layer 1" }, "geometry": { "type": "LineString", "coordinates": [ [ 116.328, 23.6748 ], [ 116.492, 23.6392 ] ] } },
{ "type": "Feature", "properties": { "Layer": "Layer 1" }, "geometry": { "type": "LineString", "coordinates": [ [ 116.492, 23.6392 ], [ 116.635, 23.3896 ] ] } },
{ "type": "Feature", "properties": { "Layer": "Layer 1" }, "geometry": { "type": "LineString", "coordinates": [ [ 116.635, 23.3896 ], [ 116.788, 23.3041 ] ] } },
{ "type": "Feature", "properties": { "Layer": "Layer 1" }, "geometry": { "type": "LineString", "coordinates": [ [ 116.788, 23.3041 ], [ 116.977, 23.2613 ] ] } },
{ "type": "Feature", "properties": { "Layer": "Layer 1" }, "geometry": { "type": "LineString", "coordinates": [ [ 116.977, 23.2613 ], [ 117.362, 23.3504 ] ] } },
{ "type": "Feature", "properties": { "Layer": "Layer 1" }, "geometry": { "type": "LineString", "coordinates": [ [ 117.362, 23.3504 ], [ 117.43, 23.3433 ] ] } },
{ "type": "Feature", "properties": { "Layer": "Layer 1" }, "geometry": { "type": "LineString", "coordinates": [ [ 117.43, 23.3433 ], [ 117.64, 23.4823 ] ] } },
{ "type": "Feature", "properties": { "Layer": "Layer 1" }, "geometry": { "type": "LineString", "coordinates": [ [ 117.64, 23.4823 ], [ 117.747, 23.5429 ] ] } },
{ "type": "Feature", "properties": { "Layer": "Layer 1" }, "geometry": { "type": "LineString", "coordinates": [ [ 117.747, 23.5429 ], [ 118.096, 23.5465 ] ] } },
{ "type": "Feature", "properties": { "Layer": "Layer 1" }, "geometry": { "type": "LineString", "coordinates": [ [ 118.096, 23.5465 ], [ 118.275, 23.5358 ] ] } },
{ "type": "Feature", "properties": { "Layer": "Layer 1" }, "geometry": { "type": "LineString", "coordinates": [ [ 118.275, 23.5358 ], [ 118.449, 23.5393 ] ] } },
{ "type": "Feature", "properties": { "Layer": "Layer 1" }, "geometry": { "type": "LineString", "coordinates": [ [ 118.449, 23.5393 ], [ 118.599, 23.5465 ] ] } },
{ "type": "Feature", "properties": { "Layer": "Layer 1" }, "geometry": { "type": "LineString", "coordinates": [ [ 118.599, 23.5465 ], [ 118.781, 23.5465 ] ] } },
{ "type": "Feature", "properties": { "Layer": "Layer 1" }, "geometry": { "type": "LineString", "coordinates": [ [ 118.781, 23.5465 ], [ 118.863, 23.55 ] ] } },
{ "type": "Feature", "properties": { "Layer": "Layer 1" }, "geometry": { "type": "LineString", "coordinates": [ [ 118.863, 23.55 ], [ 119.095, 23.6249 ] ] } },
{ "type": "Feature", "properties": { "Layer": "Layer 1" }, "geometry": { "type": "LineString", "coordinates": [ [ 119.095, 23.6249 ], [ 119.294, 23.6534 ] ] } },
{ "type": "Feature", "properties": { "Layer": "Layer 1" }, "geometry": { "type": "LineString", "coordinates": [ [ 119.294, 23.6534 ], [ 119.64, 23.5786 ] ] } },
{ "type": "Feature", "properties": { "Layer": "Layer 1" }, "geometry": { "type": "LineString", "coordinates": [ [ 119.64, 23.5786 ], [ 119.701, 23.6213 ] ] } },
{ "type": "Feature", "properties": { "Layer": "Layer 1" }, "geometry": { "type": "LineString", "coordinates": [ [ 119.701, 23.6213 ], [ 119.647, 23.5429 ] ] } },
{ "type": "Feature", "properties": { "Layer": "Layer 1" }, "geometry": { "type": "LineString", "coordinates": [ [ 119.647, 23.5429 ], [ 119.601, 23.4966 ] ] } },
{ "type": "Feature", "properties": { "Layer": "Layer 1" }, "geometry": { "type": "LineString", "coordinates": [ [ 119.601, 23.4966 ], [ 119.654, 23.493 ] ] } },
{ "type": "Feature", "properties": { "Layer": "Layer 1" }, "geometry": { "type": "LineString", "coordinates": [ [ 119.654, 23.493 ], [ 119.751, 23.5215 ] ] } },
{ "type": "Feature", "properties": { "Layer": "Layer 1" }, "geometry": { "type": "LineString", "coordinates": [ [ 119.751, 23.5215 ], [ 119.907, 23.7069 ] ] } },
{ "type": "Feature", "properties": { "Layer": "Layer 1" }, "geometry": { "type": "LineString", "coordinates": [ [ 119.907, 23.7069 ], [ 119.9, 23.714 ] ] } },
{ "type": "Feature", "properties": { "Layer": "Layer 1" }, "geometry": { "type": "LineString", "coordinates": [ [ 119.9, 23.714 ], [ 119.779, 23.8031 ] ] } },
{ "type": "Feature", "properties": { "Layer": "Layer 1" }, "geometry": { "type": "LineString", "coordinates": [ [ 119.779, 23.8031 ], [ 119.768, 23.8673 ] ] } },
{ "type": "Feature", "properties": { "Layer": "Layer 1" }, "geometry": { "type": "LineString", "coordinates": [ [ 119.768, 23.8673 ], [ 119.597, 23.935 ] ] } },
{ "type": "Feature", "properties": { "Layer": "Layer 1" }, "geometry": { "type": "LineString", "coordinates": [ [ 119.597, 23.935 ], [ 119.597, 23.9208 ] ] } },
{ "type": "Feature", "properties": { "Layer": "Layer 1" }, "geometry": { "type": "LineString", "coordinates": [ [ 119.597, 23.9208 ], [ 119.597, 23.9172 ] ] } },
{ "type": "Feature", "properties": { "Layer": "Layer 1" }, "geometry": { "type": "LineString", "coordinates": [ [ 119.597, 23.9172 ], [ 119.619, 23.8103 ] ] } },
{ "type": "Feature", "properties": { "Layer": "Layer 1" }, "geometry": { "type": "LineString", "coordinates": [ [ 119.619, 23.8103 ], [ 119.408, 23.7354 ] ] } },
{ "type": "Feature", "properties": { "Layer": "Layer 1" }, "geometry": { "type": "LineString", "coordinates": [ [ 119.408, 23.7354 ], [ 119.437, 23.7105 ] ] } },
{ "type": "Feature", "properties": { "Layer": "Layer 1" }, "geometry": { "type": "LineString", "coordinates": [ [ 119.437, 23.7105 ], [ 119.426, 23.6605 ] ] } },
{ "type": "Feature", "properties": { "Layer": "Layer 1" }, "geometry": { "type": "LineString", "coordinates": [ [ 119.426, 23.6605 ], [ 119.544, 23.5251 ] ] } },
{ "type": "Feature", "properties": { "Layer": "Layer 1" }, "geometry": { "type": "LineString", "coordinates": [ [ 119.544, 23.5251 ], [ 119.686, 23.3682 ] ] } },
{ "type": "Feature", "properties": { "Layer": "Layer 1" }, "geometry": { "type": "LineString", "coordinates": [ [ 119.686, 23.3682 ], [ 119.669, 23.272 ] ] } },
{ "type": "Feature", "properties": { "Layer": "Layer 1" }, "geometry": { "type": "LineString", "coordinates": [ [ 119.669, 23.272 ], [ 119.722, 23.0937 ] ] } },
{ "type": "Feature", "properties": { "Layer": "Layer 1" }, "geometry": { "type": "LineString", "coordinates": [ [ 119.722, 23.0937 ], [ 119.918, 22.7408 ] ] } },
{ "type": "Feature", "properties": { "Layer": "Layer 1" }, "geometry": { "type": "LineString", "coordinates": [ [ 119.918, 22.7408 ], [ 120.603, 22.231 ] ] } },
{ "type": "Feature", "properties": { "Layer": "Layer 1" }, "geometry": { "type": "LineString", "coordinates": [ [ 120.603, 22.231 ], [ 121.095, 22.1205 ] ] } },
{ "type": "Feature", "properties": { "Layer": "Layer 1" }, "geometry": { "type": "LineString", "coordinates": [ [ 121.095, 22.1205 ], [ 121.294, 22.0243 ] ] } },
{ "type": "Feature", "properties": { "Layer": "Layer 1" }, "geometry": { "type": "LineString", "coordinates": [ [ 121.294, 22.0243 ], [ 121.398, 21.9636 ] ] } },
{ "type": "Feature", "properties": { "Layer": "Layer 1" }, "geometry": { "type": "LineString", "coordinates": [ [ 121.398, 21.9636 ], [ 121.419, 21.928 ] ] } },
{ "type": "Feature", "properties": { "Layer": "Layer 1" }, "geometry": { "type": "LineString", "coordinates": [ [ 121.419, 21.928 ], [ 121.644, 21.7711 ] ] } },
{ "type": "Feature", "properties": { "Layer": "Layer 1" }, "geometry": { "type": "LineString", "coordinates": [ [ 121.644, 21.7711 ], [ 121.872, 21.8567 ] ] } },
{ "type": "Feature", "properties": { "Layer": "Layer 1" }, "geometry": { "type": "LineString", "coordinates": [ [ 121.872, 21.8567 ], [ 121.954, 22.0349 ] ] } },
{ "type": "Feature", "properties": { "Layer": "Layer 1" }, "geometry": { "type": "LineString", "coordinates": [ [ 121.954, 22.0349 ], [ 121.993, 22.0635 ] ] } },
{ "type": "Feature", "properties": { "Layer": "Layer 1" }, "geometry": { "type": "LineString", "coordinates": [ [ 121.993, 22.0635 ], [ 122.036, 22.1062 ] ] } },
{ "type": "Feature", "properties": { "Layer": "Layer 1" }, "geometry": { "type": "LineString", "coordinates": [ [ 122.036, 22.1062 ], [ 122.039, 22.1419 ] ] } },
{ "type": "Feature", "properties": { "Layer": "Layer 1" }, "geometry": { "type": "LineString", "coordinates": [ [ 122.039, 22.1419 ], [ 122.043, 22.1918 ] ] } },
{ "type": "Feature", "properties": { "Layer": "Layer 1" }, "geometry": { "type": "LineString", "coordinates": [ [ 122.043, 22.1918 ], [ 122.086, 22.5091 ] ] } },
{ "type": "Feature", "properties": { "Layer": "Layer 1" }, "geometry": { "type": "LineString", "coordinates": [ [ 122.086, 22.5091 ], [ 122.061, 22.6695 ] ] } },
{ "type": "Feature", "properties": { "Layer": "Layer 1" }, "geometry": { "type": "LineString", "coordinates": [ [ 122.061, 22.6695 ], [ 122.043, 22.6374 ] ] } },
{ "type": "Feature", "properties": { "Layer": "Layer 1" }, "geometry": { "type": "LineString", "coordinates": [ [ 122.043, 22.6374 ], [ 122.025, 22.6731 ] ] } },
{ "type": "Feature", "properties": { "Layer": "Layer 1" }, "geometry": { "type": "LineString", "coordinates": [ [ 122.025, 22.6731 ], [ 122.068, 22.6517 ] ] } },
{ "type": "Feature", "properties": { "Layer": "Layer 1" }, "geometry": { "type": "LineString", "coordinates": [ [ 122.068, 22.6517 ], [ 122.121, 22.6624 ] ] } },
{ "type": "Feature", "properties": { "Layer": "Layer 1" }, "geometry": { "type": "LineString", "coordinates": [ [ 122.121, 22.6624 ], [ 122.071, 22.6232 ] ] } },
{ "type": "Feature", "properties": { "Layer": "Layer 1" }, "geometry": { "type": "LineString", "coordinates": [ [ 122.071, 22.6232 ], [ 122.078, 22.6232 ] ] } },
{ "type": "Feature", "properties": { "Layer": "Layer 1" }, "geometry": { "type": "LineString", "coordinates": [ [ 122.078, 22.6232 ], [ 122.146, 22.6339 ] ] } },
{ "type": "Feature", "properties": { "Layer": "Layer 1" }, "geometry": { "type": "LineString", "coordinates": [ [ 122.146, 22.6339 ], [ 122.068, 22.6125 ] ] } },
{ "type": "Feature", "properties": { "Layer": "Layer 1" }, "geometry": { "type": "LineString", "coordinates": [ [ 122.068, 22.6125 ], [ 122.107, 22.5946 ] ] } },
{ "type": "Feature", "properties": { "Layer": "Layer 1" }, "geometry": { "type": "LineString", "coordinates": [ [ 122.107, 22.5946 ], [ 122.118, 22.5697 ] ] } },
{ "type": "Feature", "properties": { "Layer": "Layer 1" }, "geometry": { "type": "LineString", "coordinates": [ [ 122.118, 22.5697 ], [ 122.086, 22.4627 ] ] } },
{ "type": "Feature", "properties": { "Layer": "Layer 1" }, "geometry": { "type": "LineString", "coordinates": [ [ 122.086, 22.4627 ], [ 122.128, 22.4592 ] ] } },
{ "type": "Feature", "properties": { "Layer": "Layer 1" }, "geometry": { "type": "LineString", "coordinates": [ [ 122.128, 22.4592 ], [ 122.146, 22.4592 ] ] } },
{ "type": "Feature", "properties": { "Layer": "Layer 1" }, "geometry": { "type": "LineString", "coordinates": [ [ 122.146, 22.4592 ], [ 122.107, 22.4627 ] ] } },
{ "type": "Feature", "properties": { "Layer": "Layer 1" }, "geometry": { "type": "LineString", "coordinates": [ [ 122.107, 22.4627 ], [ 122.128, 22.4342 ] ] } },
{ "type": "Feature", "properties": { "Layer": "Layer 1" }, "geometry": { "type": "LineString", "coordinates": [ [ 122.128, 22.4342 ], [ 122.146, 22.3986 ] ] } },
{ "type": "Feature", "properties": { "Layer": "Layer 1" }, "geometry": { "type": "LineString", "coordinates": [ [ 122.146, 22.3986 ], [ 122.146, 22.4342 ] ] } },
{ "type": "Feature", "properties": { "Layer": "Layer 1" }, "geometry": { "type": "LineString", "coordinates": [ [ 122.146, 22.4342 ], [ 122.203, 22.4663 ] ] } },
{ "type": "Feature", "properties": { "Layer": "Layer 1" }, "geometry": { "type": "LineString", "coordinates": [ [ 122.203, 22.4663 ], [ 122.371, 22.4592 ] ] } },
{ "type": "Feature", "properties": { "Layer": "Layer 1" }, "geometry": { "type": "LineString", "coordinates": [ [ 122.371, 22.4592 ], [ 122.349, 22.4556 ] ] } },
{ "type": "Feature", "properties": { "Layer": "Layer 1" }, "geometry": { "type": "LineString", "coordinates": [ [ 122.349, 22.4556 ], [ 122.253, 22.37 ] ] } },
{ "type": "Feature", "properties": { "Layer": "Layer 1" }, "geometry": { "type": "LineString", "coordinates": [ [ 122.253, 22.37 ], [ 122.246, 22.4128 ] ] } },
{ "type": "Feature", "properties": { "Layer": "Layer 1" }, "geometry": { "type": "LineString", "coordinates": [ [ 122.246, 22.4128 ], [ 122.257, 22.4449 ] ] } },
{ "type": "Feature", "properties": { "Layer": "Layer 1" }, "geometry": { "type": "LineString", "coordinates": [ [ 122.257, 22.4449 ], [ 122.264, 22.4627 ] ] } },
{ "type": "Feature", "properties": { "Layer": "Layer 1" }, "geometry": { "type": "LineString", "coordinates": [ [ 122.264, 22.4627 ], [ 122.242, 22.4699 ] ] } },
{ "type": "Feature", "properties": { "Layer": "Layer 1" }, "geometry": { "type": "LineString", "coordinates": [ [ 122.242, 22.4699 ], [ 122.225, 22.4806 ] ] } },
{ "type": "Feature", "properties": { "Layer": "Layer 1" }, "geometry": { "type": "LineString", "coordinates": [ [ 122.225, 22.4806 ], [ 122.292, 22.4342 ] ] } },
{ "type": "Feature", "properties": { "Layer": "Layer 1" }, "geometry": { "type": "LineString", "coordinates": [ [ 122.292, 22.4342 ], [ 122.342, 22.3166 ] ] } },
{ "type": "Feature", "properties": { "Layer": "Layer 1" }, "geometry": { "type": "LineString", "coordinates": [ [ 122.342, 22.3166 ], [ 122.353, 22.0955 ] ] } },
{ "type": "Feature", "properties": { "Layer": "Layer 1" }, "geometry": { "type": "LineString", "coordinates": [ [ 122.353, 22.0955 ], [ 122.613, 21.9316 ] ] } },
{ "type": "Feature", "properties": { "Layer": "Layer 1" }, "geometry": { "type": "LineString", "coordinates": [ [ 122.613, 21.9316 ], [ 122.884, 21.8211 ] ] } },
{ "type": "Feature", "properties": { "Layer": "Layer 1" }, "geometry": { "type": "LineString", "coordinates": [ [ 122.884, 21.8211 ], [ 122.824, 21.6856 ] ] } },
{ "type": "Feature", "properties": { "Layer": "Layer 1" }, "geometry": { "type": "LineString", "coordinates": [ [ 122.824, 21.6856 ], [ 122.841, 21.5359 ] ] } },
{ "type": "Feature", "properties": { "Layer": "Layer 1" }, "geometry": { "type": "LineString", "coordinates": [ [ 122.841, 21.5359 ], [ 122.802, 21.3398 ] ] } },
{ "type": "Feature", "properties": { "Layer": "Layer 1" }, "geometry": { "type": "LineString", "coordinates": [ [ 122.802, 21.3398 ], [ 122.859, 21.2721 ] ] } },
{ "type": "Feature", "properties": { "Layer": "Layer 1" }, "geometry": { "type": "LineString", "coordinates": [ [ 122.859, 21.2721 ], [ 122.891, 21.2435 ] ] } },
{ "type": "Feature", "properties": { "Layer": "Layer 1" }, "geometry": { "type": "LineString", "coordinates": [ [ 122.891, 21.2435 ], [ 122.948, 21.1116 ] ] } },
{ "type": "Feature", "properties": { "Layer": "Layer 1" }, "geometry": { "type": "LineString", "coordinates": [ [ 122.948, 21.1116 ], [ 123.059, 21.0332 ] ] } },
{ "type": "Feature", "properties": { "Layer": "Layer 1" }, "geometry": { "type": "LineString", "coordinates": [ [ 123.059, 21.0332 ], [ 123.077, 20.8336 ] ] } },
{ "type": "Feature", "properties": { "Layer": "Layer 1" }, "geometry": { "type": "LineString", "coordinates": [ [ 123.077, 20.8336 ], [ 123.308, 20.5983 ] ] } },
{ "type": "Feature", "properties": { "Layer": "Layer 1" }, "geometry": { "type": "LineString", "coordinates": [ [ 123.308, 20.5983 ], [ 123.298, 20.6268 ] ] } },
{ "type": "Feature", "properties": { "Layer": "Layer 1" }, "geometry": { "type": "LineString", "coordinates": [ [ 123.298, 20.6268 ], [ 123.223, 20.6696 ] ] } },
{ "type": "Feature", "properties": { "Layer": "Layer 1" }, "geometry": { "type": "LineString", "coordinates": [ [ 123.223, 20.6696 ], [ 122.955, 20.691 ] ] } },
{ "type": "Feature", "properties": { "Layer": "Layer 1" }, "geometry": { "type": "LineString", "coordinates": [ [ 122.955, 20.691 ], [ 123.212, 20.4307 ] ] } },
{ "type": "Feature", "properties": { "Layer": "Layer 1" }, "geometry": { "type": "LineString", "coordinates": [ [ 123.212, 20.4307 ], [ 123.501, 20.2204 ] ] } },
{ "type": "Feature", "properties": { "Layer": "Layer 1" }, "geometry": { "type": "LineString", "coordinates": [ [ 123.501, 20.2204 ], [ 123.576, 20.1099 ] ] } },
{ "type": "Feature", "properties": { "Layer": "Layer 1" }, "geometry": { "type": "LineString", "coordinates": [ [ 123.576, 20.1099 ], [ 123.579, 19.8283 ] ] } },
{ "type": "Feature", "properties": { "Layer": "Layer 1" }, "geometry": { "type": "LineString", "coordinates": [ [ 123.579, 19.8283 ], [ 123.708, 19.6215 ] ] } },
{ "type": "Feature", "properties": { "Layer": "Layer 1" }, "geometry": { "type": "LineString", "coordinates": [ [ 123.708, 19.6215 ], [ 123.811, 19.3577 ] ] } },
{ "type": "Feature", "properties": { "Layer": "Layer 1" }, "geometry": { "type": "LineString", "coordinates": [ [ 123.811, 19.3577 ], [ 123.822, 19.2329 ] ] } },
{ "type": "Feature", "properties": { "Layer": "Layer 1" }, "geometry": { "type": "LineString", "coordinates": [ [ 123.822, 19.2329 ], [ 123.811, 19.1937 ] ] } },
{ "type": "Feature", "properties": { "Layer": "Layer 1" }, "geometry": { "type": "LineString", "coordinates": [ [ 123.811, 19.1937 ], [ 123.572, 18.8943 ] ] } },
{ "type": "Feature", "properties": { "Layer": "Layer 1" }, "geometry": { "type": "LineString", "coordinates": [ [ 123.572, 18.8943 ], [ 123.547, 18.7053 ] ] } },
{ "type": "Feature", "properties": { "Layer": "Layer 1" }, "geometry": { "type": "LineString", "coordinates": [ [ 123.547, 18.7053 ], [ 123.586, 18.5235 ] ] } },
{ "type": "Feature", "properties": { "Layer": "Layer 1" }, "geometry": { "type": "LineString", "coordinates": [ [ 123.586, 18.5235 ], [ 123.676, 18.4094 ] ] } },
{ "type": "Feature", "properties": { "Layer": "Layer 1" }, "geometry": { "type": "LineString", "coordinates": [ [ 123.676, 18.4094 ], [ 123.779, 18.3809 ] ] } },
{ "type": "Feature", "properties": { "Layer": "Layer 1" }, "geometry": { "type": "LineString", "coordinates": [ [ 123.779, 18.3809 ], [ 123.818, 18.3025 ] ] } },
{ "type": "Feature", "properties": { "Layer": "Layer 1" }, "geometry": { "type": "LineString", "coordinates": [ [ 123.818, 18.3025 ], [ 123.868, 18.1741 ] ] } },
{ "type": "Feature", "properties": { "Layer": "Layer 1" }, "geometry": { "type": "LineString", "coordinates": [ [ 123.868, 18.1741 ], [ 123.79, 18.1991 ] ] } },
{ "type": "Feature", "properties": { "Layer": "Layer 1" }, "geometry": { "type": "LineString", "coordinates": [ [ 123.79, 18.1991 ], [ 123.793, 18.2098 ] ] } },
{ "type": "Feature", "properties": { "Layer": "Layer 1" }, "geometry": { "type": "LineString", "coordinates": [ [ 123.793, 18.2098 ], [ 123.889, 18.2276 ] ] } },
{ "type": "Feature", "properties": { "Layer": "Layer 1" }, "geometry": { "type": "LineString", "coordinates": [ [ 123.889, 18.2276 ], [ 123.889, 18.2276 ] ] } },
{ "type": "Feature", "properties": { "Layer": "Layer 1" }, "geometry": { "type": "LineString", "coordinates": [ [ 123.889, 18.2276 ], [ 123.897, 18.2169 ] ] } },
{ "type": "Feature", "properties": { "Layer": "Layer 1" }, "geometry": { "type": "LineString", "coordinates": [ [ 123.897, 18.2169 ], [ 123.875, 18.249 ] ] } },
{ "type": "Feature", "properties": { "Layer": "Layer 1" }, "geometry": { "type": "LineString", "coordinates": [ [ 123.875, 18.249 ], [ 123.75, 18.2989 ] ] } },
{ "type": "Feature", "properties": { "Layer": "Layer 1" }, "geometry": { "type": "LineString", "coordinates": [ [ 123.75, 18.2989 ], [ 123.665, 18.3453 ] ] } },
{ "type": "Feature", "properties": { "Layer": "Layer 1" }, "geometry": { "type": "LineString", "coordinates": [ [ 123.665, 18.3453 ], [ 123.665, 18.3274 ] ] } },
{ "type": "Feature", "properties": { "Layer": "Layer 1" }, "geometry": { "type": "LineString", "coordinates": [ [ 123.665, 18.3274 ], [ 123.647, 18.356 ] ] } },
{ "type": "Feature", "properties": { "Layer": "Layer 1" }, "geometry": { "type": "LineString", "coordinates": [ [ 123.647, 18.356 ], [ 123.576, 18.3809 ] ] } },
{ "type": "Feature", "properties": { "Layer": "Layer 1" }, "geometry": { "type": "LineString", "coordinates": [ [ 123.576, 18.3809 ], [ 123.547, 18.3987 ] ] } },
{ "type": "Feature", "properties": { "Layer": "Layer 1" }, "geometry": { "type": "LineString", "coordinates": [ [ 123.547, 18.3987 ], [ 123.547, 18.4558 ] ] } },
{ "type": "Feature", "properties": { "Layer": "Layer 1" }, "geometry": { "type": "LineString", "coordinates": [ [ 123.547, 18.4558 ], [ 123.519, 18.4023 ] ] } },
{ "type": "Feature", "properties": { "Layer": "Layer 1" }, "geometry": { "type": "LineString", "coordinates": [ [ 123.519, 18.4023 ], [ 123.508, 18.3702 ] ] } },
{ "type": "Feature", "properties": { "Layer": "Layer 1" }, "geometry": { "type": "LineString", "coordinates": [ [ 123.508, 18.3702 ], [ 123.537, 18.388 ] ] } },
{ "type": "Feature", "properties": { "Layer": "Layer 1" }, "geometry": { "type": "LineString", "coordinates": [ [ 123.537, 18.388 ], [ 123.636, 18.3488 ] ] } },
{ "type": "Feature", "properties": { "Layer": "Layer 1" }, "geometry": { "type": "LineString", "coordinates": [ [ 123.636, 18.3488 ], [ 123.961, 18.3203 ] ] } },
{ "type": "Feature", "properties": { "Layer": "Layer 1" }, "geometry": { "type": "LineString", "coordinates": [ [ 123.961, 18.3203 ], [ 124.663, 17.9531 ] ] } },
{ "type": "Feature", "properties": { "Layer": "Layer 1" }, "geometry": { "type": "LineString", "coordinates": [ [ 124.663, 17.9531 ], [ 124.67, 17.9317 ] ] } },
{ "type": "Feature", "properties": { "Layer": "Layer 1" }, "geometry": { "type": "LineString", "coordinates": [ [ 124.67, 17.9317 ], [ 124.802, 17.8854 ] ] } },
{ "type": "Feature", "properties": { "Layer": "Layer 1" }, "geometry": { "type": "LineString", "coordinates": [ [ 124.802, 17.8854 ], [ 124.87, 17.8355 ] ] } },
{ "type": "Feature", "properties": { "Layer": "Layer 1" }, "geometry": { "type": "LineString", "coordinates": [ [ 124.87, 17.8355 ], [ 125.03, 17.7927 ] ] } },
{ "type": "Feature", "properties": { "Layer": "Layer 1" }, "geometry": { "type": "LineString", "coordinates": [ [ 125.03, 17.7927 ], [ 125.262, 17.782 ] ] } },
{ "type": "Feature", "properties": { "Layer": "Layer 1" }, "geometry": { "type": "LineString", "coordinates": [ [ 125.262, 17.782 ], [ 125.512, 17.9781 ] ] } },
{ "type": "Feature", "properties": { "Layer": "Layer 1" }, "geometry": { "type": "LineString", "coordinates": [ [ 125.512, 17.9781 ], [ 125.604, 18.0743 ] ] } },
{ "type": "Feature", "properties": { "Layer": "Layer 1" }, "geometry": { "type": "LineString", "coordinates": [ [ 125.604, 18.0743 ], [ 125.651, 17.9674 ] ] } },
{ "type": "Feature", "properties": { "Layer": "Layer 1" }, "geometry": { "type": "LineString", "coordinates": [ [ 125.651, 17.9674 ], [ 125.643, 17.8319 ] ] } },
{ "type": "Feature", "properties": { "Layer": "Layer 1" }, "geometry": { "type": "LineString", "coordinates": [ [ 125.643, 17.8319 ], [ 125.679, 17.7927 ] ] } },
{ "type": "Feature", "properties": { "Layer": "Layer 1" }, "geometry": { "type": "LineString", "coordinates": [ [ 125.679, 17.7927 ], [ 125.79, 17.839 ] ] } },
{ "type": "Feature", "properties": { "Layer": "Layer 1" }, "geometry": { "type": "LineString", "coordinates": [ [ 125.79, 17.839 ], [ 125.886, 17.9567 ] ] } },
{ "type": "Feature", "properties": { "Layer": "Layer 1" }, "geometry": { "type": "LineString", "coordinates": [ [ 125.886, 17.9567 ], [ 125.879, 17.9638 ] ] } },
{ "type": "Feature", "properties": { "Layer": "Layer 1" }, "geometry": { "type": "LineString", "coordinates": [ [ 125.879, 17.9638 ], [ 125.864, 17.9603 ] ] } },
{ "type": "Feature", "properties": { "Layer": "Layer 1" }, "geometry": { "type": "LineString", "coordinates": [ [ 125.864, 17.9603 ], [ 125.886, 17.9424 ] ] } },
{ "type": "Feature", "properties": { "Layer": "Layer 1" }, "geometry": { "type": "LineString", "coordinates": [ [ 125.886, 17.9424 ], [ 125.964, 17.9282 ] ] } },
{ "type": "Feature", "properties": { "Layer": "Layer 1" }, "geometry": { "type": "LineString", "coordinates": [ [ 125.964, 17.9282 ], [ 126.014, 17.9068 ] ] } },
{ "type": "Feature", "properties": { "Layer": "Layer 1" }, "geometry": { "type": "LineString", "coordinates": [ [ 126.014, 17.9068 ], [ 126.05, 17.8676 ] ] } },
{ "type": "Feature", "properties": { "Layer": "Layer 1" }, "geometry": { "type": "LineString", "coordinates": [ [ 126.05, 17.8676 ], [ 126.093, 17.8355 ] ] } },
{ "type": "Feature", "properties": { "Layer": "Layer 1" }, "geometry": { "type": "LineString", "coordinates": [ [ 126.093, 17.8355 ], [ 126.05, 17.8996 ] ] } },
{ "type": "Feature", "properties": { "Layer": "Layer 1" }, "geometry": { "type": "LineString", "coordinates": [ [ 126.05, 17.8996 ], [ 126.039, 17.9282 ] ] } },
{ "type": "Feature", "properties": { "Layer": "Layer 1" }, "geometry": { "type": "LineString", "coordinates": [ [ 126.039, 17.9282 ], [ 126.068, 17.9032 ] ] } },
{ "type": "Feature", "properties": { "Layer": "Layer 1" }, "geometry": { "type": "LineString", "coordinates": [ [ 126.068, 17.9032 ], [ 126.071, 17.9246 ] ] } },
{ "type": "Feature", "properties": { "Layer": "Layer 1" }, "geometry": { "type": "LineString", "coordinates": [ [ 126.071, 17.9246 ], [ 126.128, 17.9709 ] ] } },
{ "type": "Feature", "properties": { "Layer": "Layer 1" }, "geometry": { "type": "LineString", "coordinates": [ [ 126.128, 17.9709 ], [ 126.182, 17.9816 ] ] } },
{ "type": "Feature", "properties": { "Layer": "Layer 1" }, "geometry": { "type": "LineString", "coordinates": [ [ 126.182, 17.9816 ], [ 126.232, 17.9638 ] ] } },
{ "type": "Feature", "properties": { "Layer": "Layer 1" }, "geometry": { "type": "LineString", "coordinates": [ [ 126.232, 17.9638 ], [ 126.399, 17.8818 ] ] } },
{ "type": "Feature", "properties": { "Layer": "Layer 1" }, "geometry": { "type": "LineString", "coordinates": [ [ 126.399, 17.8818 ], [ 126.524, 17.6751 ] ] } },
{ "type": "Feature", "properties": { "Layer": "Layer 1" }, "geometry": { "type": "LineString", "coordinates": [ [ 126.524, 17.6751 ], [ 126.535, 17.5289 ] ] } },
{ "type": "Feature", "properties": { "Layer": "Layer 1" }, "geometry": { "type": "LineString", "coordinates": [ [ 126.535, 17.5289 ], [ 126.845, 17.4433 ] ] } },
{ "type": "Feature", "properties": { "Layer": "Layer 1" }, "geometry": { "type": "LineString", "coordinates": [ [ 126.845, 17.4433 ], [ 126.866, 17.4041 ] ] } },
{ "type": "Feature", "properties": { "Layer": "Layer 1" }, "geometry": { "type": "LineString", "coordinates": [ [ 126.866, 17.4041 ], [ 127.265, 17.5859 ] ] } },
{ "type": "Feature", "properties": { "Layer": "Layer 1" }, "geometry": { "type": "LineString", "coordinates": [ [ 127.265, 17.5859 ], [ 127.333, 17.5717 ] ] } },
{ "type": "Feature", "properties": { "Layer": "Layer 1" }, "geometry": { "type": "LineString", "coordinates": [ [ 127.333, 17.5717 ], [ 127.437, 17.5752 ] ] } },
{ "type": "Feature", "properties": { "Layer": "Layer 1" }, "geometry": { "type": "LineString", "coordinates": [ [ 127.437, 17.5752 ], [ 127.412, 17.4576 ] ] } },
{ "type": "Feature", "properties": { "Layer": "Layer 1" }, "geometry": { "type": "LineString", "coordinates": [ [ 127.412, 17.4576 ], [ 127.362, 17.5218 ] ] } },
{ "type": "Feature", "properties": { "Layer": "Layer 1" }, "geometry": { "type": "LineString", "coordinates": [ [ 127.362, 17.5218 ], [ 127.319, 17.618 ] ] } },
{ "type": "Feature", "properties": { "Layer": "Layer 1" }, "geometry": { "type": "LineString", "coordinates": [ [ 127.319, 17.618 ], [ 127.273, 17.6394 ] ] } },
{ "type": "Feature", "properties": { "Layer": "Layer 1" }, "geometry": { "type": "LineString", "coordinates": [ [ 127.273, 17.6394 ], [ 127.429, 17.5966 ] ] } },
{ "type": "Feature", "properties": { "Layer": "Layer 1" }, "geometry": { "type": "LineString", "coordinates": [ [ 127.429, 17.5966 ], [ 127.469, 17.5859 ] ] } },
{ "type": "Feature", "properties": { "Layer": "Layer 1" }, "geometry": { "type": "LineString", "coordinates": [ [ 127.469, 17.5859 ], [ 127.49, 17.3756 ] ] } },
{ "type": "Feature", "properties": { "Layer": "Layer 1" }, "geometry": { "type": "LineString", "coordinates": [ [ 127.49, 17.3756 ], [ 127.472, 17.233 ] ] } },
{ "type": "Feature", "properties": { "Layer": "Layer 1" }, "geometry": { "type": "LineString", "coordinates": [ [ 127.472, 17.233 ], [ 127.565, 17.1546 ] ] } },
{ "type": "Feature", "properties": { "Layer": "Layer 1" }, "geometry": { "type": "LineString", "coordinates": [ [ 127.565, 17.1546 ], [ 127.736, 17.0298 ] ] } },
{ "type": "Feature", "properties": { "Layer": "Layer 1" }, "geometry": { "type": "LineString", "coordinates": [ [ 127.736, 17.0298 ], [ 128.046, 16.5878 ] ] } },
{ "type": "Feature", "properties": { "Layer": "Layer 1" }, "geometry": { "type": "LineString", "coordinates": [ [ 128.046, 16.5878 ], [ 127.989, 16.2634 ] ] } },
{ "type": "Feature", "properties": { "Layer": "Layer 1" }, "geometry": { "type": "LineString", "coordinates": [ [ 127.989, 16.2634 ], [ 127.975, 16.1029 ] ] } },
{ "type": "Feature", "properties": { "Layer": "Layer 1" }, "geometry": { "type": "LineString", "coordinates": [ [ 127.975, 16.1029 ], [ 128.018, 15.9176 ] ] } },
{ "type": "Feature", "properties": { "Layer": "Layer 1" }, "geometry": { "type": "LineString", "coordinates": [ [ 128.018, 15.9176 ], [ 128.068, 15.8997 ] ] } },
{ "type": "Feature", "properties": { "Layer": "Layer 1" }, "geometry": { "type": "LineString", "coordinates": [ [ 128.068, 15.8997 ], [ 128.702, 15.8249 ] ] } },
{ "type": "Feature", "properties": { "Layer": "Layer 1" }, "geometry": { "type": "LineString", "coordinates": [ [ 128.702, 15.8249 ], [ 129.176, 15.7215 ] ] } },
{ "type": "Feature", "properties": { "Layer": "Layer 1" }, "geometry": { "type": "LineString", "coordinates": [ [ 129.176, 15.7215 ], [ 129.312, 15.7714 ] ] } },
{ "type": "Feature", "properties": { "Layer": "Layer 1" }, "geometry": { "type": "LineString", "coordinates": [ [ 129.312, 15.7714 ], [ 129.444, 15.8035 ] ] } },
{ "type": "Feature", "properties": { "Layer": "Layer 1" }, "geometry": { "type": "LineString", "coordinates": [ [ 129.444, 15.8035 ], [ 129.497, 15.832 ] ] } },
{ "type": "Feature", "properties": { "Layer": "Layer 1" }, "geometry": { "type": "LineString", "coordinates": [ [ 129.497, 15.832 ], [ 130.067, 15.9211 ] ] } },
{ "type": "Feature", "properties": { "Layer": "Layer 1" }, "geometry": { "type": "LineString", "coordinates": [ [ 130.067, 15.9211 ], [ 130.157, 16.0708 ] ] } },
{ "type": "Feature", "properties": { "Layer": "Layer 1" }, "geometry": { "type": "LineString", "coordinates": [ [ 130.157, 16.0708 ], [ 130.224, 16.2634 ] ] } },
{ "type": "Feature", "properties": { "Layer": "Layer 1" }, "geometry": { "type": "LineString", "coordinates": [ [ 130.224, 16.2634 ], [ 130.403, 16.4345 ] ] } },
{ "type": "Feature", "properties": { "Layer": "Layer 1" }, "geometry": { "type": "LineString", "coordinates": [ [ 130.403, 16.4345 ], [ 130.542, 16.4309 ] ] } },
{ "type": "Feature", "properties": { "Layer": "Layer 1" }, "geometry": { "type": "LineString", "coordinates": [ [ 130.542, 16.4309 ], [ 130.602, 16.4024 ] ] } },
{ "type": "Feature", "properties": { "Layer": "Layer 1" }, "geometry": { "type": "LineString", "coordinates": [ [ 130.602, 16.4024 ], [ 130.592, 16.4594 ] ] } },
{ "type": "Feature", "properties": { "Layer": "Layer 1" }, "geometry": { "type": "LineString", "coordinates": [ [ 130.592, 16.4594 ], [ 130.816, 16.4915 ] ] } },
{ "type": "Feature", "properties": { "Layer": "Layer 1" }, "geometry": { "type": "LineString", "coordinates": [ [ 130.816, 16.4915 ], [ 131.037, 16.4487 ] ] } },
{ "type": "Feature", "properties": { "Layer": "Layer 1" }, "geometry": { "type": "LineString", "coordinates": [ [ 131.037, 16.4487 ], [ 131.201, 16.2954 ] ] } },
{ "type": "Feature", "properties": { "Layer": "Layer 1" }, "geometry": { "type": "LineString", "coordinates": [ [ 131.201, 16.2954 ], [ 131.483, 15.8997 ] ] } },
{ "type": "Feature", "properties": { "Layer": "Layer 1" }, "geometry": { "type": "LineString", "coordinates": [ [ 131.483, 15.8997 ], [ 131.533, 15.8534 ] ] } },
{ "type": "Feature", "properties": { "Layer": "Layer 1" }, "geometry": { "type": "LineString", "coordinates": [ [ 131.533, 15.8534 ], [ 131.518, 15.6716 ] ] } },
{ "type": "Feature", "properties": { "Layer": "Layer 1" }, "geometry": { "type": "LineString", "coordinates": [ [ 131.518, 15.6716 ], [ 131.536, 15.2973 ] ] } },
{ "type": "Feature", "properties": { "Layer": "Layer 1" }, "geometry": { "type": "LineString", "coordinates": [ [ 131.536, 15.2973 ], [ 131.693, 15.0513 ] ] } },
{ "type": "Feature", "properties": { "Layer": "Layer 1" }, "geometry": { "type": "LineString", "coordinates": [ [ 131.693, 15.0513 ], [ 131.903, 15.0156 ] ] } },
{ "type": "Feature", "properties": { "Layer": "Layer 1" }, "geometry": { "type": "LineString", "coordinates": [ [ 131.903, 15.0156 ], [ 132.206, 15.226 ] ] } },
{ "type": "Feature", "properties": { "Layer": "Layer 1" }, "geometry": { "type": "LineString", "coordinates": [ [ 132.206, 15.226 ], [ 132.353, 15.258 ] ] } },
{ "type": "Feature", "properties": { "Layer": "Layer 1" }, "geometry": { "type": "LineString", "coordinates": [ [ 132.353, 15.258 ], [ 132.634, 15.283 ] ] } },
{ "type": "Feature", "properties": { "Layer": "Layer 1" }, "geometry": { "type": "LineString", "coordinates": [ [ 132.634, 15.283 ], [ 133.34, 15.5254 ] ] } },
{ "type": "Feature", "properties": { "Layer": "Layer 1" }, "geometry": { "type": "LineString", "coordinates": [ [ 133.34, 15.5254 ], [ 133.443, 15.6181 ] ] } },
{ "type": "Feature", "properties": { "Layer": "Layer 1" }, "geometry": { "type": "LineString", "coordinates": [ [ 133.443, 15.6181 ], [ 133.504, 15.7108 ] ] } },
{ "type": "Feature", "properties": { "Layer": "Layer 1" }, "geometry": { "type": "LineString", "coordinates": [ [ 133.504, 15.7108 ], [ 133.472, 15.8142 ] ] } },
{ "type": "Feature", "properties": { "Layer": "Layer 1" }, "geometry": { "type": "LineString", "coordinates": [ [ 133.472, 15.8142 ], [ 133.59, 16.0174 ] ] } },
{ "type": "Feature", "properties": { "Layer": "Layer 1" }, "geometry": { "type": "LineString", "coordinates": [ [ 133.59, 16.0174 ], [ 133.565, 16.078 ] ] } },
{ "type": "Feature", "properties": { "Layer": "Layer 1" }, "geometry": { "type": "LineString", "coordinates": [ [ 133.565, 16.078 ], [ 133.554, 16.3346 ] ] } },
{ "type": "Feature", "properties": { "Layer": "Layer 1" }, "geometry": { "type": "LineString", "coordinates": [ [ 133.554, 16.3346 ], [ 133.554, 16.3346 ] ] } },
{ "type": "Feature", "properties": { "Layer": "Layer 1" }, "geometry": { "type": "LineString", "coordinates": [ [ 133.554, 16.3346 ], [ 133.565, 16.3311 ] ] } },
{ "type": "Feature", "properties": { "Layer": "Layer 1" }, "geometry": { "type": "LineString", "coordinates": [ [ 133.565, 16.3311 ], [ 133.625, 16.3525 ] ] } },
{ "type": "Feature", "properties": { "Layer": "Layer 1" }, "geometry": { "type": "LineString", "coordinates": [ [ 133.625, 16.3525 ], [ 134.135, 16.2455 ] ] } },
{ "type": "Feature", "properties": { "Layer": "Layer 1" }, "geometry": { "type": "LineString", "coordinates": [ [ 134.135, 16.2455 ], [ 134.189, 16.2455 ] ] } },
{ "type": "Feature", "properties": { "Layer": "Layer 1" }, "geometry": { "type": "LineString", "coordinates": [ [ 134.189, 16.2455 ], [ 134.581, 16.0459 ] ] } },
{ "type": "Feature", "properties": { "Layer": "Layer 1" }, "geometry": { "type": "LineString", "coordinates": [ [ 134.581, 16.0459 ], [ 134.759, 15.8641 ] ] } },
{ "type": "Feature", "properties": { "Layer": "Layer 1" }, "geometry": { "type": "LineString", "coordinates": [ [ 134.759, 15.8641 ], [ 134.909, 15.7322 ] ] } },
{ "type": "Feature", "properties": { "Layer": "Layer 1" }, "geometry": { "type": "LineString", "coordinates": [ [ 134.909, 15.7322 ], [ 135.272, 15.5432 ] ] } },
{ "type": "Feature", "properties": { "Layer": "Layer 1" }, "geometry": { "type": "LineString", "coordinates": [ [ 135.272, 15.5432 ], [ 135.91, 15.2545 ] ] } },
{ "type": "Feature", "properties": { "Layer": "Layer 1" }, "geometry": { "type": "LineString", "coordinates": [ [ 135.91, 15.2545 ], [ 136.035, 15.2331 ] ] } },
{ "type": "Feature", "properties": { "Layer": "Layer 1" }, "geometry": { "type": "LineString", "coordinates": [ [ 136.035, 15.2331 ], [ 136.142, 15.2117 ] ] } },
{ "type": "Feature", "properties": { "Layer": "Layer 1" }, "geometry": { "type": "LineString", "coordinates": [ [ 136.142, 15.2117 ], [ 136.206, 15.1654 ] ] } },
{ "type": "Feature", "properties": { "Layer": "Layer 1" }, "geometry": { "type": "LineString", "coordinates": [ [ 136.206, 15.1654 ], [ 136.31, 15.1796 ] ] } },
{ "type": "Feature", "properties": { "Layer": "Layer 1" }, "geometry": { "type": "LineString", "coordinates": [ [ 136.31, 15.1796 ], [ 136.499, 15.2901 ] ] } },
{ "type": "Feature", "properties": { "Layer": "Layer 1" }, "geometry": { "type": "LineString", "coordinates": [ [ 136.499, 15.2901 ], [ 136.766, 15.3579 ] ] } },
{ "type": "Feature", "properties": { "Layer": "Layer 1" }, "geometry": { "type": "LineString", "coordinates": [ [ 136.766, 15.3579 ], [ 137.122, 15.3579 ] ] } },
{ "type": "Feature", "properties": { "Layer": "Layer 1" }, "geometry": { "type": "LineString", "coordinates": [ [ 137.122, 15.3579 ], [ 137.279, 15.3222 ] ] } },
{ "type": "Feature", "properties": { "Layer": "Layer 1" }, "geometry": { "type": "LineString", "coordinates": [ [ 137.279, 15.3222 ], [ 137.957, 15.1511 ] ] } },
{ "type": "Feature", "properties": { "Layer": "Layer 1" }, "geometry": { "type": "LineString", "coordinates": [ [ 137.957, 15.1511 ], [ 137.974, 15.1404 ] ] } },
{ "type": "Feature", "properties": { "Layer": "Layer 1" }, "geometry": { "type": "LineString", "coordinates": [ [ 137.974, 15.1404 ], [ 138.203, 15.0548 ] ] } },
{ "type": "Feature", "properties": { "Layer": "Layer 1" }, "geometry": { "type": "LineString", "coordinates": [ [ 138.203, 15.0548 ], [ 138.327, 14.9942 ] ] } },
{ "type": "Feature", "properties": { "Layer": "Layer 1" }, "geometry": { "type": "LineString", "coordinates": [ [ 138.327, 14.9942 ], [ 138.424, 14.9016 ] ] } },
{ "type": "Feature", "properties": { "Layer": "Layer 1" }, "geometry": { "type": "LineString", "coordinates": [ [ 138.424, 14.9016 ], [ 138.552, 14.7732 ] ] } },
{ "type": "Feature", "properties": { "Layer": "Layer 1" }, "geometry": { "type": "LineString", "coordinates": [ [ 138.552, 14.7732 ], [ 138.584, 14.7055 ] ] } },
{ "type": "Feature", "properties": { "Layer": "Layer 1" }, "geometry": { "type": "LineString", "coordinates": [ [ 138.584, 14.7055 ], [ 138.527, 14.6484 ] ] } },
{ "type": "Feature", "properties": { "Layer": "Layer 1" }, "geometry": { "type": "LineString", "coordinates": [ [ 138.527, 14.6484 ], [ 138.477, 14.5807 ] ] } },
{ "type": "Feature", "properties": { "Layer": "Layer 1" }, "geometry": { "type": "LineString", "coordinates": [ [ 138.477, 14.5807 ], [ 138.285, 14.5843 ] ] } },
{ "type": "Feature", "properties": { "Layer": "Layer 1" }, "geometry": { "type": "LineString", "coordinates": [ [ 138.285, 14.5843 ], [ 138.277, 14.5023 ] ] } },
{ "type": "Feature", "properties": { "Layer": "Layer 1" }, "geometry": { "type": "LineString", "coordinates": [ [ 138.277, 14.5023 ], [ 138.498, 14.3276 ] ] } },
{ "type": "Feature", "properties": { "Layer": "Layer 1" }, "geometry": { "type": "LineString", "coordinates": [ [ 138.498, 14.3276 ], [ 138.894, 14.1707 ] ] } },
{ "type": "Feature", "properties": { "Layer": "Layer 1" }, "geometry": { "type": "LineString", "coordinates": [ [ 138.894, 14.1707 ], [ 139.554, 14.2242 ] ] } },
{ "type": "Feature", "properties": { "Layer": "Layer 1" }, "geometry": { "type": "LineString", "coordinates": [ [ 139.554, 14.2242 ], [ 139.907, 14.0852 ] ] } },
{ "type": "Feature", "properties": { "Layer": "Layer 1" }, "geometry": { "type": "LineString", "coordinates": [ [ 139.907, 14.0852 ], [ 140.238, 14.0068 ] ] } },
{ "type": "Feature", "properties": { "Layer": "Layer 1" }, "geometry": { "type": "LineString", "coordinates": [ [ 140.238, 14.0068 ], [ 140.345, 14.1315 ] ] } },
{ "type": "Feature", "properties": { "Layer": "Layer 1" }, "geometry": { "type": "LineString", "coordinates": [ [ 140.345, 14.1315 ], [ 140.748, 14.2813 ] ] } },
{ "type": "Feature", "properties": { "Layer": "Layer 1" }, "geometry": { "type": "LineString", "coordinates": [ [ 140.748, 14.2813 ], [ 141.286, 14.5843 ] ] } },
{ "type": "Feature", "properties": { "Layer": "Layer 1" }, "geometry": { "type": "LineString", "coordinates": [ [ 141.286, 14.5843 ], [ 141.45, 14.6484 ] ] } },
{ "type": "Feature", "properties": { "Layer": "Layer 1" }, "geometry": { "type": "LineString", "coordinates": [ [ 141.45, 14.6484 ], [ 141.432, 14.7554 ] ] } },
{ "type": "Feature", "properties": { "Layer": "Layer 1" }, "geometry": { "type": "LineString", "coordinates": [ [ 141.432, 14.7554 ], [ 141.393, 14.7376 ] ] } },
{ "type": "Feature", "properties": { "Layer": "Layer 1" }, "geometry": { "type": "LineString", "coordinates": [ [ 141.393, 14.7376 ], [ 141.268, 14.7126 ] ] } },
{ "type": "Feature", "properties": { "Layer": "Layer 1" }, "geometry": { "type": "LineString", "coordinates": [ [ 141.268, 14.7126 ], [ 141.279, 14.7233 ] ] } },
{ "type": "Feature", "properties": { "Layer": "Layer 1" }, "geometry": { "type": "LineString", "coordinates": [ [ 141.279, 14.7233 ], [ 141.258, 14.7518 ] ] } },
{ "type": "Feature", "properties": { "Layer": "Layer 1" }, "geometry": { "type": "LineString", "coordinates": [ [ 141.258, 14.7518 ], [ 141.293, 14.7554 ] ] } },
{ "type": "Feature", "properties": { "Layer": "Layer 1" }, "geometry": { "type": "LineString", "coordinates": [ [ 141.293, 14.7554 ], [ 141.293, 14.816 ] ] } },
{ "type": "Feature", "properties": { "Layer": "Layer 1" }, "geometry": { "type": "LineString", "coordinates": [ [ 141.293, 14.816 ], [ 141.322, 14.8017 ] ] } },
{ "type": "Feature", "properties": { "Layer": "Layer 1" }, "geometry": { "type": "LineString", "coordinates": [ [ 141.322, 14.8017 ], [ 141.386, 14.7732 ] ] } },
{ "type": "Feature", "properties": { "Layer": "Layer 1" }, "geometry": { "type": "LineString", "coordinates": [ [ 141.386, 14.7732 ], [ 141.411, 14.759 ] ] } },
{ "type": "Feature", "properties": { "Layer": "Layer 1" }, "geometry": { "type": "LineString", "coordinates": [ [ 141.411, 14.759 ], [ 141.415, 14.759 ] ] } },
{ "type": "Feature", "properties": { "Layer": "Layer 1" }, "geometry": { "type": "LineString", "coordinates": [ [ 141.415, 14.759 ], [ 141.454, 14.7411 ] ] } },
{ "type": "Feature", "properties": { "Layer": "Layer 1" }, "geometry": { "type": "LineString", "coordinates": [ [ 141.454, 14.7411 ], [ 141.946, 14.5486 ] ] } },
{ "type": "Feature", "properties": { "Layer": "Layer 1" }, "geometry": { "type": "LineString", "coordinates": [ [ 141.946, 14.5486 ], [ 142.299, 14.5415 ] ] } },
{ "type": "Feature", "properties": { "Layer": "Layer 1" }, "geometry": { "type": "LineString", "coordinates": [ [ 142.299, 14.5415 ], [ 142.438, 14.6128 ] ] } },
{ "type": "Feature", "properties": { "Layer": "Layer 1" }, "geometry": { "type": "LineString", "coordinates": [ [ 142.438, 14.6128 ], [ 142.94, 14.6271 ] ] } },
{ "type": "Feature", "properties": { "Layer": "Layer 1" }, "geometry": { "type": "LineString", "coordinates": [ [ 142.94, 14.6271 ], [ 143.029, 14.5486 ] ] } },
{ "type": "Feature", "properties": { "Layer": "Layer 1" }, "geometry": { "type": "LineString", "coordinates": [ [ 143.029, 14.5486 ], [ 143.154, 14.595 ] ] } },
{ "type": "Feature", "properties": { "Layer": "Layer 1" }, "geometry": { "type": "LineString", "coordinates": [ [ 143.154, 14.595 ], [ 143.254, 14.6841 ] ] } },
{ "type": "Feature", "properties": { "Layer": "Layer 1" }, "geometry": { "type": "LineString", "coordinates": [ [ 143.254, 14.6841 ], [ 143.333, 14.6841 ] ] } },
{ "type": "Feature", "properties": { "Layer": "Layer 1" }, "geometry": { "type": "LineString", "coordinates": [ [ 143.333, 14.6841 ], [ 143.454, 14.7875 ] ] } },
{ "type": "Feature", "properties": { "Layer": "Layer 1" }, "geometry": { "type": "LineString", "coordinates": [ [ 143.454, 14.7875 ], [ 143.586, 14.9016 ] ] } },
{ "type": "Feature", "properties": { "Layer": "Layer 1" }, "geometry": { "type": "LineString", "coordinates": [ [ 143.586, 14.9016 ], [ 144.687, 15.1689 ] ] } },
{ "type": "Feature", "properties": { "Layer": "Layer 1" }, "geometry": { "type": "LineString", "coordinates": [ [ 144.687, 15.1689 ], [ 144.791, 15.2509 ] ] } },
{ "type": "Feature", "properties": { "Layer": "Layer 1" }, "geometry": { "type": "LineString", "coordinates": [ [ 144.791, 15.2509 ], [ 144.912, 15.2937 ] ] } },
{ "type": "Feature", "properties": { "Layer": "Layer 1" }, "geometry": { "type": "LineString", "coordinates": [ [ 144.912, 15.2937 ], [ 145.047, 15.1582 ] ] } },
{ "type": "Feature", "properties": { "Layer": "Layer 1" }, "geometry": { "type": "LineString", "coordinates": [ [ 145.047, 15.1582 ], [ 145.158, 15.1867 ] ] } },
{ "type": "Feature", "properties": { "Layer": "Layer 1" }, "geometry": { "type": "LineString", "coordinates": [ [ 145.158, 15.1867 ], [ 145.304, 15.2367 ] ] } },
{ "type": "Feature", "properties": { "Layer": "Layer 1" }, "geometry": { "type": "LineString", "coordinates": [ [ 145.304, 15.2367 ], [ 145.525, 15.2509 ] ] } },
{ "type": "Feature", "properties": { "Layer": "Layer 1" }, "geometry": { "type": "LineString", "coordinates": [ [ 145.525, 15.2509 ], [ 145.553, 15.2295 ] ] } },
{ "type": "Feature", "properties": { "Layer": "Layer 1" }, "geometry": { "type": "LineString", "coordinates": [ [ 145.553, 15.2295 ], [ 145.71, 15.2652 ] ] } },
{ "type": "Feature", "properties": { "Layer": "Layer 1" }, "geometry": { "type": "LineString", "coordinates": [ [ 145.71, 15.2652 ], [ 145.803, 15.3365 ] ] } },
{ "type": "Feature", "properties": { "Layer": "Layer 1" }, "geometry": { "type": "LineString", "coordinates": [ [ 145.803, 15.3365 ], [ 145.971, 15.3757 ] ] } },
{ "type": "Feature", "properties": { "Layer": "Layer 1" }, "geometry": { "type": "LineString", "coordinates": [ [ 145.971, 15.3757 ], [ 146.167, 15.3258 ] ] } },
{ "type": "Feature", "properties": { "Layer": "Layer 1" }, "geometry": { "type": "LineString", "coordinates": [ [ 146.167, 15.3258 ], [ 146.484, 15.1012 ] ] } },
{ "type": "Feature", "properties": { "Layer": "Layer 1" }, "geometry": { "type": "LineString", "coordinates": [ [ 146.484, 15.1012 ], [ 146.612, 15.1547 ] ] } },
{ "type": "Feature", "properties": { "Layer": "Layer 1" }, "geometry": { "type": "LineString", "coordinates": [ [ 146.612, 15.1547 ], [ 146.905, 15.1511 ] ] } },
{ "type": "Feature", "properties": { "Layer": "Layer 1" }, "geometry": { "type": "LineString", "coordinates": [ [ 146.905, 15.1511 ], [ 147.175, 15.0513 ] ] } },
{ "type": "Feature", "properties": { "Layer": "Layer 1" }, "geometry": { "type": "LineString", "coordinates": [ [ 147.175, 15.0513 ], [ 147.6, 14.8695 ] ] } },
{ "type": "Feature", "properties": { "Layer": "Layer 1" }, "geometry": { "type": "LineString", "coordinates": [ [ 147.6, 14.8695 ], [ 147.821, 14.7483 ] ] } },
{ "type": "Feature", "properties": { "Layer": "Layer 1" }, "geometry": { "type": "LineString", "coordinates": [ [ 147.821, 14.7483 ], [ 148.113, 14.6449 ] ] } },
{ "type": "Feature", "properties": { "Layer": "Layer 1" }, "geometry": { "type": "LineString", "coordinates": [ [ 148.113, 14.6449 ], [ 148.359, 14.6199 ] ] } },
{ "type": "Feature", "properties": { "Layer": "Layer 1" }, "geometry": { "type": "LineString", "coordinates": [ [ 148.359, 14.6199 ], [ 148.527, 14.6877 ] ] } },
{ "type": "Feature", "properties": { "Layer": "Layer 1" }, "geometry": { "type": "LineString", "coordinates": [ [ 148.527, 14.6877 ], [ 148.83, 14.7126 ] ] } },
{ "type": "Feature", "properties": { "Layer": "Layer 1" }, "geometry": { "type": "LineString", "coordinates": [ [ 148.83, 14.7126 ], [ 148.908, 14.7304 ] ] } },
{ "type": "Feature", "properties": { "Layer": "Layer 1" }, "geometry": { "type": "LineString", "coordinates": [ [ 148.908, 14.7304 ], [ 149.001, 14.7162 ] ] } },
{ "type": "Feature", "properties": { "Layer": "Layer 1" }, "geometry": { "type": "LineString", "coordinates": [ [ 149.001, 14.7162 ], [ 149.129, 14.7697 ] ] } },
{ "type": "Feature", "properties": { "Layer": "Layer 1" }, "geometry": { "type": "LineString", "coordinates": [ [ 149.129, 14.7697 ], [ 149.204, 14.8089 ] ] } },
{ "type": "Feature", "properties": { "Layer": "Layer 1" }, "geometry": { "type": "LineString", "coordinates": [ [ 149.204, 14.8089 ], [ 149.386, 14.7768 ] ] } },
{ "type": "Feature", "properties": { "Layer": "Layer 1" }, "geometry": { "type": "LineString", "coordinates": [ [ 149.386, 14.7768 ], [ 149.728, 14.791 ] ] } },
{ "type": "Feature", "properties": { "Layer": "Layer 1" }, "geometry": { "type": "LineString", "coordinates": [ [ 149.728, 14.791 ], [ 149.963, 14.6805 ] ] } },
{ "type": "Feature", "properties": { "Layer": "Layer 1" }, "geometry": { "type": "LineString", "coordinates": [ [ 149.963, 14.6805 ], [ 150.052, 14.6663 ] ] } },
{ "type": "Feature", "properties": { "Layer": "Layer 1" }, "geometry": { "type": "LineString", "coordinates": [ [ 150.052, 14.6663 ], [ 150.284, 14.6164 ] ] } },
{ "type": "Feature", "properties": { "Layer": "Layer 1" }, "geometry": { "type": "LineString", "coordinates": [ [ 150.284, 14.6164 ], [ 150.623, 14.4666 ] ] } },
{ "type": "Feature", "properties": { "Layer": "Layer 1" }, "geometry": { "type": "LineString", "coordinates": [ [ 150.623, 14.4666 ], [ 150.601, 14.3419 ] ] } },
{ "type": "Feature", "properties": { "Layer": "Layer 1" }, "geometry": { "type": "LineString", "coordinates": [ [ 150.601, 14.3419 ], [ 150.883, 13.9675 ] ] } },
{ "type": "Feature", "properties": { "Layer": "Layer 1" }, "geometry": { "type": "LineString", "coordinates": [ [ 150.883, 13.9675 ], [ 150.965, 13.661 ] ] } },
{ "type": "Feature", "properties": { "Layer": "Layer 1" }, "geometry": { "type": "LineString", "coordinates": [ [ 150.965, 13.661 ], [ 151.072, 13.579 ] ] } },
{ "type": "Feature", "properties": { "Layer": "Layer 1" }, "geometry": { "type": "LineString", "coordinates": [ [ 151.072, 13.579 ], [ 151.796, 13.2474 ] ] } },
{ "type": "Feature", "properties": { "Layer": "Layer 1" }, "geometry": { "type": "LineString", "coordinates": [ [ 151.796, 13.2474 ], [ 151.924, 13.2047 ] ] } },
{ "type": "Feature", "properties": { "Layer": "Layer 1" }, "geometry": { "type": "LineString", "coordinates": [ [ 151.924, 13.2047 ], [ 152.213, 13.2118 ] ] } },
{ "type": "Feature", "properties": { "Layer": "Layer 1" }, "geometry": { "type": "LineString", "coordinates": [ [ 152.213, 13.2118 ], [ 152.419, 13.3045 ] ] } },
{ "type": "Feature", "properties": { "Layer": "Layer 1" }, "geometry": { "type": "LineString", "coordinates": [ [ 152.419, 13.3045 ], [ 152.573, 13.3544 ] ] } },
{ "type": "Feature", "properties": { "Layer": "Layer 1" }, "geometry": { "type": "LineString", "coordinates": [ [ 152.573, 13.3544 ], [ 152.758, 13.3259 ] ] } },
{ "type": "Feature", "properties": { "Layer": "Layer 1" }, "geometry": { "type": "LineString", "coordinates": [ [ 152.758, 13.3259 ], [ 153.14, 13.2296 ] ] } },
{ "type": "Feature", "properties": { "Layer": "Layer 1" }, "geometry": { "type": "LineString", "coordinates": [ [ 153.14, 13.2296 ], [ 153.279, 13.194 ] ] } },
{ "type": "Feature", "properties": { "Layer": "Layer 1" }, "geometry": { "type": "LineString", "coordinates": [ [ 153.279, 13.194 ], [ 153.371, 13.1369 ] ] } },
{ "type": "Feature", "properties": { "Layer": "Layer 1" }, "geometry": { "type": "LineString", "coordinates": [ [ 153.371, 13.1369 ], [ 153.425, 13.1262 ] ] } },
{ "type": "Feature", "properties": { "Layer": "Layer 1" }, "geometry": { "type": "LineString", "coordinates": [ [ 153.425, 13.1262 ], [ 153.421, 13.1084 ] ] } },
{ "type": "Feature", "properties": { "Layer": "Layer 1" }, "geometry": { "type": "LineString", "coordinates": [ [ 153.421, 13.1084 ], [ 153.535, 13.0478 ] ] } },
{ "type": "Feature", "properties": { "Layer": "Layer 1" }, "geometry": { "type": "LineString", "coordinates": [ [ 153.535, 13.0478 ], [ 153.646, 12.9622 ] ] } },
{ "type": "Feature", "properties": { "Layer": "Layer 1" }, "geometry": { "type": "LineString", "coordinates": [ [ 153.646, 12.9622 ], [ 153.71, 12.923 ] ] } },
{ "type": "Feature", "properties": { "Layer": "Layer 1" }, "geometry": { "type": "LineString", "coordinates": [ [ 153.71, 12.923 ], [ 153.788, 12.9016 ] ] } },
{ "type": "Feature", "properties": { "Layer": "Layer 1" }, "geometry": { "type": "LineString", "coordinates": [ [ 153.788, 12.9016 ], [ 154.059, 13.0264 ] ] } },
{ "type": "Feature", "properties": { "Layer": "Layer 1" }, "geometry": { "type": "LineString", "coordinates": [ [ 154.059, 13.0264 ], [ 154.241, 13.0549 ] ] } },
{ "type": "Feature", "properties": { "Layer": "Layer 1" }, "geometry": { "type": "LineString", "coordinates": [ [ 154.241, 13.0549 ], [ 155.785, 12.7091 ] ] } },
{ "type": "Feature", "properties": { "Layer": "Layer 1" }, "geometry": { "type": "LineString", "coordinates": [ [ 155.785, 12.7091 ], [ 156.291, 12.6913 ] ] } },
{ "type": "Feature", "properties": { "Layer": "Layer 1" }, "geometry": { "type": "LineString", "coordinates": [ [ 156.291, 12.6913 ], [ 156.893, 12.4881 ] ] } },
{ "type": "Feature", "properties": { "Layer": "Layer 1" }, "geometry": { "type": "LineString", "coordinates": [ [ 156.893, 12.4881 ], [ 157.164, 12.5701 ] ] } },
{ "type": "Feature", "properties": { "Layer": "Layer 1" }, "geometry": { "type": "LineString", "coordinates": [ [ 157.164, 12.5701 ], [ 157.41, 12.7377 ] ] } },
{ "type": "Feature", "properties": { "Layer": "Layer 1" }, "geometry": { "type": "LineString", "coordinates": [ [ 157.41, 12.7377 ], [ 157.442, 12.7697 ] ] } },
{ "type": "Feature", "properties": { "Layer": "Layer 1" }, "geometry": { "type": "LineString", "coordinates": [ [ 157.442, 12.7697 ], [ 157.581, 12.784 ] ] } },
{ "type": "Feature", "properties": { "Layer": "Layer 1" }, "geometry": { "type": "LineString", "coordinates": [ [ 157.581, 12.784 ], [ 157.991, 12.7662 ] ] } },
{ "type": "Feature", "properties": { "Layer": "Layer 1" }, "geometry": { "type": "LineString", "coordinates": [ [ 157.991, 12.7662 ], [ 158.077, 12.7697 ] ] } },
{ "type": "Feature", "properties": { "Layer": "Layer 1" }, "geometry": { "type": "LineString", "coordinates": [ [ 158.077, 12.7697 ], [ 158.148, 12.6842 ] ] } },
{ "type": "Feature", "properties": { "Layer": "Layer 1" }, "geometry": { "type": "LineString", "coordinates": [ [ 158.148, 12.6842 ], [ 158.277, 12.4418 ] ] } },
{ "type": "Feature", "properties": { "Layer": "Layer 1" }, "geometry": { "type": "LineString", "coordinates": [ [ 158.277, 12.4418 ], [ 158.302, 12.3063 ] ] } },
{ "type": "Feature", "properties": { "Layer": "Layer 1" }, "geometry": { "type": "LineString", "coordinates": [ [ 158.302, 12.3063 ], [ 158.394, 12.1851 ] ] } },
{ "type": "Feature", "properties": { "Layer": "Layer 1" }, "geometry": { "type": "LineString", "coordinates": [ [ 158.394, 12.1851 ], [ 159.111, 11.6076 ] ] } },
{ "type": "Feature", "properties": { "Layer": "Layer 1" }, "geometry": { "type": "LineString", "coordinates": [ [ 159.111, 11.6076 ], [ 159.4, 11.4828 ] ] } },
{ "type": "Feature", "properties": { "Layer": "Layer 1" }, "geometry": { "type": "LineString", "coordinates": [ [ 159.4, 11.4828 ], [ 159.777, 11.5006 ] ] } },
{ "type": "Feature", "properties": { "Layer": "Layer 1" }, "geometry": { "type": "LineString", "coordinates": [ [ 159.777, 11.5006 ], [ 159.941, 11.6147 ] ] } },
{ "type": "Feature", "properties": { "Layer": "Layer 1" }, "geometry": { "type": "LineString", "coordinates": [ [ 159.941, 11.6147 ], [ 160.337, 12.0781 ] ] } },
{ "type": "Feature", "properties": { "Layer": "Layer 1" }, "geometry": { "type": "LineString", "coordinates": [ [ 160.337, 12.0781 ], [ 160.348, 12.0568 ] ] } },
{ "type": "Feature", "properties": { "Layer": "Layer 1" }, "geometry": { "type": "LineString", "coordinates": [ [ 160.348, 12.0568 ], [ 160.43, 12.0425 ] ] } },
{ "type": "Feature", "properties": { "Layer": "Layer 1" }, "geometry": { "type": "LineString", "coordinates": [ [ 160.43, 12.0425 ], [ 160.294, 11.9534 ] ] } },
{ "type": "Feature", "properties": { "Layer": "Layer 1" }, "geometry": { "type": "LineString", "coordinates": [ [ 160.294, 11.9534 ], [ 160.187, 11.8714 ] ] } },
{ "type": "Feature", "properties": { "Layer": "Layer 1" }, "geometry": { "type": "LineString", "coordinates": [ [ 160.187, 11.8714 ], [ 160.341, 11.8642 ] ] } },
{ "type": "Feature", "properties": { "Layer": "Layer 1" }, "geometry": { "type": "LineString", "coordinates": [ [ 160.341, 11.8642 ], [ 160.465, 11.9106 ] ] } },
{ "type": "Feature", "properties": { "Layer": "Layer 1" }, "geometry": { "type": "LineString", "coordinates": [ [ 160.465, 11.9106 ], [ 160.829, 11.8642 ] ] } },
{ "type": "Feature", "properties": { "Layer": "Layer 1" }, "geometry": { "type": "LineString", "coordinates": [ [ 160.829, 11.8642 ], [ 161.096, 11.7609 ] ] } },
{ "type": "Feature", "properties": { "Layer": "Layer 1" }, "geometry": { "type": "LineString", "coordinates": [ [ 161.096, 11.7609 ], [ 161.367, 11.7466 ] ] } },
{ "type": "Feature", "properties": { "Layer": "Layer 1" }, "geometry": { "type": "LineString", "coordinates": [ [ 161.367, 11.7466 ], [ 161.717, 11.7823 ] ] } },
{ "type": "Feature", "properties": { "Layer": "Layer 1" }, "geometry": { "type": "LineString", "coordinates": [ [ 161.717, 11.7823 ], [ 162.038, 11.9534 ] ] } },
{ "type": "Feature", "properties": { "Layer": "Layer 1" }, "geometry": { "type": "LineString", "coordinates": [ [ 162.038, 11.9534 ], [ 162.216, 12.0104 ] ] } },
{ "type": "Feature", "properties": { "Layer": "Layer 1" }, "geometry": { "type": "LineString", "coordinates": [ [ 162.216, 12.0104 ], [ 162.298, 12.0389 ] ] } },
{ "type": "Feature", "properties": { "Layer": "Layer 1" }, "geometry": { "type": "LineString", "coordinates": [ [ 162.298, 12.0389 ], [ 162.501, 11.9855 ] ] } },
{ "type": "Feature", "properties": { "Layer": "Layer 1" }, "geometry": { "type": "LineString", "coordinates": [ [ 162.501, 11.9855 ], [ 162.74, 11.8642 ] ] } },
{ "type": "Feature", "properties": { "Layer": "Layer 1" }, "geometry": { "type": "LineString", "coordinates": [ [ 162.74, 11.8642 ], [ 163.421, 11.5933 ] ] } },
{ "type": "Feature", "properties": { "Layer": "Layer 1" }, "geometry": { "type": "LineString", "coordinates": [ [ 163.421, 11.5933 ], [ 163.891, 11.2475 ] ] } },
{ "type": "Feature", "properties": { "Layer": "Layer 1" }, "geometry": { "type": "LineString", "coordinates": [ [ 163.891, 11.2475 ], [ 164.187, 11.137 ] ] } },
{ "type": "Feature", "properties": { "Layer": "Layer 1" }, "geometry": { "type": "LineString", "coordinates": [ [ 164.187, 11.137 ], [ 164.362, 10.9695 ] ] } },
{ "type": "Feature", "properties": { "Layer": "Layer 1" }, "geometry": { "type": "LineString", "coordinates": [ [ 164.362, 10.9695 ], [ 164.469, 10.8304 ] ] } },
{ "type": "Feature", "properties": { "Layer": "Layer 1" }, "geometry": { "type": "LineString", "coordinates": [ [ 164.469, 10.8304 ], [ 164.587, 10.7663 ] ] } },
{ "type": "Feature", "properties": { "Layer": "Layer 1" }, "geometry": { "type": "LineString", "coordinates": [ [ 164.587, 10.7663 ], [ 164.733, 10.5987 ] ] } },
{ "type": "Feature", "properties": { "Layer": "Layer 1" }, "geometry": { "type": "LineString", "coordinates": [ [ 164.733, 10.5987 ], [ 164.847, 10.5381 ] ] } },
{ "type": "Feature", "properties": { "Layer": "Layer 1" }, "geometry": { "type": "LineString", "coordinates": [ [ 164.847, 10.5381 ], [ 165.267, 10.3991 ] ] } },
{ "type": "Feature", "properties": { "Layer": "Layer 1" }, "geometry": { "type": "LineString", "coordinates": [ [ 165.267, 10.3991 ], [ 165.303, 10.4062 ] ] } },
{ "type": "Feature", "properties": { "Layer": "Layer 1" }, "geometry": { "type": "LineString", "coordinates": [ [ 165.303, 10.4062 ], [ 165.627, 10.1673 ] ] } },
{ "type": "Feature", "properties": { "Layer": "Layer 1" }, "geometry": { "type": "LineString", "coordinates": [ [ 165.627, 10.1673 ], [ 165.734, 10.039 ] ] } },
{ "type": "Feature", "properties": { "Layer": "Layer 1" }, "geometry": { "type": "LineString", "coordinates": [ [ 165.734, 10.039 ], [ 165.816, 9.87503 ] ] } },
{ "type": "Feature", "properties": { "Layer": "Layer 1" }, "geometry": { "type": "LineString", "coordinates": [ [ 165.816, 9.87503 ], [ 165.966, 9.76808 ] ] } },
{ "type": "Feature", "properties": { "Layer": "Layer 1" }, "geometry": { "type": "LineString", "coordinates": [ [ 165.966, 9.76808 ], [ 166.422, 9.46863 ] ] } },
{ "type": "Feature", "properties": { "Layer": "Layer 1" }, "geometry": { "type": "LineString", "coordinates": [ [ 166.422, 9.46863 ], [ 166.455, 9.42941 ] ] } },
{ "type": "Feature", "properties": { "Layer": "Layer 1" }, "geometry": { "type": "LineString", "coordinates": [ [ 166.455, 9.42941 ], [ 166.544, 9.25473 ] ] } },
{ "type": "Feature", "properties": { "Layer": "Layer 1" }, "geometry": { "type": "LineString", "coordinates": [ [ 166.544, 9.25473 ], [ 166.729, 9.20482 ] ] } },
{ "type": "Feature", "properties": { "Layer": "Layer 1" }, "geometry": { "type": "LineString", "coordinates": [ [ 166.729, 9.20482 ], [ 166.765, 9.27612 ] ] } },
{ "type": "Feature", "properties": { "Layer": "Layer 1" }, "geometry": { "type": "LineString", "coordinates": [ [ 166.765, 9.27612 ], [ 166.904, 9.26186 ] ] } },
{ "type": "Feature", "properties": { "Layer": "Layer 1" }, "geometry": { "type": "LineString", "coordinates": [ [ 166.904, 9.26186 ], [ 167.068, 9.20839 ] ] } },
{ "type": "Feature", "properties": { "Layer": "Layer 1" }, "geometry": { "type": "LineString", "coordinates": [ [ 167.068, 9.20839 ], [ 167.303, 9.06223 ] ] } },
{ "type": "Feature", "properties": { "Layer": "Layer 1" }, "geometry": { "type": "LineString", "coordinates": [ [ 167.303, 9.06223 ], [ 167.431, 8.96241 ] ] } },
{ "type": "Feature", "properties": { "Layer": "Layer 1" }, "geometry": { "type": "LineString", "coordinates": [ [ 167.431, 8.96241 ], [ 167.485, 8.85903 ] ] } },
{ "type": "Feature", "properties": { "Layer": "Layer 1" }, "geometry": { "type": "LineString", "coordinates": [ [ 167.485, 8.85903 ], [ 167.656, 8.98023 ] ] } },
{ "type": "Feature", "properties": { "Layer": "Layer 1" }, "geometry": { "type": "LineString", "coordinates": [ [ 167.656, 8.98023 ], [ 167.692, 8.90181 ] ] } },
{ "type": "Feature", "properties": { "Layer": "Layer 1" }, "geometry": { "type": "LineString", "coordinates": [ [ 167.692, 8.90181 ], [ 167.652, 8.80555 ] ] } },
{ "type": "Feature", "properties": { "Layer": "Layer 1" }, "geometry": { "type": "LineString", "coordinates": [ [ 167.652, 8.80555 ], [ 167.734, 9.07292 ] ] } },
{ "type": "Feature", "properties": { "Layer": "Layer 1" }, "geometry": { "type": "LineString", "coordinates": [ [ 167.734, 9.07292 ], [ 167.759, 9.0551 ] ] } },
{ "type": "Feature", "properties": { "Layer": "Layer 1" }, "geometry": { "type": "LineString", "coordinates": [ [ 167.759, 9.0551 ], [ 167.863, 8.9838 ] ] } },
{ "type": "Feature", "properties": { "Layer": "Layer 1" }, "geometry": { "type": "LineString", "coordinates": [ [ 167.863, 8.9838 ], [ 167.959, 8.9838 ] ] } },
{ "type": "Feature", "properties": { "Layer": "Layer 1" }, "geometry": { "type": "LineString", "coordinates": [ [ 167.959, 8.9838 ], [ 168.283, 8.78773 ] ] } },
{ "type": "Feature", "properties": { "Layer": "Layer 1" }, "geometry": { "type": "LineString", "coordinates": [ [ 168.283, 8.78773 ], [ 168.54, 8.3029 ] ] } },
{ "type": "Feature", "properties": { "Layer": "Layer 1" }, "geometry": { "type": "LineString", "coordinates": [ [ 168.54, 8.3029 ], [ 168.586, 8.18882 ] ] } },
{ "type": "Feature", "properties": { "Layer": "Layer 1" }, "geometry": { "type": "LineString", "coordinates": [ [ 168.586, 8.18882 ], [ 168.629, 8.07831 ] ] } },
{ "type": "Feature", "properties": { "Layer": "Layer 1" }, "geometry": { "type": "LineString", "coordinates": [ [ 168.629, 8.07831 ], [ 168.971, 8.05692 ] ] } },
{ "type": "Feature", "properties": { "Layer": "Layer 1" }, "geometry": { "type": "LineString", "coordinates": [ [ 168.971, 8.05692 ], [ 169.121, 8.07118 ] ] } },
{ "type": "Feature", "properties": { "Layer": "Layer 1" }, "geometry": { "type": "LineString", "coordinates": [ [ 169.121, 8.07118 ], [ 169.285, 8.00701 ] ] } },
{ "type": "Feature", "properties": { "Layer": "Layer 1" }, "geometry": { "type": "LineString", "coordinates": [ [ 169.285, 8.00701 ], [ 169.442, 7.98206 ] ] } },
{ "type": "Feature", "properties": { "Layer": "Layer 1" }, "geometry": { "type": "LineString", "coordinates": [ [ 169.442, 7.98206 ], [ 170.49, 7.47941 ] ] } },
{ "type": "Feature", "properties": { "Layer": "Layer 1" }, "geometry": { "type": "LineString", "coordinates": [ [ 170.49, 7.47941 ], [ 170.579, 7.47941 ] ] } },
{ "type": "Feature", "properties": { "Layer": "Layer 1" }, "geometry": { "type": "LineString", "coordinates": [ [ 170.579, 7.47941 ], [ 171.128, 6.97319 ] ] } },
{ "type": "Feature", "properties": { "Layer": "Layer 1" }, "geometry": { "type": "LineString", "coordinates": [ [ 171.128, 6.97319 ], [ 171.256, 6.90902 ] ] } },
{ "type": "Feature", "properties": { "Layer": "Layer 1" }, "geometry": { "type": "LineString", "coordinates": [ [ 171.256, 6.90902 ], [ 171.727, 6.83416 ] ] } },
{ "type": "Feature", "properties": { "Layer": "Layer 1" }, "geometry": { "type": "LineString", "coordinates": [ [ 171.727, 6.83416 ], [ 171.852, 6.83059 ] ] } },
{ "type": "Feature", "properties": { "Layer": "Layer 1" }, "geometry": { "type": "LineString", "coordinates": [ [ 171.852, 6.83059 ], [ 171.927, 6.80207 ] ] } },
{ "type": "Feature", "properties": { "Layer": "Layer 1" }, "geometry": { "type": "LineString", "coordinates": [ [ 171.927, 6.80207 ], [ 172.023, 6.8199 ] ] } },
{ "type": "Feature", "properties": { "Layer": "Layer 1" }, "geometry": { "type": "LineString", "coordinates": [ [ 172.023, 6.8199 ], [ 172.137, 6.73077 ] ] } },
{ "type": "Feature", "properties": { "Layer": "Layer 1" }, "geometry": { "type": "LineString", "coordinates": [ [ 172.137, 6.73077 ], [ 172.205, 6.72721 ] ] } },
{ "type": "Feature", "properties": { "Layer": "Layer 1" }, "geometry": { "type": "LineString", "coordinates": [ [ 172.205, 6.72721 ], [ 172.344, 6.60244 ] ] } },
{ "type": "Feature", "properties": { "Layer": "Layer 1" }, "geometry": { "type": "LineString", "coordinates": [ [ 172.344, 6.60244 ], [ 172.422, 6.5454 ] ] } },
{ "type": "Feature", "properties": { "Layer": "Layer 1" }, "geometry": { "type": "LineString", "coordinates": [ [ 172.422, 6.5454 ], [ 173.303, 5.83954 ] ] } },
{ "type": "Feature", "properties": { "Layer": "Layer 1" }, "geometry": { "type": "LineString", "coordinates": [ [ 173.303, 5.83954 ], [ 173.21, 5.68625 ] ] } },
{ "type": "Feature", "properties": { "Layer": "Layer 1" }, "geometry": { "type": "LineString", "coordinates": [ [ 173.21, 5.68625 ], [ 173.353, 5.56861 ] ] } },
{ "type": "Feature", "properties": { "Layer": "Layer 1" }, "geometry": { "type": "LineString", "coordinates": [ [ 173.353, 5.56861 ], [ 173.877, 5.49018 ] ] } },
{ "type": "Feature", "properties": { "Layer": "Layer 1" }, "geometry": { "type": "LineString", "coordinates": [ [ 173.877, 5.49018 ], [ 174.012, 5.48662 ] ] } },
{ "type": "Feature", "properties": { "Layer": "Layer 1" }, "geometry": { "type": "LineString", "coordinates": [ [ 174.012, 5.48662 ], [ 174.158, 5.3975 ] ] } },
{ "type": "Feature", "properties": { "Layer": "Layer 1" }, "geometry": { "type": "LineString", "coordinates": [ [ 174.158, 5.3975 ], [ 174.233, 5.36185 ] ] } },
{ "type": "Feature", "properties": { "Layer": "Layer 1" }, "geometry": { "type": "LineString", "coordinates": [ [ 174.233, 5.36185 ], [ 174.647, 5.23707 ] ] } },
{ "type": "Feature", "properties": { "Layer": "Layer 1" }, "geometry": { "type": "LineString", "coordinates": [ [ 174.647, 5.23707 ], [ 174.896, 5.1123 ] ] } },
{ "type": "Feature", "properties": { "Layer": "Layer 1" }, "geometry": { "type": "LineString", "coordinates": [ [ 174.896, 5.1123 ], [ 175.082, 5.02674 ] ] } },
{ "type": "Feature", "properties": { "Layer": "Layer 1" }, "geometry": { "type": "LineString", "coordinates": [ [ 175.082, 5.02674 ], [ 175.135, 4.9911 ] ] } },
{ "type": "Feature", "properties": { "Layer": "Layer 1" }, "geometry": { "type": "LineString", "coordinates": [ [ 175.135, 4.9911 ], [ 175.253, 4.91267 ] ] } },
{ "type": "Feature", "properties": { "Layer": "Layer 1" }, "geometry": { "type": "LineString", "coordinates": [ [ 175.253, 4.91267 ], [ 175.46, 4.78077 ] ] } },
{ "type": "Feature", "properties": { "Layer": "Layer 1" }, "geometry": { "type": "LineString", "coordinates": [ [ 175.46, 4.78077 ], [ 175.73, 4.61321 ] ] } },
{ "type": "Feature", "properties": { "Layer": "Layer 1" }, "geometry": { "type": "LineString", "coordinates": [ [ 175.73, 4.61321 ], [ 176.066, 4.53835 ] ] } },
{ "type": "Feature", "properties": { "Layer": "Layer 1" }, "geometry": { "type": "LineString", "coordinates": [ [ 176.066, 4.53835 ], [ 176.625, 4.41001 ] ] } },
{ "type": "Feature", "properties": { "Layer": "Layer 1" }, "geometry": { "type": "LineString", "coordinates": [ [ 176.625, 4.41001 ], [ 177.228, 4.3102 ] ] } },
{ "type": "Feature", "properties": { "Layer": "Layer 1" }, "geometry": { "type": "LineString", "coordinates": [ [ 177.228, 4.3102 ], [ 177.588, 4.3102 ] ] } },
{ "type": "Feature", "properties": { "Layer": "Layer 1" }, "geometry": { "type": "LineString", "coordinates": [ [ 177.588, 4.3102 ], [ 177.837, 4.41358 ] ] } },
{ "type": "Feature", "properties": { "Layer": "Layer 1" }, "geometry": { "type": "LineString", "coordinates": [ [ 177.837, 4.41358 ], [ 178.073, 4.33515 ] ] } },
{ "type": "Feature", "properties": { "Layer": "Layer 1" }, "geometry": { "type": "LineString", "coordinates": [ [ 178.073, 4.33515 ], [ 178.237, 4.28524 ] ] } },
{ "type": "Feature", "properties": { "Layer": "Layer 1" }, "geometry": { "type": "LineString", "coordinates": [ [ 178.237, 4.28524 ], [ 178.333, 4.27811 ] ] } },
{ "type": "Feature", "properties": { "Layer": "Layer 1" }, "geometry": { "type": "LineString", "coordinates": [ [ 178.333, 4.27811 ], [ 178.761, 4.24959 ] ] } },
{ "type": "Feature", "properties": { "Layer": "Layer 1" }, "geometry": { "type": "LineString", "coordinates": [ [ 178.761, 4.24959 ], [ 179.103, 4.12839 ] ] } },
{ "type": "Feature", "properties": { "Layer": "Layer 1" }, "geometry": { "type": "LineString", "coordinates": [ [ 179.103, 4.12839 ], [ 179.32, 4.11413 ] ] } },
{ "type": "Feature", "properties": { "Layer": "Layer 1" }, "geometry": { "type": "LineString", "coordinates": [ [ 179.32, 4.11413 ], [ 179.534, 4.10343 ] ] } },
{ "type": "Feature", "properties": { "Layer": "Layer 1" }, "geometry": { "type": "LineString", "coordinates": [ [ 179.534, 4.10343 ], [ 179.723, 4.08561 ] ] } },
{ "type": "Feature", "properties": { "Layer": "Layer 1" }, "geometry": { "type": "MultiLineString", "coordinates": [ [ [ 179.723, 4.08561 ], [ 180.0, 4.1068924 ] ], [ [ -180.0, 4.1068924 ], [ -179.813, 4.12126 ] ] ] } },
{ "type": "Feature", "properties": { "Layer": "Layer 1" }, "geometry": { "type": "LineString", "coordinates": [ [ -179.813, 4.12126 ], [ -179.133, 4.33159 ] ] } },
{ "type": "Feature", "properties": { "Layer": "Layer 1" }, "geometry": { "type": "LineString", "coordinates": [ [ -179.133, 4.33159 ], [ -178.976, 4.30663 ] ] } },
{ "type": "Feature", "properties": { "Layer": "Layer 1" }, "geometry": { "type": "LineString", "coordinates": [ [ -178.976, 4.30663 ], [ -178.972, 4.25316 ] ] } },
{ "type": "Feature", "properties": { "Layer": "Layer 1" }, "geometry": { "type": "LineString", "coordinates": [ [ -178.972, 4.25316 ], [ -178.854, 4.26742 ] ] } },
{ "type": "Feature", "properties": { "Layer": "Layer 1" }, "geometry": { "type": "LineString", "coordinates": [ [ -178.854, 4.26742 ], [ -178.459, 4.43853 ] ] } },
{ "type": "Feature", "properties": { "Layer": "Layer 1" }, "geometry": { "type": "LineString", "coordinates": [ [ -178.459, 4.43853 ], [ -178.32, 4.5027 ] ] } },
{ "type": "Feature", "properties": { "Layer": "Layer 1" }, "geometry": { "type": "LineString", "coordinates": [ [ -178.32, 4.5027 ], [ -177.863, 4.5847 ] ] } },
{ "type": "Feature", "properties": { "Layer": "Layer 1" }, "geometry": { "type": "LineString", "coordinates": [ [ -177.863, 4.5847 ], [ -177.803, 4.55974 ] ] } },
{ "type": "Feature", "properties": { "Layer": "Layer 1" }, "geometry": { "type": "LineString", "coordinates": [ [ -177.803, 4.55974 ], [ -177.796, 4.53479 ] ] } },
{ "type": "Feature", "properties": { "Layer": "Layer 1" }, "geometry": { "type": "LineString", "coordinates": [ [ -177.796, 4.53479 ], [ -177.792, 4.58113 ] ] } },
{ "type": "Feature", "properties": { "Layer": "Layer 1" }, "geometry": { "type": "LineString", "coordinates": [ [ -177.792, 4.58113 ], [ -177.692, 4.62391 ] ] } },
{ "type": "Feature", "properties": { "Layer": "Layer 1" }, "geometry": { "type": "LineString", "coordinates": [ [ -177.692, 4.62391 ], [ -177.261, 4.77364 ] ] } },
{ "type": "Feature", "properties": { "Layer": "Layer 1" }, "geometry": { "type": "LineString", "coordinates": [ [ -177.261, 4.77364 ], [ -177.158, 4.87702 ] ] } },
{ "type": "Feature", "properties": { "Layer": "Layer 1" }, "geometry": { "type": "LineString", "coordinates": [ [ -177.158, 4.87702 ], [ -176.801, 4.98397 ] ] } },
{ "type": "Feature", "properties": { "Layer": "Layer 1" }, "geometry": { "type": "LineString", "coordinates": [ [ -176.801, 4.98397 ], [ -176.655, 5.0517 ] ] } },
{ "type": "Feature", "properties": { "Layer": "Layer 1" }, "geometry": { "type": "LineString", "coordinates": [ [ -176.655, 5.0517 ], [ -175.985, 5.2442 ] ] } },
{ "type": "Feature", "properties": { "Layer": "Layer 1" }, "geometry": { "type": "LineString", "coordinates": [ [ -175.985, 5.2442 ], [ -175.757, 5.27272 ] ] } },
{ "type": "Feature", "properties": { "Layer": "Layer 1" }, "geometry": { "type": "LineString", "coordinates": [ [ -175.757, 5.27272 ], [ -175.632, 5.33333 ] ] } },
{ "type": "Feature", "properties": { "Layer": "Layer 1" }, "geometry": { "type": "LineString", "coordinates": [ [ -175.632, 5.33333 ], [ -175.521, 5.3868 ] ] } },
{ "type": "Feature", "properties": { "Layer": "Layer 1" }, "geometry": { "type": "LineString", "coordinates": [ [ -175.521, 5.3868 ], [ -175.265, 5.43314 ] ] } },
{ "type": "Feature", "properties": { "Layer": "Layer 1" }, "geometry": { "type": "LineString", "coordinates": [ [ -175.265, 5.43314 ], [ -175.14, 5.37611 ] ] } },
{ "type": "Feature", "properties": { "Layer": "Layer 1" }, "geometry": { "type": "LineString", "coordinates": [ [ -175.14, 5.37611 ], [ -174.976, 5.31907 ] ] } },
{ "type": "Feature", "properties": { "Layer": "Layer 1" }, "geometry": { "type": "LineString", "coordinates": [ [ -174.976, 5.31907 ], [ -174.719, 5.36541 ] ] } },
{ "type": "Feature", "properties": { "Layer": "Layer 1" }, "geometry": { "type": "LineString", "coordinates": [ [ -174.719, 5.36541 ], [ -174.619, 5.43314 ] ] } },
{ "type": "Feature", "properties": { "Layer": "Layer 1" }, "geometry": { "type": "LineString", "coordinates": [ [ -174.619, 5.43314 ], [ -174.548, 5.50801 ] ] } },
{ "type": "Feature", "properties": { "Layer": "Layer 1" }, "geometry": { "type": "LineString", "coordinates": [ [ -174.548, 5.50801 ], [ -174.495, 5.54722 ] ] } },
{ "type": "Feature", "properties": { "Layer": "Layer 1" }, "geometry": { "type": "LineString", "coordinates": [ [ -174.495, 5.54722 ], [ -174.505, 5.54722 ] ] } },
{ "type": "Feature", "properties": { "Layer": "Layer 1" }, "geometry": { "type": "LineString", "coordinates": [ [ -174.505, 5.54722 ], [ -174.584, 5.67556 ] ] } },
{ "type": "Feature", "properties": { "Layer": "Layer 1" }, "geometry": { "type": "LineString", "coordinates": [ [ -174.584, 5.67556 ], [ -174.541, 5.64704 ] ] } },
{ "type": "Feature", "properties": { "Layer": "Layer 1" }, "geometry": { "type": "LineString", "coordinates": [ [ -174.541, 5.64704 ], [ -174.448, 5.6007 ] ] } },
{ "type": "Feature", "properties": { "Layer": "Layer 1" }, "geometry": { "type": "LineString", "coordinates": [ [ -174.448, 5.6007 ], [ -174.274, 5.68269 ] ] } },
{ "type": "Feature", "properties": { "Layer": "Layer 1" }, "geometry": { "type": "LineString", "coordinates": [ [ -174.274, 5.68269 ], [ -173.853, 5.55435 ] ] } },
{ "type": "Feature", "properties": { "Layer": "Layer 1" }, "geometry": { "type": "LineString", "coordinates": [ [ -173.853, 5.55435 ], [ -173.45, 5.57931 ] ] } },
{ "type": "Feature", "properties": { "Layer": "Layer 1" }, "geometry": { "type": "LineString", "coordinates": [ [ -173.45, 5.57931 ], [ -173.268, 5.74686 ] ] } },
{ "type": "Feature", "properties": { "Layer": "Layer 1" }, "geometry": { "type": "LineString", "coordinates": [ [ -173.268, 5.74686 ], [ -173.247, 5.78964 ] ] } },
{ "type": "Feature", "properties": { "Layer": "Layer 1" }, "geometry": { "type": "LineString", "coordinates": [ [ -173.247, 5.78964 ], [ -172.976, 5.92154 ] ] } },
{ "type": "Feature", "properties": { "Layer": "Layer 1" }, "geometry": { "type": "LineString", "coordinates": [ [ -172.976, 5.92154 ], [ -172.84, 6.0071 ] ] } },
{ "type": "Feature", "properties": { "Layer": "Layer 1" }, "geometry": { "type": "LineString", "coordinates": [ [ -172.84, 6.0071 ], [ -172.705, 6.2602 ] ] } },
{ "type": "Feature", "properties": { "Layer": "Layer 1" }, "geometry": { "type": "LineString", "coordinates": [ [ -172.705, 6.2602 ], [ -172.562, 6.45984 ] ] } },
{ "type": "Feature", "properties": { "Layer": "Layer 1" }, "geometry": { "type": "LineString", "coordinates": [ [ -172.562, 6.45984 ], [ -172.334, 6.60957 ] ] } },
{ "type": "Feature", "properties": { "Layer": "Layer 1" }, "geometry": { "type": "LineString", "coordinates": [ [ -172.334, 6.60957 ], [ -172.124, 6.70938 ] ] } },
{ "type": "Feature", "properties": { "Layer": "Layer 1" }, "geometry": { "type": "LineString", "coordinates": [ [ -172.124, 6.70938 ], [ -171.942, 6.79138 ] ] } },
{ "type": "Feature", "properties": { "Layer": "Layer 1" }, "geometry": { "type": "LineString", "coordinates": [ [ -171.942, 6.79138 ], [ -171.76, 6.70225 ] ] } },
{ "type": "Feature", "properties": { "Layer": "Layer 1" }, "geometry": { "type": "LineString", "coordinates": [ [ -171.76, 6.70225 ], [ -171.646, 6.66304 ] ] } },
{ "type": "Feature", "properties": { "Layer": "Layer 1" }, "geometry": { "type": "LineString", "coordinates": [ [ -171.646, 6.66304 ], [ -171.564, 6.69156 ] ] } },
{ "type": "Feature", "properties": { "Layer": "Layer 1" }, "geometry": { "type": "LineString", "coordinates": [ [ -171.564, 6.69156 ], [ -171.115, 6.93754 ] ] } },
{ "type": "Feature", "properties": { "Layer": "Layer 1" }, "geometry": { "type": "LineString", "coordinates": [ [ -171.115, 6.93754 ], [ -171.054, 6.93397 ] ] } },
{ "type": "Feature", "properties": { "Layer": "Layer 1" }, "geometry": { "type": "LineString", "coordinates": [ [ -171.054, 6.93397 ], [ -170.987, 7.00527 ] ] } },
{ "type": "Feature", "properties": { "Layer": "Layer 1" }, "geometry": { "type": "LineString", "coordinates": [ [ -170.987, 7.00527 ], [ -170.808, 7.11578 ] ] } },
{ "type": "Feature", "properties": { "Layer": "Layer 1" }, "geometry": { "type": "LineString", "coordinates": [ [ -170.808, 7.11578 ], [ -170.644, 7.16569 ] ] } },
{ "type": "Feature", "properties": { "Layer": "Layer 1" }, "geometry": { "type": "LineString", "coordinates": [ [ -170.644, 7.16569 ], [ -170.555, 7.18352 ] ] } },
{ "type": "Feature", "properties": { "Layer": "Layer 1" }, "geometry": { "type": "LineString", "coordinates": [ [ -170.555, 7.18352 ], [ -170.541, 7.23699 ] ] } },
{ "type": "Feature", "properties": { "Layer": "Layer 1" }, "geometry": { "type": "LineString", "coordinates": [ [ -170.541, 7.23699 ], [ -170.416, 7.26195 ] ] } },
{ "type": "Feature", "properties": { "Layer": "Layer 1" }, "geometry": { "type": "LineString", "coordinates": [ [ -170.416, 7.26195 ], [ -170.152, 7.24412 ] ] } },
{ "type": "Feature", "properties": { "Layer": "Layer 1" }, "geometry": { "type": "LineString", "coordinates": [ [ -170.152, 7.24412 ], [ -169.935, 7.15143 ] ] } },
{ "type": "Feature", "properties": { "Layer": "Layer 1" }, "geometry": { "type": "LineString", "coordinates": [ [ -169.935, 7.15143 ], [ -169.885, 7.09439 ] ] } },
{ "type": "Feature", "properties": { "Layer": "Layer 1" }, "geometry": { "type": "LineString", "coordinates": [ [ -169.885, 7.09439 ], [ -169.621, 7.13004 ] ] } },
{ "type": "Feature", "properties": { "Layer": "Layer 1" }, "geometry": { "type": "LineString", "coordinates": [ [ -169.621, 7.13004 ], [ -169.489, 7.10152 ] ] } },
{ "type": "Feature", "properties": { "Layer": "Layer 1" }, "geometry": { "type": "LineString", "coordinates": [ [ -169.489, 7.10152 ], [ -169.397, 7.10865 ] ] } },
{ "type": "Feature", "properties": { "Layer": "Layer 1" }, "geometry": { "type": "LineString", "coordinates": [ [ -169.397, 7.10865 ], [ -169.3, 7.08013 ] ] } },
{ "type": "Feature", "properties": { "Layer": "Layer 1" }, "geometry": { "type": "LineString", "coordinates": [ [ -169.3, 7.08013 ], [ -169.286, 7.0231 ] ] } },
{ "type": "Feature", "properties": { "Layer": "Layer 1" }, "geometry": { "type": "LineString", "coordinates": [ [ -169.286, 7.0231 ], [ -169.272, 7.08726 ] ] } },
{ "type": "Feature", "properties": { "Layer": "Layer 1" }, "geometry": { "type": "LineString", "coordinates": [ [ -169.272, 7.08726 ], [ -169.201, 7.10865 ] ] } },
{ "type": "Feature", "properties": { "Layer": "Layer 1" }, "geometry": { "type": "LineString", "coordinates": [ [ -169.201, 7.10865 ], [ -169.104, 7.24056 ] ] } },
{ "type": "Feature", "properties": { "Layer": "Layer 1" }, "geometry": { "type": "LineString", "coordinates": [ [ -169.104, 7.24056 ], [ -169.083, 7.30116 ] ] } },
{ "type": "Feature", "properties": { "Layer": "Layer 1" }, "geometry": { "type": "LineString", "coordinates": [ [ -169.083, 7.30116 ], [ -168.898, 7.35107 ] ] } },
{ "type": "Feature", "properties": { "Layer": "Layer 1" }, "geometry": { "type": "LineString", "coordinates": [ [ -168.898, 7.35107 ], [ -168.837, 7.36176 ] ] } },
{ "type": "Feature", "properties": { "Layer": "Layer 1" }, "geometry": { "type": "LineString", "coordinates": [ [ -168.837, 7.36176 ], [ -168.794, 7.4188 ] ] } },
{ "type": "Feature", "properties": { "Layer": "Layer 1" }, "geometry": { "type": "LineString", "coordinates": [ [ -168.794, 7.4188 ], [ -168.627, 7.40098 ] ] } },
{ "type": "Feature", "properties": { "Layer": "Layer 1" }, "geometry": { "type": "LineString", "coordinates": [ [ -168.627, 7.40098 ], [ -168.331, 7.31185 ] ] } },
{ "type": "Feature", "properties": { "Layer": "Layer 1" }, "geometry": { "type": "LineString", "coordinates": [ [ -168.331, 7.31185 ], [ -168.235, 7.22273 ] ] } },
{ "type": "Feature", "properties": { "Layer": "Layer 1" }, "geometry": { "type": "LineString", "coordinates": [ [ -168.235, 7.22273 ], [ -168.167, 7.12648 ] ] } },
{ "type": "Feature", "properties": { "Layer": "Layer 1" }, "geometry": { "type": "LineString", "coordinates": [ [ -168.167, 7.12648 ], [ -168.099, 7.13717 ] ] } },
{ "type": "Feature", "properties": { "Layer": "Layer 1" }, "geometry": { "type": "LineString", "coordinates": [ [ -168.099, 7.13717 ], [ -167.875, 6.78068 ] ] } },
{ "type": "Feature", "properties": { "Layer": "Layer 1" }, "geometry": { "type": "LineString", "coordinates": [ [ -167.875, 6.78068 ], [ -167.935, 6.95893 ] ] } },
{ "type": "Feature", "properties": { "Layer": "Layer 1" }, "geometry": { "type": "LineString", "coordinates": [ [ -167.935, 6.95893 ], [ -167.896, 7.0124 ] ] } },
{ "type": "Feature", "properties": { "Layer": "Layer 1" }, "geometry": { "type": "LineString", "coordinates": [ [ -167.896, 7.0124 ], [ -167.579, 7.20847 ] ] } },
{ "type": "Feature", "properties": { "Layer": "Layer 1" }, "geometry": { "type": "LineString", "coordinates": [ [ -167.579, 7.20847 ], [ -167.482, 7.22273 ] ] } },
{ "type": "Feature", "properties": { "Layer": "Layer 1" }, "geometry": { "type": "LineString", "coordinates": [ [ -167.482, 7.22273 ], [ -167.408, 7.32255 ] ] } },
{ "type": "Feature", "properties": { "Layer": "Layer 1" }, "geometry": { "type": "LineString", "coordinates": [ [ -167.408, 7.32255 ], [ -166.876, 7.35107 ] ] } },
{ "type": "Feature", "properties": { "Layer": "Layer 1" }, "geometry": { "type": "LineString", "coordinates": [ [ -166.876, 7.35107 ], [ -166.662, 7.19421 ] ] } },
{ "type": "Feature", "properties": { "Layer": "Layer 1" }, "geometry": { "type": "LineString", "coordinates": [ [ -166.662, 7.19421 ], [ -166.37, 7.13717 ] ] } },
{ "type": "Feature", "properties": { "Layer": "Layer 1" }, "geometry": { "type": "LineString", "coordinates": [ [ -166.37, 7.13717 ], [ -166.195, 7.1443 ] ] } },
{ "type": "Feature", "properties": { "Layer": "Layer 1" }, "geometry": { "type": "LineString", "coordinates": [ [ -166.195, 7.1443 ], [ -165.4, 7.32968 ] ] } },
{ "type": "Feature", "properties": { "Layer": "Layer 1" }, "geometry": { "type": "LineString", "coordinates": [ [ -165.4, 7.32968 ], [ -165.294, 7.43663 ] ] } },
{ "type": "Feature", "properties": { "Layer": "Layer 1" }, "geometry": { "type": "LineString", "coordinates": [ [ -165.294, 7.43663 ], [ -164.905, 7.68974 ] ] } },
{ "type": "Feature", "properties": { "Layer": "Layer 1" }, "geometry": { "type": "LineString", "coordinates": [ [ -164.905, 7.68974 ], [ -164.816, 7.72895 ] ] } },
{ "type": "Feature", "properties": { "Layer": "Layer 1" }, "geometry": { "type": "LineString", "coordinates": [ [ -164.816, 7.72895 ], [ -164.684, 7.72182 ] ] } },
{ "type": "Feature", "properties": { "Layer": "Layer 1" }, "geometry": { "type": "LineString", "coordinates": [ [ -164.684, 7.72182 ], [ -164.377, 7.76816 ] ] } },
{ "type": "Feature", "properties": { "Layer": "Layer 1" }, "geometry": { "type": "LineString", "coordinates": [ [ -164.377, 7.76816 ], [ -164.185, 7.78599 ] ] } },
{ "type": "Feature", "properties": { "Layer": "Layer 1" }, "geometry": { "type": "LineString", "coordinates": [ [ -164.185, 7.78599 ], [ -164.078, 7.83233 ] ] } },
{ "type": "Feature", "properties": { "Layer": "Layer 1" }, "geometry": { "type": "LineString", "coordinates": [ [ -164.078, 7.83233 ], [ -163.465, 7.86798 ] ] } },
{ "type": "Feature", "properties": { "Layer": "Layer 1" }, "geometry": { "type": "LineString", "coordinates": [ [ -163.465, 7.86798 ], [ -162.98, 7.84659 ] ] } },
{ "type": "Feature", "properties": { "Layer": "Layer 1" }, "geometry": { "type": "LineString", "coordinates": [ [ -162.98, 7.84659 ], [ -162.837, 7.72538 ] ] } },
{ "type": "Feature", "properties": { "Layer": "Layer 1" }, "geometry": { "type": "LineString", "coordinates": [ [ -162.837, 7.72538 ], [ -162.884, 7.71112 ] ] } },
{ "type": "Feature", "properties": { "Layer": "Layer 1" }, "geometry": { "type": "LineString", "coordinates": [ [ -162.884, 7.71112 ], [ -162.887, 7.63626 ] ] } },
{ "type": "Feature", "properties": { "Layer": "Layer 1" }, "geometry": { "type": "LineString", "coordinates": [ [ -162.887, 7.63626 ], [ -162.755, 7.46158 ] ] } },
{ "type": "Feature", "properties": { "Layer": "Layer 1" }, "geometry": { "type": "LineString", "coordinates": [ [ -162.755, 7.46158 ], [ -162.506, 7.22273 ] ] } },
{ "type": "Feature", "properties": { "Layer": "Layer 1" }, "geometry": { "type": "LineString", "coordinates": [ [ -162.506, 7.22273 ], [ -162.349, 7.19421 ] ] } },
{ "type": "Feature", "properties": { "Layer": "Layer 1" }, "geometry": { "type": "LineString", "coordinates": [ [ -162.349, 7.19421 ], [ -162.121, 7.19065 ] ] } },
{ "type": "Feature", "properties": { "Layer": "Layer 1" }, "geometry": { "type": "LineString", "coordinates": [ [ -162.121, 7.19065 ], [ -161.918, 7.13004 ] ] } },
{ "type": "Feature", "properties": { "Layer": "Layer 1" }, "geometry": { "type": "LineString", "coordinates": [ [ -161.918, 7.13004 ], [ -161.618, 7.20847 ] ] } },
{ "type": "Feature", "properties": { "Layer": "Layer 1" }, "geometry": { "type": "LineString", "coordinates": [ [ -161.618, 7.20847 ], [ -161.326, 7.39028 ] ] } },
{ "type": "Feature", "properties": { "Layer": "Layer 1" }, "geometry": { "type": "LineString", "coordinates": [ [ -161.326, 7.39028 ], [ -161.172, 7.45445 ] ] } },
{ "type": "Feature", "properties": { "Layer": "Layer 1" }, "geometry": { "type": "LineString", "coordinates": [ [ -161.172, 7.45445 ], [ -160.987, 7.65409 ] ] } },
{ "type": "Feature", "properties": { "Layer": "Layer 1" }, "geometry": { "type": "LineString", "coordinates": [ [ -160.987, 7.65409 ], [ -160.82, 7.73964 ] ] } },
{ "type": "Feature", "properties": { "Layer": "Layer 1" }, "geometry": { "type": "LineString", "coordinates": [ [ -160.82, 7.73964 ], [ -160.72, 7.77529 ] ] } },
{ "type": "Feature", "properties": { "Layer": "Layer 1" }, "geometry": { "type": "LineString", "coordinates": [ [ -160.72, 7.77529 ], [ -160.588, 7.87511 ] ] } },
{ "type": "Feature", "properties": { "Layer": "Layer 1" }, "geometry": { "type": "LineString", "coordinates": [ [ -160.588, 7.87511 ], [ -160.363, 7.94641 ] ] } },
{ "type": "Feature", "properties": { "Layer": "Layer 1" }, "geometry": { "type": "LineString", "coordinates": [ [ -160.363, 7.94641 ], [ -160.164, 7.99988 ] ] } },
{ "type": "Feature", "properties": { "Layer": "Layer 1" }, "geometry": { "type": "LineString", "coordinates": [ [ -160.164, 7.99988 ], [ -159.846, 8.07475 ] ] } },
{ "type": "Feature", "properties": { "Layer": "Layer 1" }, "geometry": { "type": "LineString", "coordinates": [ [ -159.846, 8.07475 ], [ -159.091, 8.20308 ] ] } },
{ "type": "Feature", "properties": { "Layer": "Layer 1" }, "geometry": { "type": "LineString", "coordinates": [ [ -159.091, 8.20308 ], [ -158.695, 8.25299 ] ] } },
{ "type": "Feature", "properties": { "Layer": "Layer 1" }, "geometry": { "type": "LineString", "coordinates": [ [ -158.695, 8.25299 ], [ -158.602, 8.22091 ] ] } },
{ "type": "Feature", "properties": { "Layer": "Layer 1" }, "geometry": { "type": "LineString", "coordinates": [ [ -158.602, 8.22091 ], [ -158.427, 8.22091 ] ] } },
{ "type": "Feature", "properties": { "Layer": "Layer 1" }, "geometry": { "type": "LineString", "coordinates": [ [ -158.427, 8.22091 ], [ -158.388, 8.21734 ] ] } },
{ "type": "Feature", "properties": { "Layer": "Layer 1" }, "geometry": { "type": "LineString", "coordinates": [ [ -158.388, 8.21734 ], [ -158.135, 8.09614 ] ] } },
{ "type": "Feature", "properties": { "Layer": "Layer 1" }, "geometry": { "type": "LineString", "coordinates": [ [ -158.135, 8.09614 ], [ -157.857, 8.0284 ] ] } },
{ "type": "Feature", "properties": { "Layer": "Layer 1" }, "geometry": { "type": "LineString", "coordinates": [ [ -157.857, 8.0284 ], [ -157.579, 8.07475 ] ] } },
{ "type": "Feature", "properties": { "Layer": "Layer 1" }, "geometry": { "type": "LineString", "coordinates": [ [ -157.579, 8.07475 ], [ -157.28, 8.12822 ] ] } },
{ "type": "Feature", "properties": { "Layer": "Layer 1" }, "geometry": { "type": "LineString", "coordinates": [ [ -157.28, 8.12822 ], [ -157.137, 8.16387 ] ] } },
{ "type": "Feature", "properties": { "Layer": "Layer 1" }, "geometry": { "type": "LineString", "coordinates": [ [ -157.137, 8.16387 ], [ -157.29, 8.34924 ] ] } },
{ "type": "Feature", "properties": { "Layer": "Layer 1" }, "geometry": { "type": "LineString", "coordinates": [ [ -157.29, 8.34924 ], [ -157.23, 8.42411 ] ] } },
{ "type": "Feature", "properties": { "Layer": "Layer 1" }, "geometry": { "type": "LineString", "coordinates": [ [ -157.23, 8.42411 ], [ -157.105, 8.45619 ] ] } },
{ "type": "Feature", "properties": { "Layer": "Layer 1" }, "geometry": { "type": "LineString", "coordinates": [ [ -157.105, 8.45619 ], [ -157.012, 8.47402 ] ] } },
{ "type": "Feature", "properties": { "Layer": "Layer 1" }, "geometry": { "type": "LineString", "coordinates": [ [ -157.012, 8.47402 ], [ -156.649, 8.6487 ] ] } },
{ "type": "Feature", "properties": { "Layer": "Layer 1" }, "geometry": { "type": "LineString", "coordinates": [ [ -156.649, 8.6487 ], [ -156.602, 8.67722 ] ] } },
{ "type": "Feature", "properties": { "Layer": "Layer 1" }, "geometry": { "type": "LineString", "coordinates": [ [ -156.602, 8.67722 ], [ -156.403, 8.54888 ] ] } },
{ "type": "Feature", "properties": { "Layer": "Layer 1" }, "geometry": { "type": "LineString", "coordinates": [ [ -156.403, 8.54888 ], [ -156.114, 8.29221 ] ] } },
{ "type": "Feature", "properties": { "Layer": "Layer 1" }, "geometry": { "type": "LineString", "coordinates": [ [ -156.114, 8.29221 ], [ -155.875, 8.1603 ] ] } },
{ "type": "Feature", "properties": { "Layer": "Layer 1" }, "geometry": { "type": "LineString", "coordinates": [ [ -155.875, 8.1603 ], [ -155.665, 8.07831 ] ] } },
{ "type": "Feature", "properties": { "Layer": "Layer 1" }, "geometry": { "type": "LineString", "coordinates": [ [ -155.665, 8.07831 ], [ -155.622, 8.03197 ] ] } },
{ "type": "Feature", "properties": { "Layer": "Layer 1" }, "geometry": { "type": "LineString", "coordinates": [ [ -155.622, 8.03197 ], [ -155.529, 8.08901 ] ] } },
{ "type": "Feature", "properties": { "Layer": "Layer 1" }, "geometry": { "type": "LineString", "coordinates": [ [ -155.529, 8.08901 ], [ -155.533, 8.05692 ] ] } },
{ "type": "Feature", "properties": { "Layer": "Layer 1" }, "geometry": { "type": "LineString", "coordinates": [ [ -155.533, 8.05692 ], [ -155.508, 8.06405 ] ] } },
{ "type": "Feature", "properties": { "Layer": "Layer 1" }, "geometry": { "type": "LineString", "coordinates": [ [ -155.508, 8.06405 ], [ -155.454, 8.10683 ] ] } },
{ "type": "Feature", "properties": { "Layer": "Layer 1" }, "geometry": { "type": "LineString", "coordinates": [ [ -155.454, 8.10683 ], [ -155.205, 8.21021 ] ] } },
{ "type": "Feature", "properties": { "Layer": "Layer 1" }, "geometry": { "type": "LineString", "coordinates": [ [ -155.205, 8.21021 ], [ -155.084, 8.22804 ] ] } },
{ "type": "Feature", "properties": { "Layer": "Layer 1" }, "geometry": { "type": "LineString", "coordinates": [ [ -155.084, 8.22804 ], [ -155.073, 8.24586 ] ] } },
{ "type": "Feature", "properties": { "Layer": "Layer 1" }, "geometry": { "type": "LineString", "coordinates": [ [ -155.073, 8.24586 ], [ -154.841, 8.29577 ] ] } },
{ "type": "Feature", "properties": { "Layer": "Layer 1" }, "geometry": { "type": "LineString", "coordinates": [ [ -154.841, 8.29577 ], [ -154.688, 8.38846 ] ] } },
{ "type": "Feature", "properties": { "Layer": "Layer 1" }, "geometry": { "type": "LineString", "coordinates": [ [ -154.688, 8.38846 ], [ -154.417, 8.35281 ] ] } },
{ "type": "Feature", "properties": { "Layer": "Layer 1" }, "geometry": { "type": "LineString", "coordinates": [ [ -154.417, 8.35281 ], [ -154.36, 8.35994 ] ] } },
{ "type": "Feature", "properties": { "Layer": "Layer 1" }, "geometry": { "type": "LineString", "coordinates": [ [ -154.36, 8.35994 ], [ -154.339, 8.40628 ] ] } },
{ "type": "Feature", "properties": { "Layer": "Layer 1" }, "geometry": { "type": "LineString", "coordinates": [ [ -154.339, 8.40628 ], [ -154.399, 8.73069 ] ] } },
{ "type": "Feature", "properties": { "Layer": "Layer 1" }, "geometry": { "type": "LineString", "coordinates": [ [ -154.399, 8.73069 ], [ -154.41, 8.86259 ] ] } },
{ "type": "Feature", "properties": { "Layer": "Layer 1" }, "geometry": { "type": "LineString", "coordinates": [ [ -154.41, 8.86259 ], [ -154.285, 8.89111 ] ] } },
{ "type": "Feature", "properties": { "Layer": "Layer 1" }, "geometry": { "type": "LineString", "coordinates": [ [ -154.285, 8.89111 ], [ -154.264, 8.94102 ] ] } },
{ "type": "Feature", "properties": { "Layer": "Layer 1" }, "geometry": { "type": "LineString", "coordinates": [ [ -154.264, 8.94102 ], [ -154.271, 9.08718 ] ] } },
{ "type": "Feature", "properties": { "Layer": "Layer 1" }, "geometry": { "type": "LineString", "coordinates": [ [ -154.271, 9.08718 ], [ -154.246, 9.10501 ] ] } },
{ "type": "Feature", "properties": { "Layer": "Layer 1" }, "geometry": { "type": "LineString", "coordinates": [ [ -154.246, 9.10501 ], [ -154.171, 9.10501 ] ] } },
{ "type": "Feature", "properties": { "Layer": "Layer 1" }, "geometry": { "type": "LineString", "coordinates": [ [ -154.171, 9.10501 ], [ -153.939, 9.26543 ] ] } },
{ "type": "Feature", "properties": { "Layer": "Layer 1" }, "geometry": { "type": "LineString", "coordinates": [ [ -153.939, 9.26543 ], [ -153.886, 9.31177 ] ] } },
{ "type": "Feature", "properties": { "Layer": "Layer 1" }, "geometry": { "type": "LineString", "coordinates": [ [ -153.886, 9.31177 ], [ -153.754, 9.31177 ] ] } },
{ "type": "Feature", "properties": { "Layer": "Layer 1" }, "geometry": { "type": "LineString", "coordinates": [ [ -153.754, 9.31177 ], [ -153.661, 9.27612 ] ] } },
{ "type": "Feature", "properties": { "Layer": "Layer 1" }, "geometry": { "type": "LineString", "coordinates": [ [ -153.661, 9.27612 ], [ -153.337, 9.0551 ] ] } },
{ "type": "Feature", "properties": { "Layer": "Layer 1" }, "geometry": { "type": "LineString", "coordinates": [ [ -153.337, 9.0551 ], [ -153.315, 9.01588 ] ] } },
{ "type": "Feature", "properties": { "Layer": "Layer 1" }, "geometry": { "type": "LineString", "coordinates": [ [ -153.315, 9.01588 ], [ -153.194, 8.96241 ] ] } },
{ "type": "Feature", "properties": { "Layer": "Layer 1" }, "geometry": { "type": "LineString", "coordinates": [ [ -153.194, 8.96241 ], [ -153.052, 8.83051 ] ] } },
{ "type": "Feature", "properties": { "Layer": "Layer 1" }, "geometry": { "type": "LineString", "coordinates": [ [ -153.052, 8.83051 ], [ -152.863, 8.75921 ] ] } },
{ "type": "Feature", "properties": { "Layer": "Layer 1" }, "geometry": { "type": "LineString", "coordinates": [ [ -152.863, 8.75921 ], [ -152.763, 8.61305 ] ] } },
{ "type": "Feature", "properties": { "Layer": "Layer 1" }, "geometry": { "type": "LineString", "coordinates": [ [ -152.763, 8.61305 ], [ -152.659, 8.58809 ] ] } },
{ "type": "Feature", "properties": { "Layer": "Layer 1" }, "geometry": { "type": "LineString", "coordinates": [ [ -152.659, 8.58809 ], [ -152.046, 8.63444 ] ] } },
{ "type": "Feature", "properties": { "Layer": "Layer 1" }, "geometry": { "type": "LineString", "coordinates": [ [ -152.046, 8.63444 ], [ -151.922, 8.57383 ] ] } },
{ "type": "Feature", "properties": { "Layer": "Layer 1" }, "geometry": { "type": "LineString", "coordinates": [ [ -151.922, 8.57383 ], [ -151.658, 8.52392 ] ] } },
{ "type": "Feature", "properties": { "Layer": "Layer 1" }, "geometry": { "type": "LineString", "coordinates": [ [ -151.658, 8.52392 ], [ -151.547, 8.55244 ] ] } },
{ "type": "Feature", "properties": { "Layer": "Layer 1" }, "geometry": { "type": "LineString", "coordinates": [ [ -151.547, 8.55244 ], [ -151.533, 8.52036 ] ] } },
{ "type": "Feature", "properties": { "Layer": "Layer 1" }, "geometry": { "type": "LineString", "coordinates": [ [ -151.533, 8.52036 ], [ -151.49, 8.48828 ] ] } },
{ "type": "Feature", "properties": { "Layer": "Layer 1" }, "geometry": { "type": "LineString", "coordinates": [ [ -151.49, 8.48828 ], [ -151.508, 8.45263 ] ] } },
{ "type": "Feature", "properties": { "Layer": "Layer 1" }, "geometry": { "type": "LineString", "coordinates": [ [ -151.508, 8.45263 ], [ -151.501, 8.45263 ] ] } },
{ "type": "Feature", "properties": { "Layer": "Layer 1" }, "geometry": { "type": "LineString", "coordinates": [ [ -151.501, 8.45263 ], [ -151.465, 8.43837 ] ] } },
{ "type": "Feature", "properties": { "Layer": "Layer 1" }, "geometry": { "type": "LineString", "coordinates": [ [ -151.465, 8.43837 ], [ -151.283, 8.46332 ] ] } },
{ "type": "Feature", "properties": { "Layer": "Layer 1" }, "geometry": { "type": "LineString", "coordinates": [ [ -151.283, 8.46332 ], [ -151.365, 8.41341 ] ] } },
{ "type": "Feature", "properties": { "Layer": "Layer 1" }, "geometry": { "type": "LineString", "coordinates": [ [ -151.365, 8.41341 ], [ -151.34, 8.3742 ] ] } },
{ "type": "Feature", "properties": { "Layer": "Layer 1" }, "geometry": { "type": "LineString", "coordinates": [ [ -151.34, 8.3742 ], [ -151.38, 8.29221 ] ] } },
{ "type": "Feature", "properties": { "Layer": "Layer 1" }, "geometry": { "type": "LineString", "coordinates": [ [ -151.38, 8.29221 ], [ -151.422, 8.25299 ] ] } },
{ "type": "Feature", "properties": { "Layer": "Layer 1" }, "geometry": { "type": "LineString", "coordinates": [ [ -151.422, 8.25299 ], [ -151.383, 8.20308 ] ] } },
{ "type": "Feature", "properties": { "Layer": "Layer 1" }, "geometry": { "type": "LineString", "coordinates": [ [ -151.383, 8.20308 ], [ -151.255, 8.15674 ] ] } },
{ "type": "Feature", "properties": { "Layer": "Layer 1" }, "geometry": { "type": "LineString", "coordinates": [ [ -151.255, 8.15674 ], [ -150.923, 8.22804 ] ] } },
{ "type": "Feature", "properties": { "Layer": "Layer 1" }, "geometry": { "type": "LineString", "coordinates": [ [ -150.923, 8.22804 ], [ -150.802, 8.22804 ] ] } },
{ "type": "Feature", "properties": { "Layer": "Layer 1" }, "geometry": { "type": "LineString", "coordinates": [ [ -150.802, 8.22804 ], [ -150.56, 8.25299 ] ] } },
{ "type": "Feature", "properties": { "Layer": "Layer 1" }, "geometry": { "type": "LineString", "coordinates": [ [ -150.56, 8.25299 ], [ -150.285, 8.42054 ] ] } },
{ "type": "Feature", "properties": { "Layer": "Layer 1" }, "geometry": { "type": "LineString", "coordinates": [ [ -150.285, 8.42054 ], [ -149.89, 8.71999 ] ] } },
{ "type": "Feature", "properties": { "Layer": "Layer 1" }, "geometry": { "type": "LineString", "coordinates": [ [ -149.89, 8.71999 ], [ -149.786, 8.69148 ] ] } },
{ "type": "Feature", "properties": { "Layer": "Layer 1" }, "geometry": { "type": "LineString", "coordinates": [ [ -149.786, 8.69148 ], [ -149.647, 8.7699 ] ] } },
{ "type": "Feature", "properties": { "Layer": "Layer 1" }, "geometry": { "type": "LineString", "coordinates": [ [ -149.647, 8.7699 ], [ -149.569, 8.8519 ] ] } },
{ "type": "Feature", "properties": { "Layer": "Layer 1" }, "geometry": { "type": "LineString", "coordinates": [ [ -149.569, 8.8519 ], [ -149.433, 8.88042 ] ] } },
{ "type": "Feature", "properties": { "Layer": "Layer 1" }, "geometry": { "type": "LineString", "coordinates": [ [ -149.433, 8.88042 ], [ -149.23, 8.96241 ] ] } },
{ "type": "Feature", "properties": { "Layer": "Layer 1" }, "geometry": { "type": "LineString", "coordinates": [ [ -149.23, 8.96241 ], [ -149.095, 8.90537 ] ] } },
{ "type": "Feature", "properties": { "Layer": "Layer 1" }, "geometry": { "type": "LineString", "coordinates": [ [ -149.095, 8.90537 ], [ -148.977, 8.89111 ] ] } },
{ "type": "Feature", "properties": { "Layer": "Layer 1" }, "geometry": { "type": "LineString", "coordinates": [ [ -148.977, 8.89111 ], [ -148.813, 8.77703 ] ] } },
{ "type": "Feature", "properties": { "Layer": "Layer 1" }, "geometry": { "type": "LineString", "coordinates": [ [ -148.813, 8.77703 ], [ -148.738, 8.71287 ] ] } },
{ "type": "Feature", "properties": { "Layer": "Layer 1" }, "geometry": { "type": "LineString", "coordinates": [ [ -148.738, 8.71287 ], [ -148.592, 8.7093 ] ] } },
{ "type": "Feature", "properties": { "Layer": "Layer 1" }, "geometry": { "type": "LineString", "coordinates": [ [ -148.592, 8.7093 ], [ -148.535, 8.83764 ] ] } },
{ "type": "Feature", "properties": { "Layer": "Layer 1" }, "geometry": { "type": "LineString", "coordinates": [ [ -148.535, 8.83764 ], [ -148.296, 8.76634 ] ] } },
{ "type": "Feature", "properties": { "Layer": "Layer 1" }, "geometry": { "type": "LineString", "coordinates": [ [ -148.296, 8.76634 ], [ -148.114, 8.7093 ] ] } },
{ "type": "Feature", "properties": { "Layer": "Layer 1" }, "geometry": { "type": "LineString", "coordinates": [ [ -148.114, 8.7093 ], [ -147.579, 8.638 ] ] } },
{ "type": "Feature", "properties": { "Layer": "Layer 1" }, "geometry": { "type": "LineString", "coordinates": [ [ -147.579, 8.638 ], [ -147.455, 8.63444 ] ] } },
{ "type": "Feature", "properties": { "Layer": "Layer 1" }, "geometry": { "type": "LineString", "coordinates": [ [ -147.455, 8.63444 ], [ -147.173, 8.52036 ] ] } },
{ "type": "Feature", "properties": { "Layer": "Layer 1" }, "geometry": { "type": "LineString", "coordinates": [ [ -147.173, 8.52036 ], [ -146.956, 8.51679 ] ] } },
{ "type": "Feature", "properties": { "Layer": "Layer 1" }, "geometry": { "type": "LineString", "coordinates": [ [ -146.956, 8.51679 ], [ -146.478, 8.6487 ] ] } },
{ "type": "Feature", "properties": { "Layer": "Layer 1" }, "geometry": { "type": "LineString", "coordinates": [ [ -146.478, 8.6487 ], [ -146.325, 8.77347 ] ] } },
{ "type": "Feature", "properties": { "Layer": "Layer 1" }, "geometry": { "type": "LineString", "coordinates": [ [ -146.325, 8.77347 ], [ -145.972, 8.82338 ] ] } },
{ "type": "Feature", "properties": { "Layer": "Layer 1" }, "geometry": { "type": "LineString", "coordinates": [ [ -145.972, 8.82338 ], [ -145.886, 8.82694 ] ] } },
{ "type": "Feature", "properties": { "Layer": "Layer 1" }, "geometry": { "type": "LineString", "coordinates": [ [ -145.886, 8.82694 ], [ -145.301, 8.9232 ] ] } },
{ "type": "Feature", "properties": { "Layer": "Layer 1" }, "geometry": { "type": "LineString", "coordinates": [ [ -145.301, 8.9232 ], [ -144.902, 8.86259 ] ] } },
{ "type": "Feature", "properties": { "Layer": "Layer 1" }, "geometry": { "type": "LineString", "coordinates": [ [ -144.902, 8.86259 ], [ -144.767, 8.84477 ] ] } },
{ "type": "Feature", "properties": { "Layer": "Layer 1" }, "geometry": { "type": "LineString", "coordinates": [ [ -144.767, 8.84477 ], [ -144.556, 8.80199 ] ] } },
{ "type": "Feature", "properties": { "Layer": "Layer 1" }, "geometry": { "type": "LineString", "coordinates": [ [ -144.556, 8.80199 ], [ -144.218, 8.78773 ] ] } },
{ "type": "Feature", "properties": { "Layer": "Layer 1" }, "geometry": { "type": "LineString", "coordinates": [ [ -144.218, 8.78773 ], [ -143.868, 8.95884 ] ] } },
{ "type": "Feature", "properties": { "Layer": "Layer 1" }, "geometry": { "type": "LineString", "coordinates": [ [ -143.868, 8.95884 ], [ -143.687, 8.98736 ] ] } },
{ "type": "Feature", "properties": { "Layer": "Layer 1" }, "geometry": { "type": "LineString", "coordinates": [ [ -143.687, 8.98736 ], [ -143.594, 9.0444 ] ] } },
{ "type": "Feature", "properties": { "Layer": "Layer 1" }, "geometry": { "type": "LineString", "coordinates": [ [ -143.594, 9.0444 ], [ -142.71, 9.01232 ] ] } },
{ "type": "Feature", "properties": { "Layer": "Layer 1" }, "geometry": { "type": "LineString", "coordinates": [ [ -142.71, 9.01232 ], [ -142.631, 9.03727 ] ] } },
{ "type": "Feature", "properties": { "Layer": "Layer 1" }, "geometry": { "type": "LineString", "coordinates": [ [ -142.631, 9.03727 ], [ -142.46, 9.01232 ] ] } },
{ "type": "Feature", "properties": { "Layer": "Layer 1" }, "geometry": { "type": "LineString", "coordinates": [ [ -142.46, 9.01232 ], [ -142.403, 9.03727 ] ] } },
{ "type": "Feature", "properties": { "Layer": "Layer 1" }, "geometry": { "type": "LineString", "coordinates": [ [ -142.403, 9.03727 ], [ -142.072, 8.80199 ] ] } },
{ "type": "Feature", "properties": { "Layer": "Layer 1" }, "geometry": { "type": "LineString", "coordinates": [ [ -142.072, 8.80199 ], [ -142.025, 8.80199 ] ] } },
{ "type": "Feature", "properties": { "Layer": "Layer 1" }, "geometry": { "type": "LineString", "coordinates": [ [ -142.025, 8.80199 ], [ -141.729, 8.64157 ] ] } },
{ "type": "Feature", "properties": { "Layer": "Layer 1" }, "geometry": { "type": "LineString", "coordinates": [ [ -141.729, 8.64157 ], [ -141.387, 8.58096 ] ] } },
{ "type": "Feature", "properties": { "Layer": "Layer 1" }, "geometry": { "type": "LineString", "coordinates": [ [ -141.387, 8.58096 ], [ -141.17, 8.65939 ] ] } },
{ "type": "Feature", "properties": { "Layer": "Layer 1" }, "geometry": { "type": "LineString", "coordinates": [ [ -141.17, 8.65939 ], [ -140.806, 8.79486 ] ] } },
{ "type": "Feature", "properties": { "Layer": "Layer 1" }, "geometry": { "type": "LineString", "coordinates": [ [ -140.806, 8.79486 ], [ -140.664, 8.80912 ] ] } },
{ "type": "Feature", "properties": { "Layer": "Layer 1" }, "geometry": { "type": "LineString", "coordinates": [ [ -140.664, 8.80912 ], [ -140.589, 8.85546 ] ] } },
{ "type": "Feature", "properties": { "Layer": "Layer 1" }, "geometry": { "type": "LineString", "coordinates": [ [ -140.589, 8.85546 ], [ -140.268, 8.88398 ] ] } },
{ "type": "Feature", "properties": { "Layer": "Layer 1" }, "geometry": { "type": "LineString", "coordinates": [ [ -140.268, 8.88398 ], [ -139.69, 9.04797 ] ] } },
{ "type": "Feature", "properties": { "Layer": "Layer 1" }, "geometry": { "type": "LineString", "coordinates": [ [ -139.69, 9.04797 ], [ -139.626, 9.05153 ] ] } },
{ "type": "Feature", "properties": { "Layer": "Layer 1" }, "geometry": { "type": "LineString", "coordinates": [ [ -139.626, 9.05153 ], [ -139.501, 9.04084 ] ] } },
{ "type": "Feature", "properties": { "Layer": "Layer 1" }, "geometry": { "type": "LineString", "coordinates": [ [ -139.501, 9.04084 ], [ -139.448, 9.08362 ] ] } },
{ "type": "Feature", "properties": { "Layer": "Layer 1" }, "geometry": { "type": "LineString", "coordinates": [ [ -139.448, 9.08362 ], [ -139.412, 9.02658 ] ] } },
{ "type": "Feature", "properties": { "Layer": "Layer 1" }, "geometry": { "type": "LineString", "coordinates": [ [ -139.412, 9.02658 ], [ -139.427, 8.96954 ] ] } },
{ "type": "Feature", "properties": { "Layer": "Layer 1" }, "geometry": { "type": "LineString", "coordinates": [ [ -139.427, 8.96954 ], [ -139.43, 8.95528 ] ] } },
{ "type": "Feature", "properties": { "Layer": "Layer 1" }, "geometry": { "type": "LineString", "coordinates": [ [ -139.43, 8.95528 ], [ -139.298, 8.93389 ] ] } },
{ "type": "Feature", "properties": { "Layer": "Layer 1" }, "geometry": { "type": "LineString", "coordinates": [ [ -139.298, 8.93389 ], [ -138.86, 8.99093 ] ] } },
{ "type": "Feature", "properties": { "Layer": "Layer 1" }, "geometry": { "type": "LineString", "coordinates": [ [ -138.86, 8.99093 ], [ -138.592, 8.76277 ] ] } },
{ "type": "Feature", "properties": { "Layer": "Layer 1" }, "geometry": { "type": "LineString", "coordinates": [ [ -138.592, 8.76277 ], [ -138.56, 8.7093 ] ] } },
{ "type": "Feature", "properties": { "Layer": "Layer 1" }, "geometry": { "type": "LineString", "coordinates": [ [ -138.56, 8.7093 ], [ -138.464, 8.70217 ] ] } },
{ "type": "Feature", "properties": { "Layer": "Layer 1" }, "geometry": { "type": "LineString", "coordinates": [ [ -138.464, 8.70217 ], [ -138.346, 8.75921 ] ] } },
{ "type": "Feature", "properties": { "Layer": "Layer 1" }, "geometry": { "type": "LineString", "coordinates": [ [ -138.346, 8.75921 ], [ -138.304, 8.81981 ] ] } },
{ "type": "Feature", "properties": { "Layer": "Layer 1" }, "geometry": { "type": "LineString", "coordinates": [ [ -138.304, 8.81981 ], [ -138.086, 8.68791 ] ] } },
{ "type": "Feature", "properties": { "Layer": "Layer 1" }, "geometry": { "type": "LineString", "coordinates": [ [ -138.086, 8.68791 ], [ -138.033, 8.62374 ] ] } },
{ "type": "Feature", "properties": { "Layer": "Layer 1" }, "geometry": { "type": "LineString", "coordinates": [ [ -138.033, 8.62374 ], [ -137.947, 8.57383 ] ] } },
{ "type": "Feature", "properties": { "Layer": "Layer 1" }, "geometry": { "type": "LineString", "coordinates": [ [ -137.947, 8.57383 ], [ -137.744, 8.61305 ] ] } },
{ "type": "Feature", "properties": { "Layer": "Layer 1" }, "geometry": { "type": "LineString", "coordinates": [ [ -137.744, 8.61305 ], [ -137.708, 8.59522 ] ] } },
{ "type": "Feature", "properties": { "Layer": "Layer 1" }, "geometry": { "type": "LineString", "coordinates": [ [ -137.708, 8.59522 ], [ -137.683, 8.54175 ] ] } },
{ "type": "Feature", "properties": { "Layer": "Layer 1" }, "geometry": { "type": "LineString", "coordinates": [ [ -137.683, 8.54175 ], [ -137.612, 8.49541 ] ] } },
{ "type": "Feature", "properties": { "Layer": "Layer 1" }, "geometry": { "type": "LineString", "coordinates": [ [ -137.612, 8.49541 ], [ -137.591, 8.52749 ] ] } },
{ "type": "Feature", "properties": { "Layer": "Layer 1" }, "geometry": { "type": "LineString", "coordinates": [ [ -137.591, 8.52749 ], [ -137.523, 8.47045 ] ] } },
{ "type": "Feature", "properties": { "Layer": "Layer 1" }, "geometry": { "type": "LineString", "coordinates": [ [ -137.523, 8.47045 ], [ -137.477, 8.46332 ] ] } },
{ "type": "Feature", "properties": { "Layer": "Layer 1" }, "geometry": { "type": "LineString", "coordinates": [ [ -137.477, 8.46332 ], [ -137.366, 8.60235 ] ] } },
{ "type": "Feature", "properties": { "Layer": "Layer 1" }, "geometry": { "type": "LineString", "coordinates": [ [ -137.366, 8.60235 ], [ -137.255, 8.8519 ] ] } },
{ "type": "Feature", "properties": { "Layer": "Layer 1" }, "geometry": { "type": "LineString", "coordinates": [ [ -137.255, 8.8519 ], [ -137.206, 8.87685 ] ] } },
{ "type": "Feature", "properties": { "Layer": "Layer 1" }, "geometry": { "type": "LineString", "coordinates": [ [ -137.206, 8.87685 ], [ -137.106, 8.83051 ] ] } },
{ "type": "Feature", "properties": { "Layer": "Layer 1" }, "geometry": { "type": "LineString", "coordinates": [ [ -137.106, 8.83051 ], [ -137.002, 8.73425 ] ] } },
{ "type": "Feature", "properties": { "Layer": "Layer 1" }, "geometry": { "type": "LineString", "coordinates": [ [ -137.002, 8.73425 ], [ -136.981, 9.09788 ] ] } },
{ "type": "Feature", "properties": { "Layer": "Layer 1" }, "geometry": { "type": "LineString", "coordinates": [ [ -136.981, 9.09788 ], [ -136.903, 9.13352 ] ] } },
{ "type": "Feature", "properties": { "Layer": "Layer 1" }, "geometry": { "type": "LineString", "coordinates": [ [ -136.903, 9.13352 ], [ -136.739, 9.12996 ] ] } },
{ "type": "Feature", "properties": { "Layer": "Layer 1" }, "geometry": { "type": "LineString", "coordinates": [ [ -136.739, 9.12996 ], [ -136.674, 9.14422 ] ] } },
{ "type": "Feature", "properties": { "Layer": "Layer 1" }, "geometry": { "type": "LineString", "coordinates": [ [ -136.674, 9.14422 ], [ -136.567, 9.09431 ] ] } },
{ "type": "Feature", "properties": { "Layer": "Layer 1" }, "geometry": { "type": "LineString", "coordinates": [ [ -136.567, 9.09431 ], [ -136.432, 8.94815 ] ] } },
{ "type": "Feature", "properties": { "Layer": "Layer 1" }, "geometry": { "type": "LineString", "coordinates": [ [ -136.432, 8.94815 ], [ -136.361, 9.06936 ] ] } },
{ "type": "Feature", "properties": { "Layer": "Layer 1" }, "geometry": { "type": "LineString", "coordinates": [ [ -136.361, 9.06936 ], [ -136.147, 9.00875 ] ] } },
{ "type": "Feature", "properties": { "Layer": "Layer 1" }, "geometry": { "type": "LineString", "coordinates": [ [ -136.147, 9.00875 ], [ -135.972, 9.11927 ] ] } },
{ "type": "Feature", "properties": { "Layer": "Layer 1" }, "geometry": { "type": "LineString", "coordinates": [ [ -135.972, 9.11927 ], [ -135.854, 9.05153 ] ] } },
{ "type": "Feature", "properties": { "Layer": "Layer 1" }, "geometry": { "type": "LineString", "coordinates": [ [ -135.854, 9.05153 ], [ -135.769, 8.97667 ] ] } },
{ "type": "Feature", "properties": { "Layer": "Layer 1" }, "geometry": { "type": "LineString", "coordinates": [ [ -135.769, 8.97667 ], [ -135.737, 8.83051 ] ] } },
{ "type": "Feature", "properties": { "Layer": "Layer 1" }, "geometry": { "type": "LineString", "coordinates": [ [ -135.737, 8.83051 ], [ -135.708, 8.51323 ] ] } },
{ "type": "Feature", "properties": { "Layer": "Layer 1" }, "geometry": { "type": "LineString", "coordinates": [ [ -135.708, 8.51323 ], [ -135.562, 8.26369 ] ] } },
{ "type": "Feature", "properties": { "Layer": "Layer 1" }, "geometry": { "type": "LineString", "coordinates": [ [ -135.562, 8.26369 ], [ -135.537, 8.08544 ] ] } },
{ "type": "Feature", "properties": { "Layer": "Layer 1" }, "geometry": { "type": "LineString", "coordinates": [ [ -135.537, 8.08544 ], [ -135.53, 7.96423 ] ] } },
{ "type": "Feature", "properties": { "Layer": "Layer 1" }, "geometry": { "type": "LineString", "coordinates": [ [ -135.53, 7.96423 ], [ -135.584, 7.81094 ] ] } },
{ "type": "Feature", "properties": { "Layer": "Layer 1" }, "geometry": { "type": "LineString", "coordinates": [ [ -135.584, 7.81094 ], [ -135.726, 7.50079 ] ] } },
{ "type": "Feature", "properties": { "Layer": "Layer 1" }, "geometry": { "type": "LineString", "coordinates": [ [ -135.726, 7.50079 ], [ -135.715, 7.43306 ] ] } },
{ "type": "Feature", "properties": { "Layer": "Layer 1" }, "geometry": { "type": "LineString", "coordinates": [ [ -135.715, 7.43306 ], [ -135.359, 6.79494 ] ] } },
{ "type": "Feature", "properties": { "Layer": "Layer 1" }, "geometry": { "type": "LineString", "coordinates": [ [ -135.359, 6.79494 ], [ -135.352, 6.77712 ] ] } },
{ "type": "Feature", "properties": { "Layer": "Layer 1" }, "geometry": { "type": "LineString", "coordinates": [ [ -135.352, 6.77712 ], [ -135.327, 6.75573 ] ] } },
{ "type": "Feature", "properties": { "Layer": "Layer 1" }, "geometry": { "type": "LineString", "coordinates": [ [ -135.327, 6.75573 ], [ -135.334, 6.80207 ] ] } },
{ "type": "Feature", "properties": { "Layer": "Layer 1" }, "geometry": { "type": "LineString", "coordinates": [ [ -135.334, 6.80207 ], [ -135.42, 6.99458 ] ] } },
{ "type": "Feature", "properties": { "Layer": "Layer 1" }, "geometry": { "type": "LineString", "coordinates": [ [ -135.42, 6.99458 ], [ -135.441, 7.00171 ] ] } },
{ "type": "Feature", "properties": { "Layer": "Layer 1" }, "geometry": { "type": "LineString", "coordinates": [ [ -135.441, 7.00171 ], [ -135.441, 7.0124 ] ] } },
{ "type": "Feature", "properties": { "Layer": "Layer 1" }, "geometry": { "type": "LineString", "coordinates": [ [ -135.441, 7.0124 ], [ -135.352, 7.15856 ] ] } },
{ "type": "Feature", "properties": { "Layer": "Layer 1" }, "geometry": { "type": "LineString", "coordinates": [ [ -135.352, 7.15856 ], [ -135.206, 7.37959 ] ] } },
{ "type": "Feature", "properties": { "Layer": "Layer 1" }, "geometry": { "type": "LineString", "coordinates": [ [ -135.206, 7.37959 ], [ -135.031, 7.52931 ] ] } },
{ "type": "Feature", "properties": { "Layer": "Layer 1" }, "geometry": { "type": "LineString", "coordinates": [ [ -135.031, 7.52931 ], [ -134.425, 7.92858 ] ] } },
{ "type": "Feature", "properties": { "Layer": "Layer 1" }, "geometry": { "type": "LineString", "coordinates": [ [ -134.425, 7.92858 ], [ -133.762, 8.53105 ] ] } },
{ "type": "Feature", "properties": { "Layer": "Layer 1" }, "geometry": { "type": "LineString", "coordinates": [ [ -133.762, 8.53105 ], [ -134.125, 9.02658 ] ] } },
{ "type": "Feature", "properties": { "Layer": "Layer 1" }, "geometry": { "type": "LineString", "coordinates": [ [ -134.125, 9.02658 ], [ -134.068, 9.00162 ] ] } },
{ "type": "Feature", "properties": { "Layer": "Layer 1" }, "geometry": { "type": "LineString", "coordinates": [ [ -134.068, 9.00162 ], [ -133.919, 9.00519 ] ] } },
{ "type": "Feature", "properties": { "Layer": "Layer 1" }, "geometry": { "type": "LineString", "coordinates": [ [ -133.919, 9.00519 ], [ -133.669, 8.91963 ] ] } },
{ "type": "Feature", "properties": { "Layer": "Layer 1" }, "geometry": { "type": "LineString", "coordinates": [ [ -133.669, 8.91963 ], [ -133.509, 8.86616 ] ] } },
{ "type": "Feature", "properties": { "Layer": "Layer 1" }, "geometry": { "type": "LineString", "coordinates": [ [ -133.509, 8.86616 ], [ -133.298, 9.00875 ] ] } },
{ "type": "Feature", "properties": { "Layer": "Layer 1" }, "geometry": { "type": "LineString", "coordinates": [ [ -133.298, 9.00875 ], [ -133.202, 9.14778 ] ] } },
{ "type": "Feature", "properties": { "Layer": "Layer 1" }, "geometry": { "type": "LineString", "coordinates": [ [ -133.202, 9.14778 ], [ -132.981, 9.23691 ] ] } },
{ "type": "Feature", "properties": { "Layer": "Layer 1" }, "geometry": { "type": "LineString", "coordinates": [ [ -132.981, 9.23691 ], [ -132.86, 9.34385 ] ] } },
{ "type": "Feature", "properties": { "Layer": "Layer 1" }, "geometry": { "type": "LineString", "coordinates": [ [ -132.86, 9.34385 ], [ -132.596, 9.4508 ] ] } },
{ "type": "Feature", "properties": { "Layer": "Layer 1" }, "geometry": { "type": "LineString", "coordinates": [ [ -132.596, 9.4508 ], [ -132.461, 9.51854 ] ] } },
{ "type": "Feature", "properties": { "Layer": "Layer 1" }, "geometry": { "type": "LineString", "coordinates": [ [ -132.461, 9.51854 ], [ -132.186, 9.58627 ] ] } },
{ "type": "Feature", "properties": { "Layer": "Layer 1" }, "geometry": { "type": "LineString", "coordinates": [ [ -132.186, 9.58627 ], [ -132.04, 9.54705 ] ] } },
{ "type": "Feature", "properties": { "Layer": "Layer 1" }, "geometry": { "type": "LineString", "coordinates": [ [ -132.04, 9.54705 ], [ -131.762, 9.57914 ] ] } },
{ "type": "Feature", "properties": { "Layer": "Layer 1" }, "geometry": { "type": "LineString", "coordinates": [ [ -131.762, 9.57914 ], [ -131.562, 9.49358 ] ] } },
{ "type": "Feature", "properties": { "Layer": "Layer 1" }, "geometry": { "type": "LineString", "coordinates": [ [ -131.562, 9.49358 ], [ -130.215, 9.42585 ] ] } },
{ "type": "Feature", "properties": { "Layer": "Layer 1" }, "geometry": { "type": "LineString", "coordinates": [ [ -130.215, 9.42585 ], [ -129.887, 9.47576 ] ] } },
{ "type": "Feature", "properties": { "Layer": "Layer 1" }, "geometry": { "type": "LineString", "coordinates": [ [ -129.887, 9.47576 ], [ -129.48, 9.55062 ] ] } },
{ "type": "Feature", "properties": { "Layer": "Layer 1" }, "geometry": { "type": "LineString", "coordinates": [ [ -129.48, 9.55062 ], [ -129.341, 9.55418 ] ] } },
{ "type": "Feature", "properties": { "Layer": "Layer 1" }, "geometry": { "type": "LineString", "coordinates": [ [ -129.341, 9.55418 ], [ -129.284, 9.53993 ] ] } },
{ "type": "Feature", "properties": { "Layer": "Layer 1" }, "geometry": { "type": "LineString", "coordinates": [ [ -129.284, 9.53993 ], [ -129.031, 9.56131 ] ] } },
{ "type": "Feature", "properties": { "Layer": "Layer 1" }, "geometry": { "type": "LineString", "coordinates": [ [ -129.031, 9.56131 ], [ -129.01, 9.63618 ] ] } },
{ "type": "Feature", "properties": { "Layer": "Layer 1" }, "geometry": { "type": "LineString", "coordinates": [ [ -129.01, 9.63618 ], [ -128.892, 9.66826 ] ] } },
{ "type": "Feature", "properties": { "Layer": "Layer 1" }, "geometry": { "type": "LineString", "coordinates": [ [ -128.892, 9.66826 ], [ -128.554, 9.5221 ] ] } },
{ "type": "Feature", "properties": { "Layer": "Layer 1" }, "geometry": { "type": "LineString", "coordinates": [ [ -128.554, 9.5221 ], [ -128.482, 9.4615 ] ] } },
{ "type": "Feature", "properties": { "Layer": "Layer 1" }, "geometry": { "type": "LineString", "coordinates": [ [ -128.482, 9.4615 ], [ -128.397, 9.51497 ] ] } },
{ "type": "Feature", "properties": { "Layer": "Layer 1" }, "geometry": { "type": "LineString", "coordinates": [ [ -128.397, 9.51497 ], [ -128.311, 9.5221 ] ] } },
{ "type": "Feature", "properties": { "Layer": "Layer 1" }, "geometry": { "type": "LineString", "coordinates": [ [ -128.311, 9.5221 ], [ -128.172, 9.57914 ] ] } },
{ "type": "Feature", "properties": { "Layer": "Layer 1" }, "geometry": { "type": "LineString", "coordinates": [ [ -128.172, 9.57914 ], [ -127.841, 9.74669 ] ] } },
{ "type": "Feature", "properties": { "Layer": "Layer 1" }, "geometry": { "type": "LineString", "coordinates": [ [ -127.841, 9.74669 ], [ -127.669, 9.90711 ] ] } },
{ "type": "Feature", "properties": { "Layer": "Layer 1" }, "geometry": { "type": "LineString", "coordinates": [ [ -127.669, 9.90711 ], [ -127.434, 10.0461 ] ] } },
{ "type": "Feature", "properties": { "Layer": "Layer 1" }, "geometry": { "type": "LineString", "coordinates": [ [ -127.434, 10.0461 ], [ -127.299, 10.0497 ] ] } },
{ "type": "Feature", "properties": { "Layer": "Layer 1" }, "geometry": { "type": "LineString", "coordinates": [ [ -127.299, 10.0497 ], [ -126.935, 10.1602 ] ] } },
{ "type": "Feature", "properties": { "Layer": "Layer 1" }, "geometry": { "type": "LineString", "coordinates": [ [ -126.935, 10.1602 ], [ -126.821, 10.1745 ] ] } },
{ "type": "Feature", "properties": { "Layer": "Layer 1" }, "geometry": { "type": "LineString", "coordinates": [ [ -126.821, 10.1745 ], [ -126.746, 10.3206 ] ] } },
{ "type": "Feature", "properties": { "Layer": "Layer 1" }, "geometry": { "type": "LineString", "coordinates": [ [ -126.746, 10.3206 ], [ -126.479, 10.424 ] ] } },
{ "type": "Feature", "properties": { "Layer": "Layer 1" }, "geometry": { "type": "LineString", "coordinates": [ [ -126.479, 10.424 ], [ -126.3, 10.4133 ] ] } },
{ "type": "Feature", "properties": { "Layer": "Layer 1" }, "geometry": { "type": "LineString", "coordinates": [ [ -126.3, 10.4133 ], [ -126.126, 10.3349 ] ] } },
{ "type": "Feature", "properties": { "Layer": "Layer 1" }, "geometry": { "type": "LineString", "coordinates": [ [ -126.126, 10.3349 ], [ -125.987, 10.2672 ] ] } },
{ "type": "Feature", "properties": { "Layer": "Layer 1" }, "geometry": { "type": "LineString", "coordinates": [ [ -125.987, 10.2672 ], [ -125.862, 10.2565 ] ] } },
{ "type": "Feature", "properties": { "Layer": "Layer 1" }, "geometry": { "type": "LineString", "coordinates": [ [ -125.862, 10.2565 ], [ -125.873, 10.3099 ] ] } },
{ "type": "Feature", "properties": { "Layer": "Layer 1" }, "geometry": { "type": "LineString", "coordinates": [ [ -125.873, 10.3099 ], [ -125.78, 10.3064 ] ] } },
{ "type": "Feature", "properties": { "Layer": "Layer 1" }, "geometry": { "type": "LineString", "coordinates": [ [ -125.78, 10.3064 ], [ -125.513, 10.1531 ] ] } },
{ "type": "Feature", "properties": { "Layer": "Layer 1" }, "geometry": { "type": "LineString", "coordinates": [ [ -125.513, 10.1531 ], [ -125.413, 10.0747 ] ] } },
{ "type": "Feature", "properties": { "Layer": "Layer 1" }, "geometry": { "type": "LineString", "coordinates": [ [ -125.413, 10.0747 ], [ -125.22, 10.0212 ] ] } },
{ "type": "Feature", "properties": { "Layer": "Layer 1" }, "geometry": { "type": "LineString", "coordinates": [ [ -125.22, 10.0212 ], [ -125.063, 10.0141 ] ] } },
{ "type": "Feature", "properties": { "Layer": "Layer 1" }, "geometry": { "type": "LineString", "coordinates": [ [ -125.063, 10.0141 ], [ -124.914, 10.121 ] ] } },
{ "type": "Feature", "properties": { "Layer": "Layer 1" }, "geometry": { "type": "LineString", "coordinates": [ [ -124.914, 10.121 ], [ -124.711, 10.0996 ] ] } },
{ "type": "Feature", "properties": { "Layer": "Layer 1" }, "geometry": { "type": "LineString", "coordinates": [ [ -124.711, 10.0996 ], [ -124.447, 10.0461 ] ] } },
{ "type": "Feature", "properties": { "Layer": "Layer 1" }, "geometry": { "type": "LineString", "coordinates": [ [ -124.447, 10.0461 ], [ -124.24, 10.0889 ] ] } },
{ "type": "Feature", "properties": { "Layer": "Layer 1" }, "geometry": { "type": "LineString", "coordinates": [ [ -124.24, 10.0889 ], [ -124.154, 10.0818 ] ] } },
{ "type": "Feature", "properties": { "Layer": "Layer 1" }, "geometry": { "type": "LineString", "coordinates": [ [ -124.154, 10.0818 ], [ -124.094, 10.1317 ] ] } },
{ "type": "Feature", "properties": { "Layer": "Layer 1" }, "geometry": { "type": "LineString", "coordinates": [ [ -124.094, 10.1317 ], [ -123.933, 10.228 ] ] } },
{ "type": "Feature", "properties": { "Layer": "Layer 1" }, "geometry": { "type": "LineString", "coordinates": [ [ -123.933, 10.228 ], [ -123.645, 10.531 ] ] } },
{ "type": "Feature", "properties": { "Layer": "Layer 1" }, "geometry": { "type": "LineString", "coordinates": [ [ -123.645, 10.531 ], [ -123.566, 10.5238 ] ] } },
{ "type": "Feature", "properties": { "Layer": "Layer 1" }, "geometry": { "type": "LineString", "coordinates": [ [ -123.566, 10.5238 ], [ -123.474, 10.5131 ] ] } },
{ "type": "Feature", "properties": { "Layer": "Layer 1" }, "geometry": { "type": "LineString", "coordinates": [ [ -123.474, 10.5131 ], [ -123.113, 10.645 ] ] } },
{ "type": "Feature", "properties": { "Layer": "Layer 1" }, "geometry": { "type": "LineString", "coordinates": [ [ -123.113, 10.645 ], [ -123.046, 10.6522 ] ] } },
{ "type": "Feature", "properties": { "Layer": "Layer 1" }, "geometry": { "type": "LineString", "coordinates": [ [ -123.046, 10.6522 ], [ -122.689, 10.7413 ] ] } },
{ "type": "Feature", "properties": { "Layer": "Layer 1" }, "geometry": { "type": "LineString", "coordinates": [ [ -122.689, 10.7413 ], [ -122.29, 10.7912 ] ] } },
{ "type": "Feature", "properties": { "Layer": "Layer 1" }, "geometry": { "type": "LineString", "coordinates": [ [ -122.29, 10.7912 ], [ -121.606, 10.7092 ] ] } },
{ "type": "Feature", "properties": { "Layer": "Layer 1" }, "geometry": { "type": "LineString", "coordinates": [ [ -121.606, 10.7092 ], [ -121.481, 10.6878 ] ] } },
{ "type": "Feature", "properties": { "Layer": "Layer 1" }, "geometry": { "type": "LineString", "coordinates": [ [ -121.481, 10.6878 ], [ -121.174, 10.7591 ] ] } },
{ "type": "Feature", "properties": { "Layer": "Layer 1" }, "geometry": { "type": "LineString", "coordinates": [ [ -121.174, 10.7591 ], [ -120.479, 11.2119 ] ] } },
{ "type": "Feature", "properties": { "Layer": "Layer 1" }, "geometry": { "type": "LineString", "coordinates": [ [ -120.479, 11.2119 ], [ -120.372, 11.2404 ] ] } },
{ "type": "Feature", "properties": { "Layer": "Layer 1" }, "geometry": { "type": "LineString", "coordinates": [ [ -120.372, 11.2404 ], [ -120.048, 11.2689 ] ] } },
{ "type": "Feature", "properties": { "Layer": "Layer 1" }, "geometry": { "type": "LineString", "coordinates": [ [ -120.048, 11.2689 ], [ -119.716, 11.2475 ] ] } },
{ "type": "Feature", "properties": { "Layer": "Layer 1" }, "geometry": { "type": "LineString", "coordinates": [ [ -119.716, 11.2475 ], [ -119.666, 11.2012 ] ] } },
{ "type": "Feature", "properties": { "Layer": "Layer 1" }, "geometry": { "type": "LineString", "coordinates": [ [ -119.666, 11.2012 ], [ -119.452, 11.2226 ] ] } },
{ "type": "Feature", "properties": { "Layer": "Layer 1" }, "geometry": { "type": "LineString", "coordinates": [ [ -119.452, 11.2226 ], [ -119.349, 11.3081 ] ] } },
{ "type": "Feature", "properties": { "Layer": "Layer 1" }, "geometry": { "type": "LineString", "coordinates": [ [ -119.349, 11.3081 ], [ -119.238, 11.3046 ] ] } },
{ "type": "Feature", "properties": { "Layer": "Layer 1" }, "geometry": { "type": "LineString", "coordinates": [ [ -119.238, 11.3046 ], [ -119.128, 11.3652 ] ] } },
{ "type": "Feature", "properties": { "Layer": "Layer 1" }, "geometry": { "type": "LineString", "coordinates": [ [ -119.128, 11.3652 ], [ -118.943, 11.3687 ] ] } },
{ "type": "Feature", "properties": { "Layer": "Layer 1" }, "geometry": { "type": "LineString", "coordinates": [ [ -118.943, 11.3687 ], [ -118.832, 11.3794 ] ] } },
{ "type": "Feature", "properties": { "Layer": "Layer 1" }, "geometry": { "type": "LineString", "coordinates": [ [ -118.832, 11.3794 ], [ -118.793, 11.4079 ] ] } },
{ "type": "Feature", "properties": { "Layer": "Layer 1" }, "geometry": { "type": "LineString", "coordinates": [ [ -118.793, 11.4079 ], [ -118.828, 11.4436 ] ] } },
{ "type": "Feature", "properties": { "Layer": "Layer 1" }, "geometry": { "type": "LineString", "coordinates": [ [ -118.828, 11.4436 ], [ -118.793, 11.4151 ] ] } },
{ "type": "Feature", "properties": { "Layer": "Layer 1" }, "geometry": { "type": "LineString", "coordinates": [ [ -118.793, 11.4151 ], [ -118.525, 11.5327 ] ] } },
{ "type": "Feature", "properties": { "Layer": "Layer 1" }, "geometry": { "type": "LineString", "coordinates": [ [ -118.525, 11.5327 ], [ -118.401, 11.6076 ] ] } },
{ "type": "Feature", "properties": { "Layer": "Layer 1" }, "geometry": { "type": "LineString", "coordinates": [ [ -118.401, 11.6076 ], [ -117.727, 11.7288 ] ] } },
{ "type": "Feature", "properties": { "Layer": "Layer 1" }, "geometry": { "type": "LineString", "coordinates": [ [ -117.727, 11.7288 ], [ -117.499, 11.907 ] ] } },
{ "type": "Feature", "properties": { "Layer": "Layer 1" }, "geometry": { "type": "LineString", "coordinates": [ [ -117.499, 11.907 ], [ -117.363, 11.9855 ] ] } },
{ "type": "Feature", "properties": { "Layer": "Layer 1" }, "geometry": { "type": "LineString", "coordinates": [ [ -117.363, 11.9855 ], [ -116.946, 12.1102 ] ] } },
{ "type": "Feature", "properties": { "Layer": "Layer 1" }, "geometry": { "type": "LineString", "coordinates": [ [ -116.946, 12.1102 ], [ -116.697, 12.0247 ] ] } },
{ "type": "Feature", "properties": { "Layer": "Layer 1" }, "geometry": { "type": "LineString", "coordinates": [ [ -116.697, 12.0247 ], [ -116.59, 11.9712 ] ] } },
{ "type": "Feature", "properties": { "Layer": "Layer 1" }, "geometry": { "type": "LineString", "coordinates": [ [ -116.59, 11.9712 ], [ -116.383, 11.9855 ] ] } },
{ "type": "Feature", "properties": { "Layer": "Layer 1" }, "geometry": { "type": "LineString", "coordinates": [ [ -116.383, 11.9855 ], [ -116.24, 12.096 ] ] } },
{ "type": "Feature", "properties": { "Layer": "Layer 1" }, "geometry": { "type": "LineString", "coordinates": [ [ -116.24, 12.096 ], [ -115.994, 12.2706 ] ] } },
{ "type": "Feature", "properties": { "Layer": "Layer 1" }, "geometry": { "type": "LineString", "coordinates": [ [ -115.994, 12.2706 ], [ -115.852, 12.2778 ] ] } },
{ "type": "Feature", "properties": { "Layer": "Layer 1" }, "geometry": { "type": "LineString", "coordinates": [ [ -115.852, 12.2778 ], [ -115.502, 12.2279 ] ] } },
{ "type": "Feature", "properties": { "Layer": "Layer 1" }, "geometry": { "type": "LineString", "coordinates": [ [ -115.502, 12.2279 ], [ -115.018, 12.3384 ] ] } },
{ "type": "Feature", "properties": { "Layer": "Layer 1" }, "geometry": { "type": "LineString", "coordinates": [ [ -115.018, 12.3384 ], [ -114.961, 12.3954 ] ] } },
{ "type": "Feature", "properties": { "Layer": "Layer 1" }, "geometry": { "type": "LineString", "coordinates": [ [ -114.961, 12.3954 ], [ -114.672, 12.5131 ] ] } },
{ "type": "Feature", "properties": { "Layer": "Layer 1" }, "geometry": { "type": "LineString", "coordinates": [ [ -114.672, 12.5131 ], [ -114.65, 12.6735 ] ] } },
{ "type": "Feature", "properties": { "Layer": "Layer 1" }, "geometry": { "type": "LineString", "coordinates": [ [ -114.65, 12.6735 ], [ -114.344, 12.8874 ] ] } },
{ "type": "Feature", "properties": { "Layer": "Layer 1" }, "geometry": { "type": "LineString", "coordinates": [ [ -114.344, 12.8874 ], [ -114.212, 12.9123 ] ] } },
{ "type": "Feature", "properties": { "Layer": "Layer 1" }, "geometry": { "type": "LineString", "coordinates": [ [ -114.212, 12.9123 ], [ -113.485, 13.1155 ] ] } },
{ "type": "Feature", "properties": { "Layer": "Layer 1" }, "geometry": { "type": "LineString", "coordinates": [ [ -113.485, 13.1155 ], [ -113.492, 13.1547 ] ] } },
{ "type": "Feature", "properties": { "Layer": "Layer 1" }, "geometry": { "type": "LineString", "coordinates": [ [ -113.492, 13.1547 ], [ -113.549, 13.2403 ] ] } },
{ "type": "Feature", "properties": { "Layer": "Layer 1" }, "geometry": { "type": "LineString", "coordinates": [ [ -113.549, 13.2403 ], [ -113.531, 13.3009 ] ] } },
{ "type": "Feature", "properties": { "Layer": "Layer 1" }, "geometry": { "type": "LineString", "coordinates": [ [ -113.531, 13.3009 ], [ -113.502, 13.3259 ] ] } },
{ "type": "Feature", "properties": { "Layer": "Layer 1" }, "geometry": { "type": "LineString", "coordinates": [ [ -113.502, 13.3259 ], [ -112.971, 13.5041 ] ] } },
{ "type": "Feature", "properties": { "Layer": "Layer 1" }, "geometry": { "type": "LineString", "coordinates": [ [ -112.971, 13.5041 ], [ -112.789, 13.6324 ] ] } },
{ "type": "Feature", "properties": { "Layer": "Layer 1" }, "geometry": { "type": "LineString", "coordinates": [ [ -112.789, 13.6324 ], [ -112.191, 13.857 ] ] } },
{ "type": "Feature", "properties": { "Layer": "Layer 1" }, "geometry": { "type": "LineString", "coordinates": [ [ -112.191, 13.857 ], [ -111.741, 14.2634 ] ] } },
{ "type": "Feature", "properties": { "Layer": "Layer 1" }, "geometry": { "type": "LineString", "coordinates": [ [ -111.741, 14.2634 ], [ -111.506, 14.3704 ] ] } },
{ "type": "Feature", "properties": { "Layer": "Layer 1" }, "geometry": { "type": "LineString", "coordinates": [ [ -111.506, 14.3704 ], [ -111.335, 14.3347 ] ] } },
{ "type": "Feature", "properties": { "Layer": "Layer 1" }, "geometry": { "type": "LineString", "coordinates": [ [ -111.335, 14.3347 ], [ -111.2, 14.4346 ] ] } },
{ "type": "Feature", "properties": { "Layer": "Layer 1" }, "geometry": { "type": "LineString", "coordinates": [ [ -111.2, 14.4346 ], [ -110.765, 14.6805 ] ] } },
{ "type": "Feature", "properties": { "Layer": "Layer 1" }, "geometry": { "type": "LineString", "coordinates": [ [ -110.765, 14.6805 ], [ -110.626, 14.7233 ] ] } },
{ "type": "Feature", "properties": { "Layer": "Layer 1" }, "geometry": { "type": "LineString", "coordinates": [ [ -110.626, 14.7233 ], [ -110.54, 14.6948 ] ] } },
{ "type": "Feature", "properties": { "Layer": "Layer 1" }, "geometry": { "type": "LineString", "coordinates": [ [ -110.54, 14.6948 ], [ -110.166, 14.6912 ] ] } },
{ "type": "Feature", "properties": { "Layer": "Layer 1" }, "geometry": { "type": "LineString", "coordinates": [ [ -110.166, 14.6912 ], [ -110.002, 14.5807 ] ] } },
{ "type": "Feature", "properties": { "Layer": "Layer 1" }, "geometry": { "type": "LineString", "coordinates": [ [ -110.002, 14.5807 ], [ -109.995, 14.5201 ] ] } },
{ "type": "Feature", "properties": { "Layer": "Layer 1" }, "geometry": { "type": "LineString", "coordinates": [ [ -109.995, 14.5201 ], [ -109.923, 14.488 ] ] } },
{ "type": "Feature", "properties": { "Layer": "Layer 1" }, "geometry": { "type": "LineString", "coordinates": [ [ -109.923, 14.488 ], [ -109.92, 14.5094 ] ] } },
{ "type": "Feature", "properties": { "Layer": "Layer 1" }, "geometry": { "type": "LineString", "coordinates": [ [ -109.92, 14.5094 ], [ -109.859, 14.595 ] ] } },
{ "type": "Feature", "properties": { "Layer": "Layer 1" }, "geometry": { "type": "LineString", "coordinates": [ [ -109.859, 14.595 ], [ -109.952, 14.6948 ] ] } },
{ "type": "Feature", "properties": { "Layer": "Layer 1" }, "geometry": { "type": "LineString", "coordinates": [ [ -109.952, 14.6948 ], [ -109.841, 14.595 ] ] } },
{ "type": "Feature", "properties": { "Layer": "Layer 1" }, "geometry": { "type": "LineString", "coordinates": [ [ -109.841, 14.595 ], [ -109.963, 14.6164 ] ] } },
{ "type": "Feature", "properties": { "Layer": "Layer 1" }, "geometry": { "type": "LineString", "coordinates": [ [ -109.963, 14.6164 ], [ -109.998, 14.6342 ] ] } },
{ "type": "Feature", "properties": { "Layer": "Layer 1" }, "geometry": { "type": "LineString", "coordinates": [ [ -109.998, 14.6342 ], [ -109.963, 14.6948 ] ] } },
{ "type": "Feature", "properties": { "Layer": "Layer 1" }, "geometry": { "type": "LineString", "coordinates": [ [ -109.963, 14.6948 ], [ -109.984, 14.7269 ] ] } },
{ "type": "Feature", "properties": { "Layer": "Layer 1" }, "geometry": { "type": "LineString", "coordinates": [ [ -109.984, 14.7269 ], [ -109.92, 14.7661 ] ] } },
{ "type": "Feature", "properties": { "Layer": "Layer 1" }, "geometry": { "type": "LineString", "coordinates": [ [ -109.92, 14.7661 ], [ -109.927, 14.7697 ] ] } },
{ "type": "Feature", "properties": { "Layer": "Layer 1" }, "geometry": { "type": "LineString", "coordinates": [ [ -109.927, 14.7697 ], [ -109.881, 14.6271 ] ] } },
{ "type": "Feature", "properties": { "Layer": "Layer 1" }, "geometry": { "type": "LineString", "coordinates": [ [ -109.881, 14.6271 ], [ -109.905, 14.6413 ] ] } },
{ "type": "Feature", "properties": { "Layer": "Layer 1" }, "geometry": { "type": "LineString", "coordinates": [ [ -109.905, 14.6413 ], [ -109.93, 14.6734 ] ] } },
{ "type": "Feature", "properties": { "Layer": "Layer 1" }, "geometry": { "type": "LineString", "coordinates": [ [ -109.93, 14.6734 ], [ -109.82, 14.6984 ] ] } },
{ "type": "Feature", "properties": { "Layer": "Layer 1" }, "geometry": { "type": "LineString", "coordinates": [ [ -109.82, 14.6984 ], [ -109.831, 14.7162 ] ] } },
{ "type": "Feature", "properties": { "Layer": "Layer 1" }, "geometry": { "type": "LineString", "coordinates": [ [ -109.831, 14.7162 ], [ -109.856, 14.8445 ] ] } },
{ "type": "Feature", "properties": { "Layer": "Layer 1" }, "geometry": { "type": "LineString", "coordinates": [ [ -109.856, 14.8445 ], [ -109.945, 14.9336 ] ] } },
{ "type": "Feature", "properties": { "Layer": "Layer 1" }, "geometry": { "type": "LineString", "coordinates": [ [ -109.945, 14.9336 ], [ -109.845, 14.8338 ] ] } },
{ "type": "Feature", "properties": { "Layer": "Layer 1" }, "geometry": { "type": "LineString", "coordinates": [ [ -109.845, 14.8338 ], [ -109.909, 14.8802 ] ] } },
{ "type": "Feature", "properties": { "Layer": "Layer 1" }, "geometry": { "type": "LineString", "coordinates": [ [ -109.909, 14.8802 ], [ -109.995, 14.8909 ] ] } },
{ "type": "Feature", "properties": { "Layer": "Layer 1" }, "geometry": { "type": "LineString", "coordinates": [ [ -109.995, 14.8909 ], [ -110.073, 14.9835 ] ] } },
{ "type": "Feature", "properties": { "Layer": "Layer 1" }, "geometry": { "type": "LineString", "coordinates": [ [ -110.073, 14.9835 ], [ -110.055, 14.9408 ] ] } },
{ "type": "Feature", "properties": { "Layer": "Layer 1" }, "geometry": { "type": "LineString", "coordinates": [ [ -110.055, 14.9408 ], [ -110.052, 14.9051 ] ] } },
{ "type": "Feature", "properties": { "Layer": "Layer 1" }, "geometry": { "type": "LineString", "coordinates": [ [ -110.052, 14.9051 ], [ -110.087, 14.9622 ] ] } },
{ "type": "Feature", "properties": { "Layer": "Layer 1" }, "geometry": { "type": "LineString", "coordinates": [ [ -110.087, 14.9622 ], [ -110.091, 14.9693 ] ] } },
{ "type": "Feature", "properties": { "Layer": "Layer 1" }, "geometry": { "type": "LineString", "coordinates": [ [ -110.091, 14.9693 ], [ -110.044, 14.9301 ] ] } },
{ "type": "Feature", "properties": { "Layer": "Layer 1" }, "geometry": { "type": "LineString", "coordinates": [ [ -110.044, 14.9301 ], [ -110.052, 14.9479 ] ] } },
{ "type": "Feature", "properties": { "Layer": "Layer 1" }, "geometry": { "type": "LineString", "coordinates": [ [ -110.052, 14.9479 ], [ -109.959, 14.8909 ] ] } },
{ "type": "Feature", "properties": { "Layer": "Layer 1" }, "geometry": { "type": "LineString", "coordinates": [ [ -109.959, 14.8909 ], [ -110.066, 14.9693 ] ] } },
{ "type": "Feature", "properties": { "Layer": "Layer 1" }, "geometry": { "type": "LineString", "coordinates": [ [ -110.066, 14.9693 ], [ -109.966, 14.9016 ] ] } },
{ "type": "Feature", "properties": { "Layer": "Layer 1" }, "geometry": { "type": "LineString", "coordinates": [ [ -109.966, 14.9016 ], [ -109.973, 14.9194 ] ] } },
{ "type": "Feature", "properties": { "Layer": "Layer 1" }, "geometry": { "type": "LineString", "coordinates": [ [ -109.973, 14.9194 ], [ -109.923, 14.8659 ] ] } },
{ "type": "Feature", "properties": { "Layer": "Layer 1" }, "geometry": { "type": "LineString", "coordinates": [ [ -109.923, 14.8659 ], [ -109.923, 14.8659 ] ] } },
{ "type": "Feature", "properties": { "Layer": "Layer 1" }, "geometry": { "type": "LineString", "coordinates": [ [ -109.923, 14.8659 ], [ -109.87, 14.8374 ] ] } },
{ "type": "Feature", "properties": { "Layer": "Layer 1" }, "geometry": { "type": "LineString", "coordinates": [ [ -109.87, 14.8374 ], [ -109.87, 14.8374 ] ] } },
{ "type": "Feature", "properties": { "Layer": "Layer 1" }, "geometry": { "type": "LineString", "coordinates": [ [ -109.87, 14.8374 ], [ -109.841, 14.816 ] ] } },
{ "type": "Feature", "properties": { "Layer": "Layer 1" }, "geometry": { "type": "LineString", "coordinates": [ [ -109.841, 14.816 ], [ -109.813, 14.8017 ] ] } },
{ "type": "Feature", "properties": { "Layer": "Layer 1" }, "geometry": { "type": "LineString", "coordinates": [ [ -109.813, 14.8017 ], [ -109.82, 14.8445 ] ] } },
{ "type": "Feature", "properties": { "Layer": "Layer 1" }, "geometry": { "type": "LineString", "coordinates": [ [ -109.82, 14.8445 ], [ -109.713, 14.8267 ] ] } },
{ "type": "Feature", "properties": { "Layer": "Layer 1" }, "geometry": { "type": "LineString", "coordinates": [ [ -109.713, 14.8267 ], [ -109.713, 14.8231 ] ] } },
{ "type": "Feature", "properties": { "Layer": "Layer 1" }, "geometry": { "type": "LineString", "coordinates": [ [ -109.713, 14.8231 ], [ -109.717, 14.8516 ] ] } },
{ "type": "Feature", "properties": { "Layer": "Layer 1" }, "geometry": { "type": "LineString", "coordinates": [ [ -109.717, 14.8516 ], [ -109.727, 14.8481 ] ] } },
{ "type": "Feature", "properties": { "Layer": "Layer 1" }, "geometry": { "type": "LineString", "coordinates": [ [ -109.727, 14.8481 ], [ -109.852, 14.8837 ] ] } },
{ "type": "Feature", "properties": { "Layer": "Layer 1" }, "geometry": { "type": "LineString", "coordinates": [ [ -109.852, 14.8837 ], [ -109.82, 15.0014 ] ] } },
{ "type": "Feature", "properties": { "Layer": "Layer 1" }, "geometry": { "type": "LineString", "coordinates": [ [ -109.82, 15.0014 ], [ -109.717, 15.0406 ] ] } },
{ "type": "Feature", "properties": { "Layer": "Layer 1" }, "geometry": { "type": "LineString", "coordinates": [ [ -109.717, 15.0406 ], [ -109.274, 15.0406 ] ] } },
{ "type": "Feature", "properties": { "Layer": "Layer 1" }, "geometry": { "type": "LineString", "coordinates": [ [ -109.274, 15.0406 ], [ -109.175, 15.0834 ] ] } },
{ "type": "Feature", "properties": { "Layer": "Layer 1" }, "geometry": { "type": "LineString", "coordinates": [ [ -109.175, 15.0834 ], [ -109.082, 15.1689 ] ] } },
{ "type": "Feature", "properties": { "Layer": "Layer 1" }, "geometry": { "type": "LineString", "coordinates": [ [ -109.082, 15.1689 ], [ -109.096, 15.1761 ] ] } },
{ "type": "Feature", "properties": { "Layer": "Layer 1" }, "geometry": { "type": "LineString", "coordinates": [ [ -109.096, 15.1761 ], [ -109.146, 15.2438 ] ] } },
{ "type": "Feature", "properties": { "Layer": "Layer 1" }, "geometry": { "type": "LineString", "coordinates": [ [ -109.146, 15.2438 ], [ -109.135, 15.2687 ] ] } },
{ "type": "Feature", "properties": { "Layer": "Layer 1" }, "geometry": { "type": "LineString", "coordinates": [ [ -109.135, 15.2687 ], [ -108.986, 15.3614 ] ] } },
{ "type": "Feature", "properties": { "Layer": "Layer 1" }, "geometry": { "type": "LineString", "coordinates": [ [ -108.986, 15.3614 ], [ -108.758, 15.4434 ] ] } },
{ "type": "Feature", "properties": { "Layer": "Layer 1" }, "geometry": { "type": "LineString", "coordinates": [ [ -108.758, 15.4434 ], [ -108.529, 15.5468 ] ] } },
{ "type": "Feature", "properties": { "Layer": "Layer 1" }, "geometry": { "type": "LineString", "coordinates": [ [ -108.529, 15.5468 ], [ -108.419, 15.6038 ] ] } },
{ "type": "Feature", "properties": { "Layer": "Layer 1" }, "geometry": { "type": "LineString", "coordinates": [ [ -108.419, 15.6038 ], [ -108.337, 15.7001 ] ] } },
{ "type": "Feature", "properties": { "Layer": "Layer 1" }, "geometry": { "type": "LineString", "coordinates": [ [ -108.337, 15.7001 ], [ -108.073, 15.8534 ] ] } },
{ "type": "Feature", "properties": { "Layer": "Layer 1" }, "geometry": { "type": "LineString", "coordinates": [ [ -108.073, 15.8534 ], [ -107.759, 16.0815 ] ] } },
{ "type": "Feature", "properties": { "Layer": "Layer 1" }, "geometry": { "type": "LineString", "coordinates": [ [ -107.759, 16.0815 ], [ -107.688, 16.1065 ] ] } },
{ "type": "Feature", "properties": { "Layer": "Layer 1" }, "geometry": { "type": "LineString", "coordinates": [ [ -107.688, 16.1065 ], [ -107.399, 16.4238 ] ] } },
{ "type": "Feature", "properties": { "Layer": "Layer 1" }, "geometry": { "type": "LineString", "coordinates": [ [ -107.399, 16.4238 ], [ -107.328, 16.4951 ] ] } },
{ "type": "Feature", "properties": { "Layer": "Layer 1" }, "geometry": { "type": "LineString", "coordinates": [ [ -107.328, 16.4951 ], [ -107.332, 16.5093 ] ] } },
{ "type": "Feature", "properties": { "Layer": "Layer 1" }, "geometry": { "type": "LineString", "coordinates": [ [ -107.332, 16.5093 ], [ -107.182, 16.7125 ] ] } },
{ "type": "Feature", "properties": { "Layer": "Layer 1" }, "geometry": { "type": "LineString", "coordinates": [ [ -107.182, 16.7125 ], [ -107.175, 16.7517 ] ] } },
{ "type": "Feature", "properties": { "Layer": "Layer 1" }, "geometry": { "type": "LineString", "coordinates": [ [ -107.175, 16.7517 ], [ -107.1, 16.8123 ] ] } },
{ "type": "Feature", "properties": { "Layer": "Layer 1" }, "geometry": { "type": "LineString", "coordinates": [ [ -107.1, 16.8123 ], [ -106.964, 16.8266 ] ] } },
{ "type": "Feature", "properties": { "Layer": "Layer 1" }, "geometry": { "type": "LineString", "coordinates": [ [ -106.964, 16.8266 ], [ -106.861, 16.9015 ] ] } },
{ "type": "Feature", "properties": { "Layer": "Layer 1" }, "geometry": { "type": "LineString", "coordinates": [ [ -106.861, 16.9015 ], [ -106.754, 16.93 ] ] } },
{ "type": "Feature", "properties": { "Layer": "Layer 1" }, "geometry": { "type": "LineString", "coordinates": [ [ -106.754, 16.93 ], [ -106.736, 17.0084 ] ] } },
{ "type": "Feature", "properties": { "Layer": "Layer 1" }, "geometry": { "type": "LineString", "coordinates": [ [ -106.736, 17.0084 ], [ -106.786, 17.1225 ] ] } },
{ "type": "Feature", "properties": { "Layer": "Layer 1" }, "geometry": { "type": "LineString", "coordinates": [ [ -106.786, 17.1225 ], [ -106.198, 17.1368 ] ] } },
{ "type": "Feature", "properties": { "Layer": "Layer 1" }, "geometry": { "type": "LineString", "coordinates": [ [ -106.198, 17.1368 ], [ -106.041, 17.1831 ] ] } },
{ "type": "Feature", "properties": { "Layer": "Layer 1" }, "geometry": { "type": "LineString", "coordinates": [ [ -106.041, 17.1831 ], [ -105.884, 17.1581 ] ] } },
{ "type": "Feature", "properties": { "Layer": "Layer 1" }, "geometry": { "type": "LineString", "coordinates": [ [ -105.884, 17.1581 ], [ -105.21, 16.8587 ] ] } },
{ "type": "Feature", "properties": { "Layer": "Layer 1" }, "geometry": { "type": "LineString", "coordinates": [ [ -105.21, 16.8587 ], [ -105.175, 16.873 ] ] } },
{ "type": "Feature", "properties": { "Layer": "Layer 1" }, "geometry": { "type": "LineString", "coordinates": [ [ -105.175, 16.873 ], [ -105.032, 16.7767 ] ] } },
{ "type": "Feature", "properties": { "Layer": "Layer 1" }, "geometry": { "type": "LineString", "coordinates": [ [ -105.032, 16.7767 ], [ -104.922, 16.709 ] ] } },
{ "type": "Feature", "properties": { "Layer": "Layer 1" }, "geometry": { "type": "LineString", "coordinates": [ [ -104.922, 16.709 ], [ -104.815, 16.6555 ] ] } },
{ "type": "Feature", "properties": { "Layer": "Layer 1" }, "geometry": { "type": "LineString", "coordinates": [ [ -104.815, 16.6555 ], [ -104.244, 16.1065 ] ] } },
{ "type": "Feature", "properties": { "Layer": "Layer 1" }, "geometry": { "type": "LineString", "coordinates": [ [ -104.244, 16.1065 ], [ -104.009, 15.9853 ] ] } },
{ "type": "Feature", "properties": { "Layer": "Layer 1" }, "geometry": { "type": "LineString", "coordinates": [ [ -104.009, 15.9853 ], [ -103.745, 15.9282 ] ] } },
{ "type": "Feature", "properties": { "Layer": "Layer 1" }, "geometry": { "type": "LineString", "coordinates": [ [ -103.745, 15.9282 ], [ -103.546, 15.7357 ] ] } },
{ "type": "Feature", "properties": { "Layer": "Layer 1" }, "geometry": { "type": "LineString", "coordinates": [ [ -103.546, 15.7357 ], [ -103.414, 15.7429 ] ] } },
{ "type": "Feature", "properties": { "Layer": "Layer 1" }, "geometry": { "type": "LineString", "coordinates": [ [ -103.414, 15.7429 ], [ -103.36, 15.6538 ] ] } },
{ "type": "Feature", "properties": { "Layer": "Layer 1" }, "geometry": { "type": "LineString", "coordinates": [ [ -103.36, 15.6538 ], [ -103.178, 15.7108 ] ] } },
{ "type": "Feature", "properties": { "Layer": "Layer 1" }, "geometry": { "type": "LineString", "coordinates": [ [ -103.178, 15.7108 ], [ -102.9, 15.9817 ] ] } },
{ "type": "Feature", "properties": { "Layer": "Layer 1" }, "geometry": { "type": "LineString", "coordinates": [ [ -102.9, 15.9817 ], [ -102.922, 16.0423 ] ] } },
{ "type": "Feature", "properties": { "Layer": "Layer 1" }, "geometry": { "type": "LineString", "coordinates": [ [ -102.922, 16.0423 ], [ -103.396, 16.3667 ] ] } },
{ "type": "Feature", "properties": { "Layer": "Layer 1" }, "geometry": { "type": "LineString", "coordinates": [ [ -103.396, 16.3667 ], [ -103.553, 16.4131 ] ] } },
{ "type": "Feature", "properties": { "Layer": "Layer 1" }, "geometry": { "type": "LineString", "coordinates": [ [ -103.553, 16.4131 ], [ -103.628, 16.4452 ] ] } },
{ "type": "Feature", "properties": { "Layer": "Layer 1" }, "geometry": { "type": "LineString", "coordinates": [ [ -103.628, 16.4452 ], [ -103.628, 16.5806 ] ] } },
{ "type": "Feature", "properties": { "Layer": "Layer 1" }, "geometry": { "type": "LineString", "coordinates": [ [ -103.628, 16.5806 ], [ -103.642, 16.684 ] ] } },
{ "type": "Feature", "properties": { "Layer": "Layer 1" }, "geometry": { "type": "LineString", "coordinates": [ [ -103.642, 16.684 ], [ -103.539, 16.9407 ] ] } },
{ "type": "Feature", "properties": { "Layer": "Layer 1" }, "geometry": { "type": "LineString", "coordinates": [ [ -103.539, 16.9407 ], [ -103.531, 17.1189 ] ] } },
{ "type": "Feature", "properties": { "Layer": "Layer 1" }, "geometry": { "type": "LineString", "coordinates": [ [ -103.531, 17.1189 ], [ -103.467, 17.2687 ] ] } },
{ "type": "Feature", "properties": { "Layer": "Layer 1" }, "geometry": { "type": "LineString", "coordinates": [ [ -103.467, 17.2687 ], [ -103.46, 17.3578 ] ] } },
{ "type": "Feature", "properties": { "Layer": "Layer 1" }, "geometry": { "type": "LineString", "coordinates": [ [ -103.46, 17.3578 ], [ -103.168, 17.643 ] ] } },
{ "type": "Feature", "properties": { "Layer": "Layer 1" }, "geometry": { "type": "LineString", "coordinates": [ [ -103.168, 17.643 ], [ -102.234, 18.1385 ] ] } },
{ "type": "Feature", "properties": { "Layer": "Layer 1" }, "geometry": { "type": "LineString", "coordinates": [ [ -102.234, 18.1385 ], [ -102.07, 18.2312 ] ] } },
{ "type": "Feature", "properties": { "Layer": "Layer 1" }, "geometry": { "type": "LineString", "coordinates": [ [ -102.07, 18.2312 ], [ -101.981, 18.2276 ] ] } },
{ "type": "Feature", "properties": { "Layer": "Layer 1" }, "geometry": { "type": "LineString", "coordinates": [ [ -101.981, 18.2276 ], [ -101.945, 18.3096 ] ] } },
{ "type": "Feature", "properties": { "Layer": "Layer 1" }, "geometry": { "type": "LineString", "coordinates": [ [ -101.945, 18.3096 ], [ -101.631, 18.5556 ] ] } },
{ "type": "Feature", "properties": { "Layer": "Layer 1" }, "geometry": { "type": "LineString", "coordinates": [ [ -101.631, 18.5556 ], [ -101.592, 18.6055 ] ] } },
{ "type": "Feature", "properties": { "Layer": "Layer 1" }, "geometry": { "type": "LineString", "coordinates": [ [ -101.592, 18.6055 ], [ -101.268, 18.716 ] ] } },
{ "type": "Feature", "properties": { "Layer": "Layer 1" }, "geometry": { "type": "LineString", "coordinates": [ [ -101.268, 18.716 ], [ -100.997, 18.7944 ] ] } },
{ "type": "Feature", "properties": { "Layer": "Layer 1" }, "geometry": { "type": "LineString", "coordinates": [ [ -100.997, 18.7944 ], [ -100.829, 18.8657 ] ] } },
{ "type": "Feature", "properties": { "Layer": "Layer 1" }, "geometry": { "type": "LineString", "coordinates": [ [ -100.829, 18.8657 ], [ -100.647, 18.9727 ] ] } },
{ "type": "Feature", "properties": { "Layer": "Layer 1" }, "geometry": { "type": "LineString", "coordinates": [ [ -100.647, 18.9727 ], [ -100.416, 19.1474 ] ] } },
{ "type": "Feature", "properties": { "Layer": "Layer 1" }, "geometry": { "type": "LineString", "coordinates": [ [ -100.416, 19.1474 ], [ -100.337, 19.1117 ] ] } },
{ "type": "Feature", "properties": { "Layer": "Layer 1" }, "geometry": { "type": "LineString", "coordinates": [ [ -100.337, 19.1117 ], [ -100.33, 19.1438 ] ] } },
{ "type": "Feature", "properties": { "Layer": "Layer 1" }, "geometry": { "type": "LineString", "coordinates": [ [ -100.33, 19.1438 ], [ -100.27, 19.1652 ] ] } },
{ "type": "Feature", "properties": { "Layer": "Layer 1" }, "geometry": { "type": "LineString", "coordinates": [ [ -100.27, 19.1652 ], [ -100.202, 19.126 ] ] } },
{ "type": "Feature", "properties": { "Layer": "Layer 1" }, "geometry": { "type": "LineString", "coordinates": [ [ -100.202, 19.126 ], [ -100.002, 19.265 ] ] } },
{ "type": "Feature", "properties": { "Layer": "Layer 1" }, "geometry": { "type": "LineString", "coordinates": [ [ -100.002, 19.265 ], [ -99.553, 19.4076 ] ] } },
{ "type": "Feature", "properties": { "Layer": "Layer 1" }, "geometry": { "type": "LineString", "coordinates": [ [ -99.553, 19.4076 ], [ -99.286, 19.3791 ] ] } },
{ "type": "Feature", "properties": { "Layer": "Layer 1" }, "geometry": { "type": "LineString", "coordinates": [ [ -99.286, 19.3791 ], [ -99.161, 19.4753 ] ] } },
{ "type": "Feature", "properties": { "Layer": "Layer 1" }, "geometry": { "type": "LineString", "coordinates": [ [ -99.161, 19.4753 ], [ -99.093, 19.6037 ] ] } },
{ "type": "Feature", "properties": { "Layer": "Layer 1" }, "geometry": { "type": "LineString", "coordinates": [ [ -99.093, 19.6037 ], [ -98.786, 19.7427 ] ] } },
{ "type": "Feature", "properties": { "Layer": "Layer 1" }, "geometry": { "type": "LineString", "coordinates": [ [ -98.786, 19.7427 ], [ -98.487, 19.871 ] ] } },
{ "type": "Feature", "properties": { "Layer": "Layer 1" }, "geometry": { "type": "LineString", "coordinates": [ [ -98.487, 19.871 ], [ -98.391, 19.9316 ] ] } },
{ "type": "Feature", "properties": { "Layer": "Layer 1" }, "geometry": { "type": "LineString", "coordinates": [ [ -98.391, 19.9316 ], [ -98.295, 20.0101 ] ] } },
{ "type": "Feature", "properties": { "Layer": "Layer 1" }, "geometry": { "type": "LineString", "coordinates": [ [ -98.295, 20.0101 ], [ -97.852, 20.3274 ] ] } },
{ "type": "Feature", "properties": { "Layer": "Layer 1" }, "geometry": { "type": "LineString", "coordinates": [ [ -97.852, 20.3274 ], [ -97.735, 20.4165 ] ] } },
{ "type": "Feature", "properties": { "Layer": "Layer 1" }, "geometry": { "type": "LineString", "coordinates": [ [ -97.735, 20.4165 ], [ -97.514, 20.5698 ] ] } },
{ "type": "Feature", "properties": { "Layer": "Layer 1" }, "geometry": { "type": "LineString", "coordinates": [ [ -97.514, 20.5698 ], [ -97.328, 20.6945 ] ] } },
{ "type": "Feature", "properties": { "Layer": "Layer 1" }, "geometry": { "type": "LineString", "coordinates": [ [ -97.328, 20.6945 ], [ -97.143, 20.7587 ] ] } },
{ "type": "Feature", "properties": { "Layer": "Layer 1" }, "geometry": { "type": "LineString", "coordinates": [ [ -97.143, 20.7587 ], [ -96.854, 20.83 ] ] } },
{ "type": "Feature", "properties": { "Layer": "Layer 1" }, "geometry": { "type": "LineString", "coordinates": [ [ -96.854, 20.83 ], [ -96.644, 20.8657 ] ] } },
{ "type": "Feature", "properties": { "Layer": "Layer 1" }, "geometry": { "type": "LineString", "coordinates": [ [ -96.644, 20.8657 ], [ -96.555, 20.9619 ] ] } },
{ "type": "Feature", "properties": { "Layer": "Layer 1" }, "geometry": { "type": "LineString", "coordinates": [ [ -96.555, 20.9619 ], [ -95.899, 21.297 ] ] } },
{ "type": "Feature", "properties": { "Layer": "Layer 1" }, "geometry": { "type": "LineString", "coordinates": [ [ -95.899, 21.297 ], [ -95.517, 21.5252 ] ] } },
{ "type": "Feature", "properties": { "Layer": "Layer 1" }, "geometry": { "type": "LineString", "coordinates": [ [ -95.517, 21.5252 ], [ -95.35, 21.5323 ] ] } },
{ "type": "Feature", "properties": { "Layer": "Layer 1" }, "geometry": { "type": "LineString", "coordinates": [ [ -95.35, 21.5323 ], [ -95.286, 21.4859 ] ] } },
{ "type": "Feature", "properties": { "Layer": "Layer 1" }, "geometry": { "type": "LineString", "coordinates": [ [ -95.286, 21.4859 ], [ -95.296, 21.461 ] ] } },
{ "type": "Feature", "properties": { "Layer": "Layer 1" }, "geometry": { "type": "LineString", "coordinates": [ [ -95.296, 21.461 ], [ -95.386, 21.4574 ] ] } },
{ "type": "Feature", "properties": { "Layer": "Layer 1" }, "geometry": { "type": "LineString", "coordinates": [ [ -95.386, 21.4574 ], [ -95.386, 21.4646 ] ] } },
{ "type": "Feature", "properties": { "Layer": "Layer 1" }, "geometry": { "type": "LineString", "coordinates": [ [ -95.386, 21.4646 ], [ -95.457, 21.5359 ] ] } },
{ "type": "Feature", "properties": { "Layer": "Layer 1" }, "geometry": { "type": "LineString", "coordinates": [ [ -95.457, 21.5359 ], [ -95.421, 21.5929 ] ] } },
{ "type": "Feature", "properties": { "Layer": "Layer 1" }, "geometry": { "type": "LineString", "coordinates": [ [ -95.421, 21.5929 ], [ -95.122, 21.6642 ] ] } },
{ "type": "Feature", "properties": { "Layer": "Layer 1" }, "geometry": { "type": "LineString", "coordinates": [ [ -95.122, 21.6642 ], [ -94.933, 21.6678 ] ] } },
{ "type": "Feature", "properties": { "Layer": "Layer 1" }, "geometry": { "type": "LineString", "coordinates": [ [ -94.933, 21.6678 ], [ -94.516, 21.8282 ] ] } },
{ "type": "Feature", "properties": { "Layer": "Layer 1" }, "geometry": { "type": "LineString", "coordinates": [ [ -94.516, 21.8282 ], [ -94.359, 21.9351 ] ] } },
{ "type": "Feature", "properties": { "Layer": "Layer 1" }, "geometry": { "type": "LineString", "coordinates": [ [ -94.359, 21.9351 ], [ -94.216, 22.0456 ] ] } },
{ "type": "Feature", "properties": { "Layer": "Layer 1" }, "geometry": { "type": "LineString", "coordinates": [ [ -94.216, 22.0456 ], [ -93.963, 22.231 ] ] } },
{ "type": "Feature", "properties": { "Layer": "Layer 1" }, "geometry": { "type": "LineString", "coordinates": [ [ -93.963, 22.231 ], [ -93.461, 22.502 ] ] } },
{ "type": "Feature", "properties": { "Layer": "Layer 1" }, "geometry": { "type": "LineString", "coordinates": [ [ -93.461, 22.502 ], [ -93.261, 22.6659 ] ] } },
{ "type": "Feature", "properties": { "Layer": "Layer 1" }, "geometry": { "type": "LineString", "coordinates": [ [ -93.261, 22.6659 ], [ -93.225, 22.6873 ] ] } },
{ "type": "Feature", "properties": { "Layer": "Layer 1" }, "geometry": { "type": "LineString", "coordinates": [ [ -93.225, 22.6873 ], [ -93.026, 22.7123 ] ] } },
{ "type": "Feature", "properties": { "Layer": "Layer 1" }, "geometry": { "type": "LineString", "coordinates": [ [ -93.026, 22.7123 ], [ -92.872, 22.8228 ] ] } },
{ "type": "Feature", "properties": { "Layer": "Layer 1" }, "geometry": { "type": "LineString", "coordinates": [ [ -92.872, 22.8228 ], [ -92.78, 22.9297 ] ] } },
{ "type": "Feature", "properties": { "Layer": "Layer 1" }, "geometry": { "type": "LineString", "coordinates": [ [ -92.78, 22.9297 ], [ -92.58, 22.9939 ] ] } },
{ "type": "Feature", "properties": { "Layer": "Layer 1" }, "geometry": { "type": "LineString", "coordinates": [ [ -92.58, 22.9939 ], [ -92.534, 23.001 ] ] } },
{ "type": "Feature", "properties": { "Layer": "Layer 1" }, "geometry": { "type": "LineString", "coordinates": [ [ -92.534, 23.001 ], [ -92.327, 22.9654 ] ] } },
{ "type": "Feature", "properties": { "Layer": "Layer 1" }, "geometry": { "type": "LineString", "coordinates": [ [ -92.327, 22.9654 ], [ -92.223, 22.9084 ] ] } },
{ "type": "Feature", "properties": { "Layer": "Layer 1" }, "geometry": { "type": "LineString", "coordinates": [ [ -92.223, 22.9084 ], [ -92.081, 22.9084 ] ] } },
{ "type": "Feature", "properties": { "Layer": "Layer 1" }, "geometry": { "type": "LineString", "coordinates": [ [ -92.081, 22.9084 ], [ -91.853, 23.001 ] ] } },
{ "type": "Feature", "properties": { "Layer": "Layer 1" }, "geometry": { "type": "LineString", "coordinates": [ [ -91.853, 23.001 ], [ -91.553, 23.1329 ] ] } },
{ "type": "Feature", "properties": { "Layer": "Layer 1" }, "geometry": { "type": "LineString", "coordinates": [ [ -91.553, 23.1329 ], [ -91.475, 23.1436 ] ] } },
{ "type": "Feature", "properties": { "Layer": "Layer 1" }, "geometry": { "type": "LineString", "coordinates": [ [ -91.475, 23.1436 ], [ -91.546, 23.2399 ] ] } },
{ "type": "Feature", "properties": { "Layer": "Layer 1" }, "geometry": { "type": "LineString", "coordinates": [ [ -91.546, 23.2399 ], [ -91.389, 23.2791 ] ] } },
{ "type": "Feature", "properties": { "Layer": "Layer 1" }, "geometry": { "type": "LineString", "coordinates": [ [ -91.389, 23.2791 ], [ -91.329, 23.2862 ] ] } },
{ "type": "Feature", "properties": { "Layer": "Layer 1" }, "geometry": { "type": "LineString", "coordinates": [ [ -91.329, 23.2862 ], [ -91.133, 23.2613 ] ] } },
{ "type": "Feature", "properties": { "Layer": "Layer 1" }, "geometry": { "type": "LineString", "coordinates": [ [ -91.133, 23.2613 ], [ -91.079, 23.2791 ] ] } },
{ "type": "Feature", "properties": { "Layer": "Layer 1" }, "geometry": { "type": "LineString", "coordinates": [ [ -91.079, 23.2791 ], [ -91.033, 23.386 ] ] } },
{ "type": "Feature", "properties": { "Layer": "Layer 1" }, "geometry": { "type": "LineString", "coordinates": [ [ -91.033, 23.386 ], [ -91.033, 23.4324 ] ] } },
{ "type": "Feature", "properties": { "Layer": "Layer 1" }, "geometry": { "type": "LineString", "coordinates": [ [ -91.033, 23.4324 ], [ -90.947, 23.4859 ] ] } },
{ "type": "Feature", "properties": { "Layer": "Layer 1" }, "geometry": { "type": "LineString", "coordinates": [ [ -90.947, 23.4859 ], [ -90.68, 23.6285 ] ] } },
{ "type": "Feature", "properties": { "Layer": "Layer 1" }, "geometry": { "type": "LineString", "coordinates": [ [ -90.68, 23.6285 ], [ -90.505, 23.7639 ] ] } },
{ "type": "Feature", "properties": { "Layer": "Layer 1" }, "geometry": { "type": "LineString", "coordinates": [ [ -90.505, 23.7639 ], [ -90.473, 23.7996 ] ] } },
{ "type": "Feature", "properties": { "Layer": "Layer 1" }, "geometry": { "type": "LineString", "coordinates": [ [ -90.473, 23.7996 ], [ -90.455, 23.8887 ] ] } },
{ "type": "Feature", "properties": { "Layer": "Layer 1" }, "geometry": { "type": "LineString", "coordinates": [ [ -90.455, 23.8887 ], [ -90.327, 23.985 ] ] } },
{ "type": "Feature", "properties": { "Layer": "Layer 1" }, "geometry": { "type": "LineString", "coordinates": [ [ -90.327, 23.985 ], [ -90.298, 23.9992 ] ] } },
{ "type": "Feature", "properties": { "Layer": "Layer 1" }, "geometry": { "type": "LineString", "coordinates": [ [ -90.298, 23.9992 ], [ -89.992, 24.0384 ] ] } },
{ "type": "Feature", "properties": { "Layer": "Layer 1" }, "geometry": { "type": "LineString", "coordinates": [ [ -89.992, 24.0384 ], [ -89.354, 23.9457 ] ] } },
{ "type": "Feature", "properties": { "Layer": "Layer 1" }, "geometry": { "type": "LineString", "coordinates": [ [ -89.354, 23.9457 ], [ -89.165, 23.9956 ] ] } },
{ "type": "Feature", "properties": { "Layer": "Layer 1" }, "geometry": { "type": "LineString", "coordinates": [ [ -89.165, 23.9956 ], [ -88.644, 24.2381 ] ] } },
{ "type": "Feature", "properties": { "Layer": "Layer 1" }, "geometry": { "type": "LineString", "coordinates": [ [ -88.644, 24.2381 ], [ -88.373, 24.3593 ] ] } },
{ "type": "Feature", "properties": { "Layer": "Layer 1" }, "geometry": { "type": "LineString", "coordinates": [ [ -88.373, 24.3593 ], [ -88.106, 24.5268 ] ] } },
{ "type": "Feature", "properties": { "Layer": "Layer 1" }, "geometry": { "type": "LineString", "coordinates": [ [ -88.106, 24.5268 ], [ -87.978, 24.6124 ] ] } },
{ "type": "Feature", "properties": { "Layer": "Layer 1" }, "geometry": { "type": "LineString", "coordinates": [ [ -87.978, 24.6124 ], [ -87.646, 24.6872 ] ] } },
{ "type": "Feature", "properties": { "Layer": "Layer 1" }, "geometry": { "type": "LineString", "coordinates": [ [ -87.646, 24.6872 ], [ -87.489, 24.7051 ] ] } },
{ "type": "Feature", "properties": { "Layer": "Layer 1" }, "geometry": { "type": "LineString", "coordinates": [ [ -87.489, 24.7051 ], [ -87.322, 24.8013 ] ] } },
{ "type": "Feature", "properties": { "Layer": "Layer 1" }, "geometry": { "type": "LineString", "coordinates": [ [ -87.322, 24.8013 ], [ -87.154, 25.0544 ] ] } },
{ "type": "Feature", "properties": { "Layer": "Layer 1" }, "geometry": { "type": "LineString", "coordinates": [ [ -87.154, 25.0544 ], [ -87.022, 25.1792 ] ] } },
{ "type": "Feature", "properties": { "Layer": "Layer 1" }, "geometry": { "type": "LineString", "coordinates": [ [ -87.022, 25.1792 ], [ -86.776, 25.3147 ] ] } },
{ "type": "Feature", "properties": { "Layer": "Layer 1" }, "geometry": { "type": "LineString", "coordinates": [ [ -86.776, 25.3147 ], [ -86.334, 25.4537 ] ] } },
{ "type": "Feature", "properties": { "Layer": "Layer 1" }, "geometry": { "type": "LineString", "coordinates": [ [ -86.334, 25.4537 ], [ -86.263, 25.468 ] ] } },
{ "type": "Feature", "properties": { "Layer": "Layer 1" }, "geometry": { "type": "LineString", "coordinates": [ [ -86.263, 25.468 ], [ -85.924, 25.5357 ] ] } },
{ "type": "Feature", "properties": { "Layer": "Layer 1" }, "geometry": { "type": "LineString", "coordinates": [ [ -85.924, 25.5357 ], [ -85.671, 25.7246 ] ] } },
{ "type": "Feature", "properties": { "Layer": "Layer 1" }, "geometry": { "type": "LineString", "coordinates": [ [ -85.671, 25.7246 ], [ -85.632, 25.8886 ] ] } },
{ "type": "Feature", "properties": { "Layer": "Layer 1" }, "geometry": { "type": "LineString", "coordinates": [ [ -85.632, 25.8886 ], [ -85.628, 25.9528 ] ] } },
{ "type": "Feature", "properties": { "Layer": "Layer 1" }, "geometry": { "type": "LineString", "coordinates": [ [ -85.628, 25.9528 ], [ -85.571, 26.0348 ] ] } },
{ "type": "Feature", "properties": { "Layer": "Layer 1" }, "geometry": { "type": "LineString", "coordinates": [ [ -85.571, 26.0348 ], [ -85.575, 26.0597 ] ] } },
{ "type": "Feature", "properties": { "Layer": "Layer 1" }, "geometry": { "type": "LineString", "coordinates": [ [ -85.575, 26.0597 ], [ -85.6, 26.0134 ] ] } },
{ "type": "Feature", "properties": { "Layer": "Layer 1" }, "geometry": { "type": "LineString", "coordinates": [ [ -85.6, 26.0134 ], [ -85.618, 25.9599 ] ] } },
{ "type": "Feature", "properties": { "Layer": "Layer 1" }, "geometry": { "type": "LineString", "coordinates": [ [ -85.618, 25.9599 ], [ -85.582, 25.967 ] ] } },
{ "type": "Feature", "properties": { "Layer": "Layer 1" }, "geometry": { "type": "LineString", "coordinates": [ [ -85.582, 25.967 ], [ -84.652, 25.967 ] ] } },
{ "type": "Feature", "properties": { "Layer": "Layer 1" }, "geometry": { "type": "LineString", "coordinates": [ [ -84.652, 25.967 ], [ -84.441, 26.049 ] ] } },
{ "type": "Feature", "properties": { "Layer": "Layer 1" }, "geometry": { "type": "LineString", "coordinates": [ [ -84.441, 26.049 ], [ -84.366, 26.0526 ] ] } },
{ "type": "Feature", "properties": { "Layer": "Layer 1" }, "geometry": { "type": "LineString", "coordinates": [ [ -84.366, 26.0526 ], [ -84.349, 26.1096 ] ] } },
{ "type": "Feature", "properties": { "Layer": "Layer 1" }, "geometry": { "type": "LineString", "coordinates": [ [ -84.349, 26.1096 ], [ -84.053, 26.2202 ] ] } },
{ "type": "Feature", "properties": { "Layer": "Layer 1" }, "geometry": { "type": "LineString", "coordinates": [ [ -84.053, 26.2202 ], [ -83.746, 26.3378 ] ] } },
{ "type": "Feature", "properties": { "Layer": "Layer 1" }, "geometry": { "type": "LineString", "coordinates": [ [ -83.746, 26.3378 ], [ -83.504, 26.4733 ] ] } },
{ "type": "Feature", "properties": { "Layer": "Layer 1" }, "geometry": { "type": "LineString", "coordinates": [ [ -83.504, 26.4733 ], [ -83.479, 26.6622 ] ] } },
{ "type": "Feature", "properties": { "Layer": "Layer 1" }, "geometry": { "type": "LineString", "coordinates": [ [ -83.479, 26.6622 ], [ -83.475, 26.762 ] ] } },
{ "type": "Feature", "properties": { "Layer": "Layer 1" }, "geometry": { "type": "LineString", "coordinates": [ [ -83.475, 26.762 ], [ -83.422, 26.8298 ] ] } },
{ "type": "Feature", "properties": { "Layer": "Layer 1" }, "geometry": { "type": "LineString", "coordinates": [ [ -83.422, 26.8298 ], [ -83.219, 26.9403 ] ] } },
{ "type": "Feature", "properties": { "Layer": "Layer 1" }, "geometry": { "type": "LineString", "coordinates": [ [ -83.219, 26.9403 ], [ -83.09, 27.0686 ] ] } },
{ "type": "Feature", "properties": { "Layer": "Layer 1" }, "geometry": { "type": "LineString", "coordinates": [ [ -83.09, 27.0686 ], [ -82.555, 28.0383 ] ] } },
{ "type": "Feature", "properties": { "Layer": "Layer 1" }, "geometry": { "type": "LineString", "coordinates": [ [ -82.555, 28.0383 ], [ -82.413, 28.0989 ] ] } },
{ "type": "Feature", "properties": { "Layer": "Layer 1" }, "geometry": { "type": "LineString", "coordinates": [ [ -82.413, 28.0989 ], [ -82.231, 28.2842 ] ] } },
{ "type": "Feature", "properties": { "Layer": "Layer 1" }, "geometry": { "type": "LineString", "coordinates": [ [ -82.231, 28.2842 ], [ -81.885, 28.4482 ] ] } },
{ "type": "Feature", "properties": { "Layer": "Layer 1" }, "geometry": { "type": "LineString", "coordinates": [ [ -81.885, 28.4482 ], [ -81.796, 28.5445 ] ] } },
{ "type": "Feature", "properties": { "Layer": "Layer 1" }, "geometry": { "type": "LineString", "coordinates": [ [ -81.796, 28.5445 ], [ -81.703, 28.6871 ] ] } },
{ "type": "Feature", "properties": { "Layer": "Layer 1" }, "geometry": { "type": "LineString", "coordinates": [ [ -81.703, 28.6871 ], [ -81.557, 28.9224 ] ] } },
{ "type": "Feature", "properties": { "Layer": "Layer 1" }, "geometry": { "type": "LineString", "coordinates": [ [ -81.557, 28.9224 ], [ -81.55, 28.9616 ] ] } },
{ "type": "Feature", "properties": { "Layer": "Layer 1" }, "geometry": { "type": "LineString", "coordinates": [ [ -81.55, 28.9616 ], [ -81.482, 29.0329 ] ] } },
{ "type": "Feature", "properties": { "Layer": "Layer 1" }, "geometry": { "type": "LineString", "coordinates": [ [ -81.482, 29.0329 ], [ -81.465, 29.1077 ] ] } },
{ "type": "Feature", "properties": { "Layer": "Layer 1" }, "geometry": { "type": "LineString", "coordinates": [ [ -81.465, 29.1077 ], [ -81.351, 29.2539 ] ] } },
{ "type": "Feature", "properties": { "Layer": "Layer 1" }, "geometry": { "type": "LineString", "coordinates": [ [ -81.351, 29.2539 ], [ -81.197, 29.3145 ] ] } },
{ "type": "Feature", "properties": { "Layer": "Layer 1" }, "geometry": { "type": "LineString", "coordinates": [ [ -81.197, 29.3145 ], [ -81.087, 29.2289 ] ] } },
{ "type": "Feature", "properties": { "Layer": "Layer 1" }, "geometry": { "type": "LineString", "coordinates": [ [ -81.087, 29.2289 ], [ -81.005, 29.3395 ] ] } },
{ "type": "Feature", "properties": { "Layer": "Layer 1" }, "geometry": { "type": "LineString", "coordinates": [ [ -81.005, 29.3395 ], [ -80.855, 29.646 ] ] } },
{ "type": "Feature", "properties": { "Layer": "Layer 1" }, "geometry": { "type": "LineString", "coordinates": [ [ -80.855, 29.646 ], [ -80.755, 29.7102 ] ] } },
{ "type": "Feature", "properties": { "Layer": "Layer 1" }, "geometry": { "type": "LineString", "coordinates": [ [ -80.755, 29.7102 ], [ -80.673, 29.8278 ] ] } },
{ "type": "Feature", "properties": { "Layer": "Layer 1" }, "geometry": { "type": "LineString", "coordinates": [ [ -80.673, 29.8278 ], [ -80.52, 29.9455 ] ] } },
{ "type": "Feature", "properties": { "Layer": "Layer 1" }, "geometry": { "type": "LineString", "coordinates": [ [ -80.52, 29.9455 ], [ -80.263, 30.0596 ] ] } },
{ "type": "Feature", "properties": { "Layer": "Layer 1" }, "geometry": { "type": "LineString", "coordinates": [ [ -80.263, 30.0596 ], [ -80.16, 30.1273 ] ] } },
{ "type": "Feature", "properties": { "Layer": "Layer 1" }, "geometry": { "type": "LineString", "coordinates": [ [ -80.16, 30.1273 ], [ -80.056, 30.2449 ] ] } },
{ "type": "Feature", "properties": { "Layer": "Layer 1" }, "geometry": { "type": "LineString", "coordinates": [ [ -80.056, 30.2449 ], [ -79.935, 30.4089 ] ] } },
{ "type": "Feature", "properties": { "Layer": "Layer 1" }, "geometry": { "type": "LineString", "coordinates": [ [ -79.935, 30.4089 ], [ -79.714, 30.6086 ] ] } },
{ "type": "Feature", "properties": { "Layer": "Layer 1" }, "geometry": { "type": "LineString", "coordinates": [ [ -79.714, 30.6086 ], [ -79.511, 30.8046 ] ] } },
{ "type": "Feature", "properties": { "Layer": "Layer 1" }, "geometry": { "type": "LineString", "coordinates": [ [ -79.511, 30.8046 ], [ -79.372, 31.0292 ] ] } },
{ "type": "Feature", "properties": { "Layer": "Layer 1" }, "geometry": { "type": "LineString", "coordinates": [ [ -79.372, 31.0292 ], [ -79.261, 31.1112 ] ] } },
{ "type": "Feature", "properties": { "Layer": "Layer 1" }, "geometry": { "type": "LineString", "coordinates": [ [ -79.261, 31.1112 ], [ -79.169, 31.1896 ] ] } },
{ "type": "Feature", "properties": { "Layer": "Layer 1" }, "geometry": { "type": "LineString", "coordinates": [ [ -79.169, 31.1896 ], [ -79.019, 31.3821 ] ] } },
{ "type": "Feature", "properties": { "Layer": "Layer 1" }, "geometry": { "type": "LineString", "coordinates": [ [ -79.019, 31.3821 ], [ -78.827, 31.5533 ] ] } },
{ "type": "Feature", "properties": { "Layer": "Layer 1" }, "geometry": { "type": "LineString", "coordinates": [ [ -78.827, 31.5533 ], [ -78.802, 31.6032 ] ] } },
{ "type": "Feature", "properties": { "Layer": "Layer 1" }, "geometry": { "type": "LineString", "coordinates": [ [ -78.802, 31.6032 ], [ -78.288, 31.9882 ] ] } },
{ "type": "Feature", "properties": { "Layer": "Layer 1" }, "geometry": { "type": "LineString", "coordinates": [ [ -78.288, 31.9882 ], [ -78.221, 32.1094 ] ] } },
{ "type": "Feature", "properties": { "Layer": "Layer 1" }, "geometry": { "type": "LineString", "coordinates": [ [ -78.221, 32.1094 ], [ -78.185, 32.1629 ] ] } },
{ "type": "Feature", "properties": { "Layer": "Layer 1" }, "geometry": { "type": "LineString", "coordinates": [ [ -78.185, 32.1629 ], [ -78.039, 32.2662 ] ] } },
{ "type": "Feature", "properties": { "Layer": "Layer 1" }, "geometry": { "type": "LineString", "coordinates": [ [ -78.039, 32.2662 ], [ -77.743, 32.4659 ] ] } },
{ "type": "Feature", "properties": { "Layer": "Layer 1" }, "geometry": { "type": "LineString", "coordinates": [ [ -77.743, 32.4659 ], [ -77.611, 32.5301 ] ] } },
{ "type": "Feature", "properties": { "Layer": "Layer 1" }, "geometry": { "type": "LineString", "coordinates": [ [ -77.611, 32.5301 ], [ -77.547, 32.5871 ] ] } },
{ "type": "Feature", "properties": { "Layer": "Layer 1" }, "geometry": { "type": "LineString", "coordinates": [ [ -77.547, 32.5871 ], [ -77.197, 32.6584 ] ] } },
{ "type": "Feature", "properties": { "Layer": "Layer 1" }, "geometry": { "type": "LineString", "coordinates": [ [ -77.197, 32.6584 ], [ -77.065, 32.5693 ] ] } },
{ "type": "Feature", "properties": { "Layer": "Layer 1" }, "geometry": { "type": "LineString", "coordinates": [ [ -77.065, 32.5693 ], [ -76.976, 32.4623 ] ] } },
{ "type": "Feature", "properties": { "Layer": "Layer 1" }, "geometry": { "type": "LineString", "coordinates": [ [ -76.976, 32.4623 ], [ -76.919, 32.4766 ] ] } },
{ "type": "Feature", "properties": { "Layer": "Layer 1" }, "geometry": { "type": "LineString", "coordinates": [ [ -76.919, 32.4766 ], [ -76.919, 32.5407 ] ] } },
{ "type": "Feature", "properties": { "Layer": "Layer 1" }, "geometry": { "type": "LineString", "coordinates": [ [ -76.919, 32.5407 ], [ -76.477, 32.6013 ] ] } },
{ "type": "Feature", "properties": { "Layer": "Layer 1" }, "geometry": { "type": "LineString", "coordinates": [ [ -76.477, 32.6013 ], [ -76.52, 32.8865 ] ] } },
{ "type": "Feature", "properties": { "Layer": "Layer 1" }, "geometry": { "type": "LineString", "coordinates": [ [ -76.52, 32.8865 ], [ -76.078, 33.2502 ] ] } },
{ "type": "Feature", "properties": { "Layer": "Layer 1" }, "geometry": { "type": "LineString", "coordinates": [ [ -76.078, 33.2502 ], [ -76.042, 33.4427 ] ] } },
{ "type": "Feature", "properties": { "Layer": "Layer 1" }, "geometry": { "type": "LineString", "coordinates": [ [ -76.042, 33.4427 ], [ -75.996, 33.7243 ] ] } },
{ "type": "Feature", "properties": { "Layer": "Layer 1" }, "geometry": { "type": "LineString", "coordinates": [ [ -75.996, 33.7243 ], [ -76.107, 34.038 ] ] } },
{ "type": "Feature", "properties": { "Layer": "Layer 1" }, "geometry": { "type": "LineString", "coordinates": [ [ -76.107, 34.038 ], [ -76.096, 34.2911 ] ] } },
{ "type": "Feature", "properties": { "Layer": "Layer 1" }, "geometry": { "type": "LineString", "coordinates": [ [ -76.096, 34.2911 ], [ -76.028, 34.423 ] ] } },
{ "type": "Feature", "properties": { "Layer": "Layer 1" }, "geometry": { "type": "LineString", "coordinates": [ [ -76.028, 34.423 ], [ -75.889, 34.5692 ] ] } },
{ "type": "Feature", "properties": { "Layer": "Layer 1" }, "geometry": { "type": "LineString", "coordinates": [ [ -75.889, 34.5692 ], [ -75.739, 34.6726 ] ] } },
{ "type": "Feature", "properties": { "Layer": "Layer 1" }, "geometry": { "type": "LineString", "coordinates": [ [ -75.739, 34.6726 ], [ -75.607, 34.7724 ] ] } },
{ "type": "Feature", "properties": { "Layer": "Layer 1" }, "geometry": { "type": "LineString", "coordinates": [ [ -75.607, 34.7724 ], [ -75.518, 34.8579 ] ] } },
{ "type": "Feature", "properties": { "Layer": "Layer 1" }, "geometry": { "type": "LineString", "coordinates": [ [ -75.518, 34.8579 ], [ -75.351, 34.9221 ] ] } },
{ "type": "Feature", "properties": { "Layer": "Layer 1" }, "geometry": { "type": "LineString", "coordinates": [ [ -75.351, 34.9221 ], [ -75.251, 34.8686 ] ] } },
{ "type": "Feature", "properties": { "Layer": "Layer 1" }, "geometry": { "type": "LineString", "coordinates": [ [ -75.251, 34.8686 ], [ -75.126, 34.7011 ] ] } },
{ "type": "Feature", "properties": { "Layer": "Layer 1" }, "geometry": { "type": "LineString", "coordinates": [ [ -75.126, 34.7011 ], [ -74.955, 34.6048 ] ] } },
{ "type": "Feature", "properties": { "Layer": "Layer 1" }, "geometry": { "type": "LineString", "coordinates": [ [ -74.955, 34.6048 ], [ -74.788, 34.6547 ] ] } },
{ "type": "Feature", "properties": { "Layer": "Layer 1" }, "geometry": { "type": "LineString", "coordinates": [ [ -74.788, 34.6547 ], [ -74.616, 34.6583 ] ] } },
{ "type": "Feature", "properties": { "Layer": "Layer 1" }, "geometry": { "type": "LineString", "coordinates": [ [ -74.616, 34.6583 ], [ -74.616, 34.7225 ] ] } },
{ "type": "Feature", "properties": { "Layer": "Layer 1" }, "geometry": { "type": "LineString", "coordinates": [ [ -74.616, 34.7225 ], [ -74.534, 34.726 ] ] } },
{ "type": "Feature", "properties": { "Layer": "Layer 1" }, "geometry": { "type": "LineString", "coordinates": [ [ -74.534, 34.726 ], [ -74.385, 34.6761 ] ] } },
{ "type": "Feature", "properties": { "Layer": "Layer 1" }, "geometry": { "type": "LineString", "coordinates": [ [ -74.385, 34.6761 ], [ -74.374, 34.7973 ] ] } },
{ "type": "Feature", "properties": { "Layer": "Layer 1" }, "geometry": { "type": "LineString", "coordinates": [ [ -74.374, 34.7973 ], [ -74.192, 34.7225 ] ] } },
{ "type": "Feature", "properties": { "Layer": "Layer 1" }, "geometry": { "type": "LineString", "coordinates": [ [ -74.192, 34.7225 ], [ -74.124, 34.7902 ] ] } },
{ "type": "Feature", "properties": { "Layer": "Layer 1" }, "geometry": { "type": "LineString", "coordinates": [ [ -74.124, 34.7902 ], [ -74.114, 35.0576 ] ] } },
{ "type": "Feature", "properties": { "Layer": "Layer 1" }, "geometry": { "type": "LineString", "coordinates": [ [ -74.114, 35.0576 ], [ -74.021, 35.0754 ] ] } },
{ "type": "Feature", "properties": { "Layer": "Layer 1" }, "geometry": { "type": "LineString", "coordinates": [ [ -74.021, 35.0754 ], [ -74.021, 35.2002 ] ] } },
{ "type": "Feature", "properties": { "Layer": "Layer 1" }, "geometry": { "type": "LineString", "coordinates": [ [ -74.021, 35.2002 ], [ -74.067, 35.3784 ] ] } },
{ "type": "Feature", "properties": { "Layer": "Layer 1" }, "geometry": { "type": "LineString", "coordinates": [ [ -74.067, 35.3784 ], [ -74.021, 35.4426 ] ] } },
{ "type": "Feature", "properties": { "Layer": "Layer 1" }, "geometry": { "type": "LineString", "coordinates": [ [ -74.021, 35.4426 ], [ -73.982, 35.5174 ] ] } },
{ "type": "Feature", "properties": { "Layer": "Layer 1" }, "geometry": { "type": "LineString", "coordinates": [ [ -73.982, 35.5174 ], [ -73.704, 35.6957 ] ] } },
{ "type": "Feature", "properties": { "Layer": "Layer 1" }, "geometry": { "type": "LineString", "coordinates": [ [ -73.704, 35.6957 ], [ -73.511, 35.824 ] ] } },
{ "type": "Feature", "properties": { "Layer": "Layer 1" }, "geometry": { "type": "LineString", "coordinates": [ [ -73.511, 35.824 ], [ -73.821, 36.2518 ] ] } },
{ "type": "Feature", "properties": { "Layer": "Layer 1" }, "geometry": { "type": "LineString", "coordinates": [ [ -73.821, 36.2518 ], [ -73.829, 36.5477 ] ] } },
{ "type": "Feature", "properties": { "Layer": "Layer 1" }, "geometry": { "type": "LineString", "coordinates": [ [ -73.829, 36.5477 ], [ -73.818, 36.6083 ] ] } },
{ "type": "Feature", "properties": { "Layer": "Layer 1" }, "geometry": { "type": "LineString", "coordinates": [ [ -73.818, 36.6083 ], [ -73.75, 36.7117 ] ] } },
{ "type": "Feature", "properties": { "Layer": "Layer 1" }, "geometry": { "type": "LineString", "coordinates": [ [ -73.75, 36.7117 ], [ -73.704, 36.7866 ] ] } },
{ "type": "Feature", "properties": { "Layer": "Layer 1" }, "geometry": { "type": "LineString", "coordinates": [ [ -73.704, 36.7866 ], [ -73.351, 37.2785 ] ] } },
{ "type": "Feature", "properties": { "Layer": "Layer 1" }, "geometry": { "type": "LineString", "coordinates": [ [ -73.351, 37.2785 ], [ -73.233, 37.4175 ] ] } },
{ "type": "Feature", "properties": { "Layer": "Layer 1" }, "geometry": { "type": "LineString", "coordinates": [ [ -73.233, 37.4175 ], [ -73.226, 37.4568 ] ] } },
{ "type": "Feature", "properties": { "Layer": "Layer 1" }, "geometry": { "type": "LineString", "coordinates": [ [ -73.226, 37.4568 ], [ -73.108, 37.5601 ] ] } },
{ "type": "Feature", "properties": { "Layer": "Layer 1" }, "geometry": { "type": "LineString", "coordinates": [ [ -73.108, 37.5601 ], [ -73.08, 37.6136 ] ] } },
{ "type": "Feature", "properties": { "Layer": "Layer 1" }, "geometry": { "type": "LineString", "coordinates": [ [ -73.08, 37.6136 ], [ -73.001, 37.717 ] ] } },
{ "type": "Feature", "properties": { "Layer": "Layer 1" }, "geometry": { "type": "LineString", "coordinates": [ [ -73.001, 37.717 ], [ -72.866, 37.9273 ] ] } },
{ "type": "Feature", "properties": { "Layer": "Layer 1" }, "geometry": { "type": "LineString", "coordinates": [ [ -72.866, 37.9273 ], [ -72.884, 38.0378 ] ] } },
{ "type": "Feature", "properties": { "Layer": "Layer 1" }, "geometry": { "type": "LineString", "coordinates": [ [ -72.884, 38.0378 ], [ -72.959, 38.1626 ] ] } },
{ "type": "Feature", "properties": { "Layer": "Layer 1" }, "geometry": { "type": "LineString", "coordinates": [ [ -72.959, 38.1626 ], [ -72.884, 38.3801 ] ] } },
{ "type": "Feature", "properties": { "Layer": "Layer 1" }, "geometry": { "type": "LineString", "coordinates": [ [ -72.884, 38.3801 ], [ -72.663, 38.5262 ] ] } },
{ "type": "Feature", "properties": { "Layer": "Layer 1" }, "geometry": { "type": "LineString", "coordinates": [ [ -72.663, 38.5262 ], [ -72.645, 38.5583 ] ] } },
{ "type": "Feature", "properties": { "Layer": "Layer 1" }, "geometry": { "type": "LineString", "coordinates": [ [ -72.645, 38.5583 ], [ -72.517, 38.6546 ] ] } },
{ "type": "Feature", "properties": { "Layer": "Layer 1" }, "geometry": { "type": "LineString", "coordinates": [ [ -72.517, 38.6546 ], [ -72.363, 38.6795 ] ] } },
{ "type": "Feature", "properties": { "Layer": "Layer 1" }, "geometry": { "type": "LineString", "coordinates": [ [ -72.363, 38.6795 ], [ -72.01, 38.7793 ] ] } },
{ "type": "Feature", "properties": { "Layer": "Layer 1" }, "geometry": { "type": "LineString", "coordinates": [ [ -72.01, 38.7793 ], [ -71.536, 38.7294 ] ] } },
{ "type": "Feature", "properties": { "Layer": "Layer 1" }, "geometry": { "type": "LineString", "coordinates": [ [ -71.536, 38.7294 ], [ -71.408, 38.8186 ] ] } },
{ "type": "Feature", "properties": { "Layer": "Layer 1" }, "geometry": { "type": "LineString", "coordinates": [ [ -71.408, 38.8186 ], [ -71.215, 38.8293 ] ] } },
{ "type": "Feature", "properties": { "Layer": "Layer 1" }, "geometry": { "type": "LineString", "coordinates": [ [ -71.215, 38.8293 ], [ -71.019, 38.8542 ] ] } },
{ "type": "Feature", "properties": { "Layer": "Layer 1" }, "geometry": { "type": "LineString", "coordinates": [ [ -71.019, 38.8542 ], [ -70.823, 38.8899 ] ] } },
{ "type": "Feature", "properties": { "Layer": "Layer 1" }, "geometry": { "type": "LineString", "coordinates": [ [ -70.823, 38.8899 ], [ -70.816, 38.9897 ] ] } },
{ "type": "Feature", "properties": { "Layer": "Layer 1" }, "geometry": { "type": "LineString", "coordinates": [ [ -70.816, 38.9897 ], [ -70.82, 39.0931 ] ] } },
{ "type": "Feature", "properties": { "Layer": "Layer 1" }, "geometry": { "type": "LineString", "coordinates": [ [ -70.82, 39.0931 ], [ -70.77, 39.1394 ] ] } },
{ "type": "Feature", "properties": { "Layer": "Layer 1" }, "geometry": { "type": "LineString", "coordinates": [ [ -70.77, 39.1394 ], [ -70.709, 39.3212 ] ] } },
{ "type": "Feature", "properties": { "Layer": "Layer 1" }, "geometry": { "type": "LineString", "coordinates": [ [ -70.709, 39.3212 ], [ -70.674, 39.5422 ] ] } },
{ "type": "Feature", "properties": { "Layer": "Layer 1" }, "geometry": { "type": "LineString", "coordinates": [ [ -70.674, 39.5422 ], [ -70.567, 39.8096 ] ] } },
{ "type": "Feature", "properties": { "Layer": "Layer 1" }, "geometry": { "type": "LineString", "coordinates": [ [ -70.567, 39.8096 ], [ -70.442, 40.0342 ] ] } },
{ "type": "Feature", "properties": { "Layer": "Layer 1" }, "geometry": { "type": "LineString", "coordinates": [ [ -70.442, 40.0342 ], [ -70.42, 40.0698 ] ] } },
{ "type": "Feature", "properties": { "Layer": "Layer 1" }, "geometry": { "type": "LineString", "coordinates": [ [ -70.42, 40.0698 ], [ -70.353, 40.1411 ] ] } },
{ "type": "Feature", "properties": { "Layer": "Layer 1" }, "geometry": { "type": "LineString", "coordinates": [ [ -70.353, 40.1411 ], [ -70.346, 40.1768 ] ] } },
{ "type": "Feature", "properties": { "Layer": "Layer 1" }, "geometry": { "type": "LineString", "coordinates": [ [ -70.346, 40.1768 ], [ -70.353, 40.3087 ] ] } },
{ "type": "Feature", "properties": { "Layer": "Layer 1" }, "geometry": { "type": "LineString", "coordinates": [ [ -70.353, 40.3087 ], [ -70.26, 40.4299 ] ] } },
{ "type": "Feature", "properties": { "Layer": "Layer 1" }, "geometry": { "type": "LineString", "coordinates": [ [ -70.26, 40.4299 ], [ -69.886, 40.8719 ] ] } },
{ "type": "Feature", "properties": { "Layer": "Layer 1" }, "geometry": { "type": "LineString", "coordinates": [ [ -69.886, 40.8719 ], [ -69.789, 40.8648 ] ] } },
{ "type": "Feature", "properties": { "Layer": "Layer 1" }, "geometry": { "type": "LineString", "coordinates": [ [ -69.789, 40.8648 ], [ -69.775, 40.8684 ] ] } },
{ "type": "Feature", "properties": { "Layer": "Layer 1" }, "geometry": { "type": "LineString", "coordinates": [ [ -69.775, 40.8684 ], [ -69.811, 40.8826 ] ] } },
{ "type": "Feature", "properties": { "Layer": "Layer 1" }, "geometry": { "type": "LineString", "coordinates": [ [ -69.811, 40.8826 ], [ -69.804, 40.8933 ] ] } },
{ "type": "Feature", "properties": { "Layer": "Layer 1" }, "geometry": { "type": "LineString", "coordinates": [ [ -69.804, 40.8933 ], [ -69.825, 40.9361 ] ] } },
{ "type": "Feature", "properties": { "Layer": "Layer 1" }, "geometry": { "type": "LineString", "coordinates": [ [ -69.825, 40.9361 ], [ -69.9, 41.0538 ] ] } },
{ "type": "Feature", "properties": { "Layer": "Layer 1" }, "geometry": { "type": "LineString", "coordinates": [ [ -69.9, 41.0538 ], [ -69.857, 41.0395 ] ] } },
{ "type": "Feature", "properties": { "Layer": "Layer 1" }, "geometry": { "type": "LineString", "coordinates": [ [ -69.857, 41.0395 ], [ -69.818, 41.0324 ] ] } },
{ "type": "Feature", "properties": { "Layer": "Layer 1" }, "geometry": { "type": "LineString", "coordinates": [ [ -69.818, 41.0324 ], [ -69.907, 41.0573 ] ] } },
{ "type": "Feature", "properties": { "Layer": "Layer 1" }, "geometry": { "type": "LineString", "coordinates": [ [ -69.907, 41.0573 ], [ -69.861, 41.0645 ] ] } },
{ "type": "Feature", "properties": { "Layer": "Layer 1" }, "geometry": { "type": "LineString", "coordinates": [ [ -69.861, 41.0645 ], [ -69.832, 41.1037 ] ] } },
{ "type": "Feature", "properties": { "Layer": "Layer 1" }, "geometry": { "type": "LineString", "coordinates": [ [ -69.832, 41.1037 ], [ -69.601, 41.3033 ] ] } },
{ "type": "Feature", "properties": { "Layer": "Layer 1" }, "geometry": { "type": "LineString", "coordinates": [ [ -69.601, 41.3033 ], [ -69.604, 41.3033 ] ] } },
{ "type": "Feature", "properties": { "Layer": "Layer 1" }, "geometry": { "type": "LineString", "coordinates": [ [ -69.604, 41.3033 ], [ -69.743, 41.2748 ] ] } },
{ "type": "Feature", "properties": { "Layer": "Layer 1" }, "geometry": { "type": "LineString", "coordinates": [ [ -69.743, 41.2748 ], [ -69.829, 41.2035 ] ] } },
{ "type": "Feature", "properties": { "Layer": "Layer 1" }, "geometry": { "type": "LineString", "coordinates": [ [ -69.829, 41.2035 ], [ -69.789, 41.1678 ] ] } },
{ "type": "Feature", "properties": { "Layer": "Layer 1" }, "geometry": { "type": "LineString", "coordinates": [ [ -69.789, 41.1678 ], [ -69.811, 41.15 ] ] } },
{ "type": "Feature", "properties": { "Layer": "Layer 1" }, "geometry": { "type": "LineString", "coordinates": [ [ -69.811, 41.15 ], [ -69.822, 41.1358 ] ] } },
{ "type": "Feature", "properties": { "Layer": "Layer 1" }, "geometry": { "type": "LineString", "coordinates": [ [ -69.822, 41.1358 ], [ -69.768, 41.1607 ] ] } },
{ "type": "Feature", "properties": { "Layer": "Layer 1" }, "geometry": { "type": "LineString", "coordinates": [ [ -69.768, 41.1607 ], [ -69.8, 41.1322 ] ] } },
{ "type": "Feature", "properties": { "Layer": "Layer 1" }, "geometry": { "type": "LineString", "coordinates": [ [ -69.8, 41.1322 ], [ -69.832, 41.0858 ] ] } },
{ "type": "Feature", "properties": { "Layer": "Layer 1" }, "geometry": { "type": "LineString", "coordinates": [ [ -69.832, 41.0858 ], [ -69.889, 41.0538 ] ] } },
{ "type": "Feature", "properties": { "Layer": "Layer 1" }, "geometry": { "type": "LineString", "coordinates": [ [ -69.889, 41.0538 ], [ -69.871, 41.0894 ] ] } },
{ "type": "Feature", "properties": { "Layer": "Layer 1" }, "geometry": { "type": "LineString", "coordinates": [ [ -69.871, 41.0894 ], [ -69.886, 41.2391 ] ] } },
{ "type": "Feature", "properties": { "Layer": "Layer 1" }, "geometry": { "type": "LineString", "coordinates": [ [ -69.886, 41.2391 ], [ -69.843, 41.1928 ] ] } },
{ "type": "Feature", "properties": { "Layer": "Layer 1" }, "geometry": { "type": "LineString", "coordinates": [ [ -69.843, 41.1928 ], [ -69.797, 41.1464 ] ] } },
{ "type": "Feature", "properties": { "Layer": "Layer 1" }, "geometry": { "type": "LineString", "coordinates": [ [ -69.797, 41.1464 ], [ -69.811, 41.1678 ] ] } },
{ "type": "Feature", "properties": { "Layer": "Layer 1" }, "geometry": { "type": "LineString", "coordinates": [ [ -69.811, 41.1678 ], [ -69.729, 41.232 ] ] } },
{ "type": "Feature", "properties": { "Layer": "Layer 1" }, "geometry": { "type": "LineString", "coordinates": [ [ -69.729, 41.232 ], [ -69.857, 41.0965 ] ] } },
{ "type": "Feature", "properties": { "Layer": "Layer 1" }, "geometry": { "type": "LineString", "coordinates": [ [ -69.857, 41.0965 ], [ -69.896, 41.0538 ] ] } },
{ "type": "Feature", "properties": { "Layer": "Layer 1" }, "geometry": { "type": "LineString", "coordinates": [ [ -69.896, 41.0538 ], [ -70.175, 40.9468 ] ] } },
{ "type": "Feature", "properties": { "Layer": "Layer 1" }, "geometry": { "type": "LineString", "coordinates": [ [ -70.175, 40.9468 ], [ -70.214, 40.9326 ] ] } },
{ "type": "Feature", "properties": { "Layer": "Layer 1" }, "geometry": { "type": "LineString", "coordinates": [ [ -70.214, 40.9326 ], [ -70.128, 40.9468 ] ] } },
{ "type": "Feature", "properties": { "Layer": "Layer 1" }, "geometry": { "type": "LineString", "coordinates": [ [ -70.128, 40.9468 ], [ -69.918, 40.9112 ] ] } },
{ "type": "Feature", "properties": { "Layer": "Layer 1" }, "geometry": { "type": "LineString", "coordinates": [ [ -69.918, 40.9112 ], [ -69.975, 40.8791 ] ] } },
{ "type": "Feature", "properties": { "Layer": "Layer 1" }, "geometry": { "type": "LineString", "coordinates": [ [ -69.975, 40.8791 ], [ -70.135, 40.7222 ] ] } },
{ "type": "Feature", "properties": { "Layer": "Layer 1" }, "geometry": { "type": "LineString", "coordinates": [ [ -70.135, 40.7222 ], [ -70.157, 40.6117 ] ] } },
{ "type": "Feature", "properties": { "Layer": "Layer 1" }, "geometry": { "type": "LineString", "coordinates": [ [ -70.157, 40.6117 ], [ -70.096, 40.6509 ] ] } },
{ "type": "Feature", "properties": { "Layer": "Layer 1" }, "geometry": { "type": "LineString", "coordinates": [ [ -70.096, 40.6509 ], [ -70.114, 40.7472 ] ] } },
{ "type": "Feature", "properties": { "Layer": "Layer 1" }, "geometry": { "type": "LineString", "coordinates": [ [ -70.114, 40.7472 ], [ -69.789, 41.1286 ] ] } },
{ "type": "Feature", "properties": { "Layer": "Layer 1" }, "geometry": { "type": "LineString", "coordinates": [ [ -69.789, 41.1286 ], [ -69.793, 41.1892 ] ] } },
{ "type": "Feature", "properties": { "Layer": "Layer 1" }, "geometry": { "type": "LineString", "coordinates": [ [ -69.793, 41.1892 ], [ -69.889, 41.257 ] ] } },
{ "type": "Feature", "properties": { "Layer": "Layer 1" }, "geometry": { "type": "LineString", "coordinates": [ [ -69.889, 41.257 ], [ -69.914, 41.3461 ] ] } },
{ "type": "Feature", "properties": { "Layer": "Layer 1" }, "geometry": { "type": "LineString", "coordinates": [ [ -69.914, 41.3461 ], [ -69.836, 41.5029 ] ] } },
{ "type": "Feature", "properties": { "Layer": "Layer 1" }, "geometry": { "type": "LineString", "coordinates": [ [ -69.836, 41.5029 ], [ -69.754, 41.642 ] ] } },
{ "type": "Feature", "properties": { "Layer": "Layer 1" }, "geometry": { "type": "LineString", "coordinates": [ [ -69.754, 41.642 ], [ -69.64, 41.6562 ] ] } },
{ "type": "Feature", "properties": { "Layer": "Layer 1" }, "geometry": { "type": "LineString", "coordinates": [ [ -69.64, 41.6562 ], [ -69.576, 41.7418 ] ] } },
{ "type": "Feature", "properties": { "Layer": "Layer 1" }, "geometry": { "type": "LineString", "coordinates": [ [ -69.576, 41.7418 ], [ -69.433, 41.7774 ] ] } },
{ "type": "Feature", "properties": { "Layer": "Layer 1" }, "geometry": { "type": "LineString", "coordinates": [ [ -69.433, 41.7774 ], [ -68.959, 42.0484 ] ] } },
{ "type": "Feature", "properties": { "Layer": "Layer 1" }, "geometry": { "type": "LineString", "coordinates": [ [ -68.959, 42.0484 ], [ -68.834, 42.2337 ] ] } },
{ "type": "Feature", "properties": { "Layer": "Layer 1" }, "geometry": { "type": "LineString", "coordinates": [ [ -68.834, 42.2337 ], [ -68.795, 42.33 ] ] } },
{ "type": "Feature", "properties": { "Layer": "Layer 1" }, "geometry": { "type": "LineString", "coordinates": [ [ -68.795, 42.33 ], [ -68.749, 42.4049 ] ] } },
{ "type": "Feature", "properties": { "Layer": "Layer 1" }, "geometry": { "type": "LineString", "coordinates": [ [ -68.749, 42.4049 ], [ -68.456, 42.7863 ] ] } },
{ "type": "Feature", "properties": { "Layer": "Layer 1" }, "geometry": { "type": "LineString", "coordinates": [ [ -68.456, 42.7863 ], [ -68.438, 42.8148 ] ] } },
{ "type": "Feature", "properties": { "Layer": "Layer 1" }, "geometry": { "type": "LineString", "coordinates": [ [ -68.438, 42.8148 ], [ -68.36, 42.7614 ] ] } },
{ "type": "Feature", "properties": { "Layer": "Layer 1" }, "geometry": { "type": "LineString", "coordinates": [ [ -68.36, 42.7614 ], [ -68.57, 42.6901 ] ] } },
{ "type": "Feature", "properties": { "Layer": "Layer 1" }, "geometry": { "type": "LineString", "coordinates": [ [ -68.57, 42.6901 ], [ -68.731, 42.7186 ] ] } },
{ "type": "Feature", "properties": { "Layer": "Layer 1" }, "geometry": { "type": "LineString", "coordinates": [ [ -68.731, 42.7186 ], [ -68.766, 42.5831 ] ] } },
{ "type": "Feature", "properties": { "Layer": "Layer 1" }, "geometry": { "type": "LineString", "coordinates": [ [ -68.766, 42.5831 ], [ -68.684, 42.4156 ] ] } },
{ "type": "Feature", "properties": { "Layer": "Layer 1" }, "geometry": { "type": "LineString", "coordinates": [ [ -68.684, 42.4156 ], [ -68.688, 42.4156 ] ] } },
{ "type": "Feature", "properties": { "Layer": "Layer 1" }, "geometry": { "type": "LineString", "coordinates": [ [ -68.688, 42.4156 ], [ -68.631, 42.494 ] ] } },
{ "type": "Feature", "properties": { "Layer": "Layer 1" }, "geometry": { "type": "LineString", "coordinates": [ [ -68.631, 42.494 ], [ -68.652, 42.4869 ] ] } },
{ "type": "Feature", "properties": { "Layer": "Layer 1" }, "geometry": { "type": "LineString", "coordinates": [ [ -68.652, 42.4869 ], [ -68.627, 42.6615 ] ] } },
{ "type": "Feature", "properties": { "Layer": "Layer 1" }, "geometry": { "type": "LineString", "coordinates": [ [ -68.627, 42.6615 ], [ -68.642, 42.6437 ] ] } },
{ "type": "Feature", "properties": { "Layer": "Layer 1" }, "geometry": { "type": "LineString", "coordinates": [ [ -68.642, 42.6437 ], [ -68.674, 42.6687 ] ] } },
{ "type": "Feature", "properties": { "Layer": "Layer 1" }, "geometry": { "type": "LineString", "coordinates": [ [ -68.674, 42.6687 ], [ -68.684, 42.6758 ] ] } },
{ "type": "Feature", "properties": { "Layer": "Layer 1" }, "geometry": { "type": "LineString", "coordinates": [ [ -68.684, 42.6758 ], [ -68.634, 42.6116 ] ] } },
{ "type": "Feature", "properties": { "Layer": "Layer 1" }, "geometry": { "type": "LineString", "coordinates": [ [ -68.634, 42.6116 ], [ -68.638, 42.6116 ] ] } },
{ "type": "Feature", "properties": { "Layer": "Layer 1" }, "geometry": { "type": "LineString", "coordinates": [ [ -68.638, 42.6116 ], [ -68.716, 42.6045 ] ] } },
{ "type": "Feature", "properties": { "Layer": "Layer 1" }, "geometry": { "type": "LineString", "coordinates": [ [ -68.716, 42.6045 ], [ -68.592, 42.633 ] ] } },
{ "type": "Feature", "properties": { "Layer": "Layer 1" }, "geometry": { "type": "LineString", "coordinates": [ [ -68.592, 42.633 ], [ -68.613, 42.6473 ] ] } },
{ "type": "Feature", "properties": { "Layer": "Layer 1" }, "geometry": { "type": "LineString", "coordinates": [ [ -68.613, 42.6473 ], [ -68.845, 42.7114 ] ] } },
{ "type": "Feature", "properties": { "Layer": "Layer 1" }, "geometry": { "type": "LineString", "coordinates": [ [ -68.845, 42.7114 ], [ -68.955, 42.7007 ] ] } },
{ "type": "Feature", "properties": { "Layer": "Layer 1" }, "geometry": { "type": "LineString", "coordinates": [ [ -68.955, 42.7007 ], [ -68.98, 42.6901 ] ] } },
{ "type": "Feature", "properties": { "Layer": "Layer 1" }, "geometry": { "type": "LineString", "coordinates": [ [ -68.98, 42.6901 ], [ -68.984, 42.6901 ] ] } },
{ "type": "Feature", "properties": { "Layer": "Layer 1" }, "geometry": { "type": "LineString", "coordinates": [ [ -68.984, 42.6901 ], [ -69.023, 42.6794 ] ] } },
{ "type": "Feature", "properties": { "Layer": "Layer 1" }, "geometry": { "type": "LineString", "coordinates": [ [ -69.023, 42.6794 ], [ -69.023, 42.6794 ] ] } },
{ "type": "Feature", "properties": { "Layer": "Layer 1" }, "geometry": { "type": "LineString", "coordinates": [ [ -69.023, 42.6794 ], [ -69.169, 42.6508 ] ] } },
{ "type": "Feature", "properties": { "Layer": "Layer 1" }, "geometry": { "type": "LineString", "coordinates": [ [ -69.169, 42.6508 ], [ -69.169, 42.6758 ] ] } },
{ "type": "Feature", "properties": { "Layer": "Layer 1" }, "geometry": { "type": "LineString", "coordinates": [ [ -69.169, 42.6758 ], [ -69.159, 42.8327 ] ] } },
{ "type": "Feature", "properties": { "Layer": "Layer 1" }, "geometry": { "type": "LineString", "coordinates": [ [ -69.159, 42.8327 ], [ -69.18, 42.8255 ] ] } },
{ "type": "Feature", "properties": { "Layer": "Layer 1" }, "geometry": { "type": "LineString", "coordinates": [ [ -69.18, 42.8255 ], [ -69.248, 42.8398 ] ] } },
{ "type": "Feature", "properties": { "Layer": "Layer 1" }, "geometry": { "type": "LineString", "coordinates": [ [ -69.248, 42.8398 ], [ -69.248, 42.8968 ] ] } },
{ "type": "Feature", "properties": { "Layer": "Layer 1" }, "geometry": { "type": "LineString", "coordinates": [ [ -69.248, 42.8968 ], [ -69.276, 42.8826 ] ] } },
{ "type": "Feature", "properties": { "Layer": "Layer 1" }, "geometry": { "type": "LineString", "coordinates": [ [ -69.276, 42.8826 ], [ -69.568, 42.4476 ] ] } },
{ "type": "Feature", "properties": { "Layer": "Layer 1" }, "geometry": { "type": "LineString", "coordinates": [ [ -69.568, 42.4476 ], [ -69.547, 42.4904 ] ] } },
{ "type": "Feature", "properties": { "Layer": "Layer 1" }, "geometry": { "type": "LineString", "coordinates": [ [ -69.547, 42.4904 ], [ -68.756, 42.715 ] ] } },
{ "type": "Feature", "properties": { "Layer": "Layer 1" }, "geometry": { "type": "LineString", "coordinates": [ [ -68.756, 42.715 ], [ -68.798, 42.74 ] ] } },
{ "type": "Feature", "properties": { "Layer": "Layer 1" }, "geometry": { "type": "LineString", "coordinates": [ [ -68.798, 42.74 ], [ -68.766, 42.9289 ] ] } },
{ "type": "Feature", "properties": { "Layer": "Layer 1" }, "geometry": { "type": "LineString", "coordinates": [ [ -68.766, 42.9289 ], [ -68.542, 42.8933 ] ] } },
{ "type": "Feature", "properties": { "Layer": "Layer 1" }, "geometry": { "type": "LineString", "coordinates": [ [ -68.542, 42.8933 ], [ -69.568, 42.4583 ] ] } },
{ "type": "Feature", "properties": { "Layer": "Layer 1" }, "geometry": { "type": "LineString", "coordinates": [ [ -69.568, 42.4583 ], [ -69.494, 42.4904 ] ] } },
{ "type": "Feature", "properties": { "Layer": "Layer 1" }, "geometry": { "type": "LineString", "coordinates": [ [ -69.494, 42.4904 ], [ -69.319, 42.4405 ] ] } },
{ "type": "Feature", "properties": { "Layer": "Layer 1" }, "geometry": { "type": "LineString", "coordinates": [ [ -69.319, 42.4405 ], [ -69.287, 42.3692 ] ] } },
{ "type": "Feature", "properties": { "Layer": "Layer 1" }, "geometry": { "type": "LineString", "coordinates": [ [ -69.287, 42.3692 ], [ -69.248, 42.2943 ] ] } },
{ "type": "Feature", "properties": { "Layer": "Layer 1" }, "geometry": { "type": "LineString", "coordinates": [ [ -69.248, 42.2943 ], [ -69.322, 42.2302 ] ] } },
{ "type": "Feature", "properties": { "Layer": "Layer 1" }, "geometry": { "type": "LineString", "coordinates": [ [ -69.322, 42.2302 ], [ -69.29, 42.2551 ] ] } },
{ "type": "Feature", "properties": { "Layer": "Layer 1" }, "geometry": { "type": "LineString", "coordinates": [ [ -69.29, 42.2551 ], [ -69.394, 42.2943 ] ] } },
{ "type": "Feature", "properties": { "Layer": "Layer 1" }, "geometry": { "type": "LineString", "coordinates": [ [ -69.394, 42.2943 ], [ -69.501, 42.4904 ] ] } },
{ "type": "Feature", "properties": { "Layer": "Layer 1" }, "geometry": { "type": "LineString", "coordinates": [ [ -69.501, 42.4904 ], [ -69.451, 42.5724 ] ] } },
{ "type": "Feature", "properties": { "Layer": "Layer 1" }, "geometry": { "type": "LineString", "coordinates": [ [ -69.451, 42.5724 ], [ -69.216, 42.7792 ] ] } },
{ "type": "Feature", "properties": { "Layer": "Layer 1" }, "geometry": { "type": "LineString", "coordinates": [ [ -69.216, 42.7792 ], [ -69.226, 42.7186 ] ] } },
{ "type": "Feature", "properties": { "Layer": "Layer 1" }, "geometry": { "type": "LineString", "coordinates": [ [ -69.226, 42.7186 ], [ -69.397, 42.4263 ] ] } },
{ "type": "Feature", "properties": { "Layer": "Layer 1" }, "geometry": { "type": "LineString", "coordinates": [ [ -69.397, 42.4263 ], [ -69.529, 42.3799 ] ] } },
{ "type": "Feature", "properties": { "Layer": "Layer 1" }, "geometry": { "type": "LineString", "coordinates": [ [ -69.529, 42.3799 ], [ -69.49, 42.4084 ] ] } },
{ "type": "Feature", "properties": { "Layer": "Layer 1" }, "geometry": { "type": "LineString", "coordinates": [ [ -69.49, 42.4084 ], [ -69.508, 42.4084 ] ] } },
{ "type": "Feature", "properties": { "Layer": "Layer 1" }, "geometry": { "type": "LineString", "coordinates": [ [ -69.508, 42.4084 ], [ -69.447, 42.4476 ] ] } },
{ "type": "Feature", "properties": { "Layer": "Layer 1" }, "geometry": { "type": "LineString", "coordinates": [ [ -69.447, 42.4476 ], [ -69.24, 42.5047 ] ] } },
{ "type": "Feature", "properties": { "Layer": "Layer 1" }, "geometry": { "type": "LineString", "coordinates": [ [ -69.24, 42.5047 ], [ -69.002, 42.5902 ] ] } },
{ "type": "Feature", "properties": { "Layer": "Layer 1" }, "geometry": { "type": "LineString", "coordinates": [ [ -69.002, 42.5902 ], [ -68.763, 42.7007 ] ] } },
{ "type": "Feature", "properties": { "Layer": "Layer 1" }, "geometry": { "type": "LineString", "coordinates": [ [ -68.763, 42.7007 ], [ -68.667, 42.715 ] ] } },
{ "type": "Feature", "properties": { "Layer": "Layer 1" }, "geometry": { "type": "LineString", "coordinates": [ [ -68.667, 42.715 ], [ -68.691, 42.6901 ] ] } },
{ "type": "Feature", "properties": { "Layer": "Layer 1" }, "geometry": { "type": "LineString", "coordinates": [ [ -68.691, 42.6901 ], [ -68.691, 42.6865 ] ] } },
{ "type": "Feature", "properties": { "Layer": "Layer 1" }, "geometry": { "type": "LineString", "coordinates": [ [ -68.691, 42.6865 ], [ -68.67, 42.6936 ] ] } },
{ "type": "Feature", "properties": { "Layer": "Layer 1" }, "geometry": { "type": "LineString", "coordinates": [ [ -68.67, 42.6936 ], [ -68.61, 42.6829 ] ] } },
{ "type": "Feature", "properties": { "Layer": "Layer 1" }, "geometry": { "type": "LineString", "coordinates": [ [ -68.61, 42.6829 ], [ -68.613, 42.6829 ] ] } },
{ "type": "Feature", "properties": { "Layer": "Layer 1" }, "geometry": { "type": "LineString", "coordinates": [ [ -68.613, 42.6829 ], [ -68.627, 42.6259 ] ] } },
{ "type": "Feature", "properties": { "Layer": "Layer 1" }, "geometry": { "type": "LineString", "coordinates": [ [ -68.627, 42.6259 ], [ -68.56, 42.7614 ] ] } },
{ "type": "Feature", "properties": { "Layer": "Layer 1" }, "geometry": { "type": "LineString", "coordinates": [ [ -68.56, 42.7614 ], [ -68.513, 42.7649 ] ] } },
{ "type": "Feature", "properties": { "Layer": "Layer 1" }, "geometry": { "type": "LineString", "coordinates": [ [ -68.513, 42.7649 ], [ -68.385, 42.7328 ] ] } },
{ "type": "Feature", "properties": { "Layer": "Layer 1" }, "geometry": { "type": "LineString", "coordinates": [ [ -68.385, 42.7328 ], [ -68.385, 42.6687 ] ] } },
{ "type": "Feature", "properties": { "Layer": "Layer 1" }, "geometry": { "type": "LineString", "coordinates": [ [ -68.385, 42.6687 ], [ -68.413, 42.6473 ] ] } },
{ "type": "Feature", "properties": { "Layer": "Layer 1" }, "geometry": { "type": "LineString", "coordinates": [ [ -68.413, 42.6473 ], [ -68.535, 42.6615 ] ] } },
{ "type": "Feature", "properties": { "Layer": "Layer 1" }, "geometry": { "type": "LineString", "coordinates": [ [ -68.535, 42.6615 ], [ -68.249, 43.1036 ] ] } },
{ "type": "Feature", "properties": { "Layer": "Layer 1" }, "geometry": { "type": "LineString", "coordinates": [ [ -68.249, 43.1036 ], [ -68.114, 43.1784 ] ] } },
{ "type": "Feature", "properties": { "Layer": "Layer 1" }, "geometry": { "type": "LineString", "coordinates": [ [ -68.114, 43.1784 ], [ -68.103, 43.2533 ] ] } },
{ "type": "Feature", "properties": { "Layer": "Layer 1" }, "geometry": { "type": "LineString", "coordinates": [ [ -68.103, 43.2533 ], [ -68.121, 43.3032 ] ] } },
{ "type": "Feature", "properties": { "Layer": "Layer 1" }, "geometry": { "type": "LineString", "coordinates": [ [ -68.121, 43.3032 ], [ -68.314, 43.485 ] ] } },
{ "type": "Feature", "properties": { "Layer": "Layer 1" }, "geometry": { "type": "LineString", "coordinates": [ [ -68.314, 43.485 ], [ -68.11, 43.5385 ] ] } },
{ "type": "Feature", "properties": { "Layer": "Layer 1" }, "geometry": { "type": "LineString", "coordinates": [ [ -68.11, 43.5385 ], [ -68.082, 43.5706 ] ] } },
{ "type": "Feature", "properties": { "Layer": "Layer 1" }, "geometry": { "type": "LineString", "coordinates": [ [ -68.082, 43.5706 ], [ -68.103, 43.6918 ] ] } },
{ "type": "Feature", "properties": { "Layer": "Layer 1" }, "geometry": { "type": "LineString", "coordinates": [ [ -68.103, 43.6918 ], [ -67.868, 43.7595 ] ] } },
{ "type": "Feature", "properties": { "Layer": "Layer 1" }, "geometry": { "type": "LineString", "coordinates": [ [ -67.868, 43.7595 ], [ -67.829, 43.7702 ] ] } },
{ "type": "Feature", "properties": { "Layer": "Layer 1" }, "geometry": { "type": "LineString", "coordinates": [ [ -67.829, 43.7702 ], [ -67.832, 43.813 ] ] } },
{ "type": "Feature", "properties": { "Layer": "Layer 1" }, "geometry": { "type": "LineString", "coordinates": [ [ -67.832, 43.813 ], [ -67.658, 43.9306 ] ] } },
{ "type": "Feature", "properties": { "Layer": "Layer 1" }, "geometry": { "type": "LineString", "coordinates": [ [ -67.658, 43.9306 ], [ -67.658, 43.9663 ] ] } },
{ "type": "Feature", "properties": { "Layer": "Layer 1" }, "geometry": { "type": "LineString", "coordinates": [ [ -67.658, 43.9663 ], [ -67.536, 44.0483 ] ] } },
{ "type": "Feature", "properties": { "Layer": "Layer 1" }, "geometry": { "type": "LineString", "coordinates": [ [ -67.536, 44.0483 ], [ -67.733, 44.1196 ] ] } },
{ "type": "Feature", "properties": { "Layer": "Layer 1" }, "geometry": { "type": "LineString", "coordinates": [ [ -67.733, 44.1196 ], [ -67.757, 44.2016 ] ] } },
{ "type": "Feature", "properties": { "Layer": "Layer 1" }, "geometry": { "type": "LineString", "coordinates": [ [ -67.757, 44.2016 ], [ -67.704, 44.3121 ] ] } },
{ "type": "Feature", "properties": { "Layer": "Layer 1" }, "geometry": { "type": "LineString", "coordinates": [ [ -67.704, 44.3121 ], [ -67.651, 44.3727 ] ] } },
{ "type": "Feature", "properties": { "Layer": "Layer 1" }, "geometry": { "type": "LineString", "coordinates": [ [ -67.651, 44.3727 ], [ -67.704, 44.6721 ] ] } },
{ "type": "Feature", "properties": { "Layer": "Layer 1" }, "geometry": { "type": "LineString", "coordinates": [ [ -67.704, 44.6721 ], [ -67.718, 44.7149 ] ] } },
{ "type": "Feature", "properties": { "Layer": "Layer 1" }, "geometry": { "type": "LineString", "coordinates": [ [ -67.718, 44.7149 ], [ -67.69, 44.7755 ] ] } },
{ "type": "Feature", "properties": { "Layer": "Layer 1" }, "geometry": { "type": "LineString", "coordinates": [ [ -67.69, 44.7755 ], [ -67.747, 45.0215 ] ] } },
{ "type": "Feature", "properties": { "Layer": "Layer 1" }, "geometry": { "type": "LineString", "coordinates": [ [ -67.747, 45.0215 ], [ -67.761, 45.1213 ] ] } },
{ "type": "Feature", "properties": { "Layer": "Layer 1" }, "geometry": { "type": "LineString", "coordinates": [ [ -67.761, 45.1213 ], [ -67.462, 45.0999 ] ] } },
{ "type": "Feature", "properties": { "Layer": "Layer 1" }, "geometry": { "type": "LineString", "coordinates": [ [ -67.462, 45.0999 ], [ -67.487, 45.1391 ] ] } },
{ "type": "Feature", "properties": { "Layer": "Layer 1" }, "geometry": { "type": "LineString", "coordinates": [ [ -67.487, 45.1391 ], [ -67.526, 45.1534 ] ] } },
{ "type": "Feature", "properties": { "Layer": "Layer 1" }, "geometry": { "type": "LineString", "coordinates": [ [ -67.526, 45.1534 ], [ -67.422, 45.132 ] ] } },
{ "type": "Feature", "properties": { "Layer": "Layer 1" }, "geometry": { "type": "LineString", "coordinates": [ [ -67.422, 45.132 ], [ -67.472, 45.1035 ] ] } },
{ "type": "Feature", "properties": { "Layer": "Layer 1" }, "geometry": { "type": "LineString", "coordinates": [ [ -67.472, 45.1035 ], [ -67.622, 45.1178 ] ] } },
{ "type": "Feature", "properties": { "Layer": "Layer 1" }, "geometry": { "type": "LineString", "coordinates": [ [ -67.622, 45.1178 ], [ -67.654, 45.2211 ] ] } },
{ "type": "Feature", "properties": { "Layer": "Layer 1" }, "geometry": { "type": "LineString", "coordinates": [ [ -67.654, 45.2211 ], [ -67.615, 45.4101 ] ] } },
{ "type": "Feature", "properties": { "Layer": "Layer 1" }, "geometry": { "type": "LineString", "coordinates": [ [ -67.615, 45.4101 ], [ -67.494, 45.6525 ] ] } },
{ "type": "Feature", "properties": { "Layer": "Layer 1" }, "geometry": { "type": "LineString", "coordinates": [ [ -67.494, 45.6525 ], [ -67.426, 45.7238 ] ] } },
{ "type": "Feature", "properties": { "Layer": "Layer 1" }, "geometry": { "type": "LineString", "coordinates": [ [ -67.426, 45.7238 ], [ -67.333, 45.8521 ] ] } },
{ "type": "Feature", "properties": { "Layer": "Layer 1" }, "geometry": { "type": "LineString", "coordinates": [ [ -67.333, 45.8521 ], [ -67.141, 45.9947 ] ] } },
{ "type": "Feature", "properties": { "Layer": "Layer 1" }, "geometry": { "type": "LineString", "coordinates": [ [ -67.141, 45.9947 ], [ -67.098, 46.0411 ] ] } },
{ "type": "Feature", "properties": { "Layer": "Layer 1" }, "geometry": { "type": "LineString", "coordinates": [ [ -67.098, 46.0411 ], [ -66.624, 46.1552 ] ] } },
{ "type": "Feature", "properties": { "Layer": "Layer 1" }, "geometry": { "type": "LineString", "coordinates": [ [ -66.624, 46.1552 ], [ -66.567, 46.2514 ] ] } },
{ "type": "Feature", "properties": { "Layer": "Layer 1" }, "geometry": { "type": "LineString", "coordinates": [ [ -66.567, 46.2514 ], [ -66.549, 46.3013 ] ] } },
{ "type": "Feature", "properties": { "Layer": "Layer 1" }, "geometry": { "type": "LineString", "coordinates": [ [ -66.549, 46.3013 ], [ -66.492, 46.3619 ] ] } },
{ "type": "Feature", "properties": { "Layer": "Layer 1" }, "geometry": { "type": "LineString", "coordinates": [ [ -66.492, 46.3619 ], [ -66.734, 46.4261 ] ] } },
{ "type": "Feature", "properties": { "Layer": "Layer 1" }, "geometry": { "type": "LineString", "coordinates": [ [ -66.734, 46.4261 ], [ -66.802, 46.4831 ] ] } },
{ "type": "Feature", "properties": { "Layer": "Layer 1" }, "geometry": { "type": "LineString", "coordinates": [ [ -66.802, 46.4831 ], [ -66.823, 46.5259 ] ] } },
{ "type": "Feature", "properties": { "Layer": "Layer 1" }, "geometry": { "type": "LineString", "coordinates": [ [ -66.823, 46.5259 ], [ -66.799, 46.7327 ] ] } },
{ "type": "Feature", "properties": { "Layer": "Layer 1" }, "geometry": { "type": "LineString", "coordinates": [ [ -66.799, 46.7327 ], [ -66.617, 46.8539 ] ] } },
{ "type": "Feature", "properties": { "Layer": "Layer 1" }, "geometry": { "type": "LineString", "coordinates": [ [ -66.617, 46.8539 ], [ -66.378, 46.8824 ] ] } },
{ "type": "Feature", "properties": { "Layer": "Layer 1" }, "geometry": { "type": "LineString", "coordinates": [ [ -66.378, 46.8824 ], [ -66.16, 46.9715 ] ] } },
{ "type": "Feature", "properties": { "Layer": "Layer 1" }, "geometry": { "type": "LineString", "coordinates": [ [ -66.16, 46.9715 ], [ -66.086, 47.0107 ] ] } },
{ "type": "Feature", "properties": { "Layer": "Layer 1" }, "geometry": { "type": "LineString", "coordinates": [ [ -66.086, 47.0107 ], [ -66.05, 47.0428 ] ] } },
{ "type": "Feature", "properties": { "Layer": "Layer 1" }, "geometry": { "type": "LineString", "coordinates": [ [ -66.05, 47.0428 ], [ -65.929, 47.0642 ] ] } },
{ "type": "Feature", "properties": { "Layer": "Layer 1" }, "geometry": { "type": "LineString", "coordinates": [ [ -65.929, 47.0642 ], [ -65.811, 47.082 ] ] } },
{ "type": "Feature", "properties": { "Layer": "Layer 1" }, "geometry": { "type": "LineString", "coordinates": [ [ -65.811, 47.082 ], [ -65.697, 47.1034 ] ] } },
{ "type": "Feature", "properties": { "Layer": "Layer 1" }, "geometry": { "type": "LineString", "coordinates": [ [ -65.697, 47.1034 ], [ -65.693, 47.0963 ] ] } },
{ "type": "Feature", "properties": { "Layer": "Layer 1" }, "geometry": { "type": "LineString", "coordinates": [ [ -65.693, 47.0963 ], [ -65.668, 47.1141 ] ] } },
{ "type": "Feature", "properties": { "Layer": "Layer 1" }, "geometry": { "type": "LineString", "coordinates": [ [ -65.668, 47.1141 ], [ -65.43, 47.3316 ] ] } },
{ "type": "Feature", "properties": { "Layer": "Layer 1" }, "geometry": { "type": "LineString", "coordinates": [ [ -65.43, 47.3316 ], [ -65.362, 47.3744 ] ] } },
{ "type": "Feature", "properties": { "Layer": "Layer 1" }, "geometry": { "type": "LineString", "coordinates": [ [ -65.362, 47.3744 ], [ -65.291, 47.4421 ] ] } },
{ "type": "Feature", "properties": { "Layer": "Layer 1" }, "geometry": { "type": "LineString", "coordinates": [ [ -65.291, 47.4421 ], [ -65.273, 47.4599 ] ] } },
{ "type": "Feature", "properties": { "Layer": "Layer 1" }, "geometry": { "type": "LineString", "coordinates": [ [ -65.273, 47.4599 ], [ -65.134, 47.435 ] ] } },
{ "type": "Feature", "properties": { "Layer": "Layer 1" }, "geometry": { "type": "LineString", "coordinates": [ [ -65.134, 47.435 ], [ -65.098, 47.4492 ] ] } },
{ "type": "Feature", "properties": { "Layer": "Layer 1" }, "geometry": { "type": "LineString", "coordinates": [ [ -65.098, 47.4492 ], [ -64.916, 47.3637 ] ] } },
{ "type": "Feature", "properties": { "Layer": "Layer 1" }, "geometry": { "type": "LineString", "coordinates": [ [ -64.916, 47.3637 ], [ -64.859, 47.1783 ] ] } },
{ "type": "Feature", "properties": { "Layer": "Layer 1" }, "geometry": { "type": "LineString", "coordinates": [ [ -64.859, 47.1783 ], [ -64.849, 47.2318 ] ] } },
{ "type": "Feature", "properties": { "Layer": "Layer 1" }, "geometry": { "type": "LineString", "coordinates": [ [ -64.849, 47.2318 ], [ -64.777, 47.328 ] ] } },
{ "type": "Feature", "properties": { "Layer": "Layer 1" }, "geometry": { "type": "LineString", "coordinates": [ [ -64.777, 47.328 ], [ -64.592, 47.6239 ] ] } },
{ "type": "Feature", "properties": { "Layer": "Layer 1" }, "geometry": { "type": "LineString", "coordinates": [ [ -64.592, 47.6239 ], [ -64.549, 47.6845 ] ] } },
{ "type": "Feature", "properties": { "Layer": "Layer 1" }, "geometry": { "type": "LineString", "coordinates": [ [ -64.549, 47.6845 ], [ -64.553, 47.8592 ] ] } },
{ "type": "Feature", "properties": { "Layer": "Layer 1" }, "geometry": { "type": "LineString", "coordinates": [ [ -64.553, 47.8592 ], [ -64.499, 47.8734 ] ] } },
{ "type": "Feature", "properties": { "Layer": "Layer 1" }, "geometry": { "type": "LineString", "coordinates": [ [ -64.499, 47.8734 ], [ -64.399, 47.8307 ] ] } },
{ "type": "Feature", "properties": { "Layer": "Layer 1" }, "geometry": { "type": "LineString", "coordinates": [ [ -64.399, 47.8307 ], [ -64.424, 47.7344 ] ] } },
{ "type": "Feature", "properties": { "Layer": "Layer 1" }, "geometry": { "type": "LineString", "coordinates": [ [ -64.424, 47.7344 ], [ -64.453, 47.7451 ] ] } },
{ "type": "Feature", "properties": { "Layer": "Layer 1" }, "geometry": { "type": "LineString", "coordinates": [ [ -64.453, 47.7451 ], [ -64.535, 47.7843 ] ] } },
{ "type": "Feature", "properties": { "Layer": "Layer 1" }, "geometry": { "type": "LineString", "coordinates": [ [ -64.535, 47.7843 ], [ -64.574, 47.7986 ] ] } },
{ "type": "Feature", "properties": { "Layer": "Layer 1" }, "geometry": { "type": "LineString", "coordinates": [ [ -64.574, 47.7986 ], [ -64.578, 48.0089 ] ] } },
{ "type": "Feature", "properties": { "Layer": "Layer 1" }, "geometry": { "type": "LineString", "coordinates": [ [ -64.578, 48.0089 ], [ -64.531, 48.2121 ] ] } },
{ "type": "Feature", "properties": { "Layer": "Layer 1" }, "geometry": { "type": "LineString", "coordinates": [ [ -64.531, 48.2121 ], [ -63.997, 48.3868 ] ] } },
{ "type": "Feature", "properties": { "Layer": "Layer 1" }, "geometry": { "type": "LineString", "coordinates": [ [ -63.997, 48.3868 ], [ -63.84, 48.4581 ] ] } },
{ "type": "Feature", "properties": { "Layer": "Layer 1" }, "geometry": { "type": "LineString", "coordinates": [ [ -63.84, 48.4581 ], [ -63.754, 48.5223 ] ] } },
{ "type": "Feature", "properties": { "Layer": "Layer 1" }, "geometry": { "type": "LineString", "coordinates": [ [ -63.754, 48.5223 ], [ -63.654, 48.7148 ] ] } },
{ "type": "Feature", "properties": { "Layer": "Layer 1" }, "geometry": { "type": "LineString", "coordinates": [ [ -63.654, 48.7148 ], [ -63.658, 48.9358 ] ] } },
{ "type": "Feature", "properties": { "Layer": "Layer 1" }, "geometry": { "type": "LineString", "coordinates": [ [ -63.658, 48.9358 ], [ -63.597, 49.0213 ] ] } },
{ "type": "Feature", "properties": { "Layer": "Layer 1" }, "geometry": { "type": "LineString", "coordinates": [ [ -63.597, 49.0213 ], [ -63.562, 49.0998 ] ] } },
{ "type": "Feature", "properties": { "Layer": "Layer 1" }, "geometry": { "type": "LineString", "coordinates": [ [ -63.562, 49.0998 ], [ -63.579, 49.1176 ] ] } },
{ "type": "Feature", "properties": { "Layer": "Layer 1" }, "geometry": { "type": "LineString", "coordinates": [ [ -63.579, 49.1176 ], [ -63.444, 49.3315 ] ] } },
{ "type": "Feature", "properties": { "Layer": "Layer 1" }, "geometry": { "type": "LineString", "coordinates": [ [ -63.444, 49.3315 ], [ -63.401, 49.4527 ] ] } },
{ "type": "Feature", "properties": { "Layer": "Layer 1" }, "geometry": { "type": "LineString", "coordinates": [ [ -63.401, 49.4527 ], [ -63.38, 49.4848 ] ] } },
{ "type": "Feature", "properties": { "Layer": "Layer 1" }, "geometry": { "type": "LineString", "coordinates": [ [ -63.38, 49.4848 ], [ -63.394, 49.5775 ] ] } },
{ "type": "Feature", "properties": { "Layer": "Layer 1" }, "geometry": { "type": "LineString", "coordinates": [ [ -63.394, 49.5775 ], [ -63.426, 49.7165 ] ] } },
{ "type": "Feature", "properties": { "Layer": "Layer 1" }, "geometry": { "type": "LineString", "coordinates": [ [ -63.426, 49.7165 ], [ -63.323, 49.8199 ] ] } },
{ "type": "Feature", "properties": { "Layer": "Layer 1" }, "geometry": { "type": "LineString", "coordinates": [ [ -63.323, 49.8199 ], [ -63.348, 50.0872 ] ] } },
{ "type": "Feature", "properties": { "Layer": "Layer 1" }, "geometry": { "type": "LineString", "coordinates": [ [ -63.348, 50.0872 ], [ -63.373, 50.1479 ] ] } },
{ "type": "Feature", "properties": { "Layer": "Layer 1" }, "geometry": { "type": "LineString", "coordinates": [ [ -63.373, 50.1479 ], [ -63.308, 50.237 ] ] } },
{ "type": "Feature", "properties": { "Layer": "Layer 1" }, "geometry": { "type": "LineString", "coordinates": [ [ -63.308, 50.237 ], [ -63.323, 50.3297 ] ] } },
{ "type": "Feature", "properties": { "Layer": "Layer 1" }, "geometry": { "type": "LineString", "coordinates": [ [ -63.323, 50.3297 ], [ -63.284, 50.4224 ] ] } },
{ "type": "Feature", "properties": { "Layer": "Layer 1" }, "geometry": { "type": "LineString", "coordinates": [ [ -63.284, 50.4224 ], [ -63.198, 50.5008 ] ] } },
{ "type": "Feature", "properties": { "Layer": "Layer 1" }, "geometry": { "type": "LineString", "coordinates": [ [ -63.198, 50.5008 ], [ -63.198, 50.6149 ] ] } },
{ "type": "Feature", "properties": { "Layer": "Layer 1" }, "geometry": { "type": "LineString", "coordinates": [ [ -63.198, 50.6149 ], [ -62.817, 50.5935 ] ] } },
{ "type": "Feature", "properties": { "Layer": "Layer 1" }, "geometry": { "type": "LineString", "coordinates": [ [ -62.817, 50.5935 ], [ -62.745, 50.6826 ] ] } },
{ "type": "Feature", "properties": { "Layer": "Layer 1" }, "geometry": { "type": "LineString", "coordinates": [ [ -62.745, 50.6826 ], [ -62.535, 50.7895 ] ] } },
{ "type": "Feature", "properties": { "Layer": "Layer 1" }, "geometry": { "type": "LineString", "coordinates": [ [ -62.535, 50.7895 ], [ -62.485, 50.8608 ] ] } },
{ "type": "Feature", "properties": { "Layer": "Layer 1" }, "geometry": { "type": "LineString", "coordinates": [ [ -62.485, 50.8608 ], [ -62.407, 51.0569 ] ] } },
{ "type": "Feature", "properties": { "Layer": "Layer 1" }, "geometry": { "type": "LineString", "coordinates": [ [ -62.407, 51.0569 ], [ -62.396, 51.1318 ] ] } },
{ "type": "Feature", "properties": { "Layer": "Layer 1" }, "geometry": { "type": "LineString", "coordinates": [ [ -62.396, 51.1318 ], [ -62.467, 51.4669 ] ] } },
{ "type": "Feature", "properties": { "Layer": "Layer 1" }, "geometry": { "type": "LineString", "coordinates": [ [ -62.467, 51.4669 ], [ -62.31, 51.5596 ] ] } },
{ "type": "Feature", "properties": { "Layer": "Layer 1" }, "geometry": { "type": "LineString", "coordinates": [ [ -62.31, 51.5596 ], [ -62.214, 51.6986 ] ] } },
{ "type": "Feature", "properties": { "Layer": "Layer 1" }, "geometry": { "type": "LineString", "coordinates": [ [ -62.214, 51.6986 ], [ -61.868, 51.72 ] ] } },
{ "type": "Feature", "properties": { "Layer": "Layer 1" }, "geometry": { "type": "LineString", "coordinates": [ [ -61.868, 51.72 ], [ -61.815, 51.7806 ] ] } },
{ "type": "Feature", "properties": { "Layer": "Layer 1" }, "geometry": { "type": "LineString", "coordinates": [ [ -61.815, 51.7806 ], [ -61.808, 51.8198 ] ] } },
{ "type": "Feature", "properties": { "Layer": "Layer 1" }, "geometry": { "type": "LineString", "coordinates": [ [ -61.808, 51.8198 ], [ -61.758, 51.8376 ] ] } },
{ "type": "Feature", "properties": { "Layer": "Layer 1" }, "geometry": { "type": "LineString", "coordinates": [ [ -61.758, 51.8376 ], [ -61.551, 51.859 ] ] } },
{ "type": "Feature", "properties": { "Layer": "Layer 1" }, "geometry": { "type": "LineString", "coordinates": [ [ -61.551, 51.859 ], [ -61.473, 51.9374 ] ] } },
{ "type": "Feature", "properties": { "Layer": "Layer 1" }, "geometry": { "type": "LineString", "coordinates": [ [ -61.473, 51.9374 ], [ -61.334, 52.1478 ] ] } },
{ "type": "Feature", "properties": { "Layer": "Layer 1" }, "geometry": { "type": "LineString", "coordinates": [ [ -61.334, 52.1478 ], [ -61.244, 52.2405 ] ] } },
{ "type": "Feature", "properties": { "Layer": "Layer 1" }, "geometry": { "type": "LineString", "coordinates": [ [ -61.244, 52.2405 ], [ -61.184, 52.4151 ] ] } },
{ "type": "Feature", "properties": { "Layer": "Layer 1" }, "geometry": { "type": "LineString", "coordinates": [ [ -61.184, 52.4151 ], [ -61.173, 52.6861 ] ] } },
{ "type": "Feature", "properties": { "Layer": "Layer 1" }, "geometry": { "type": "LineString", "coordinates": [ [ -61.173, 52.6861 ], [ -61.155, 52.8572 ] ] } },
{ "type": "Feature", "properties": { "Layer": "Layer 1" }, "geometry": { "type": "LineString", "coordinates": [ [ -61.155, 52.8572 ], [ -61.102, 52.9249 ] ] } },
{ "type": "Feature", "properties": { "Layer": "Layer 1" }, "geometry": { "type": "LineString", "coordinates": [ [ -61.102, 52.9249 ], [ -61.07, 53.0746 ] ] } },
{ "type": "Feature", "properties": { "Layer": "Layer 1" }, "geometry": { "type": "LineString", "coordinates": [ [ -61.07, 53.0746 ], [ -60.97, 53.1246 ] ] } },
{ "type": "Feature", "properties": { "Layer": "Layer 1" }, "geometry": { "type": "LineString", "coordinates": [ [ -60.97, 53.1246 ], [ -60.949, 53.1959 ] ] } },
{ "type": "Feature", "properties": { "Layer": "Layer 1" }, "geometry": { "type": "LineString", "coordinates": [ [ -60.949, 53.1959 ], [ -60.806, 53.26 ] ] } },
{ "type": "Feature", "properties": { "Layer": "Layer 1" }, "geometry": { "type": "LineString", "coordinates": [ [ -60.806, 53.26 ], [ -60.767, 53.3242 ] ] } },
{ "type": "Feature", "properties": { "Layer": "Layer 1" }, "geometry": { "type": "LineString", "coordinates": [ [ -60.767, 53.3242 ], [ -60.706, 53.4418 ] ] } },
{ "type": "Feature", "properties": { "Layer": "Layer 1" }, "geometry": { "type": "LineString", "coordinates": [ [ -60.706, 53.4418 ], [ -60.535, 53.645 ] ] } },
{ "type": "Feature", "properties": { "Layer": "Layer 1" }, "geometry": { "type": "LineString", "coordinates": [ [ -60.535, 53.645 ], [ -60.467, 53.6486 ] ] } },
{ "type": "Feature", "properties": { "Layer": "Layer 1" }, "geometry": { "type": "LineString", "coordinates": [ [ -60.467, 53.6486 ], [ -60.385, 53.6914 ] ] } },
{ "type": "Feature", "properties": { "Layer": "Layer 1" }, "geometry": { "type": "LineString", "coordinates": [ [ -60.385, 53.6914 ], [ -60.357, 53.7662 ] ] } },
{ "type": "Feature", "properties": { "Layer": "Layer 1" }, "geometry": { "type": "LineString", "coordinates": [ [ -60.357, 53.7662 ], [ -60.285, 54.1299 ] ] } },
{ "type": "Feature", "properties": { "Layer": "Layer 1" }, "geometry": { "type": "LineString", "coordinates": [ [ -60.285, 54.1299 ], [ -60.164, 54.1726 ] ] } },
{ "type": "Feature", "properties": { "Layer": "Layer 1" }, "geometry": { "type": "LineString", "coordinates": [ [ -60.164, 54.1726 ], [ -60.2, 54.1976 ] ] } },
{ "type": "Feature", "properties": { "Layer": "Layer 1" }, "geometry": { "type": "LineString", "coordinates": [ [ -60.2, 54.1976 ], [ -60.239, 54.2261 ] ] } },
{ "type": "Feature", "properties": { "Layer": "Layer 1" }, "geometry": { "type": "LineString", "coordinates": [ [ -60.239, 54.2261 ], [ -60.203, 54.2297 ] ] } },
{ "type": "Feature", "properties": { "Layer": "Layer 1" }, "geometry": { "type": "LineString", "coordinates": [ [ -60.203, 54.2297 ], [ -60.072, 54.2439 ] ] } },
{ "type": "Feature", "properties": { "Layer": "Layer 1" }, "geometry": { "type": "LineString", "coordinates": [ [ -60.072, 54.2439 ], [ -59.908, 54.3366 ] ] } },
{ "type": "Feature", "properties": { "Layer": "Layer 1" }, "geometry": { "type": "LineString", "coordinates": [ [ -59.908, 54.3366 ], [ -59.879, 54.3438 ] ] } },
{ "type": "Feature", "properties": { "Layer": "Layer 1" }, "geometry": { "type": "LineString", "coordinates": [ [ -59.879, 54.3438 ], [ -59.9, 54.4614 ] ] } },
{ "type": "Feature", "properties": { "Layer": "Layer 1" }, "geometry": { "type": "LineString", "coordinates": [ [ -59.9, 54.4614 ], [ -59.922, 54.5006 ] ] } },
{ "type": "Feature", "properties": { "Layer": "Layer 1" }, "geometry": { "type": "LineString", "coordinates": [ [ -59.922, 54.5006 ], [ -60.104, 54.6896 ] ] } },
{ "type": "Feature", "properties": { "Layer": "Layer 1" }, "geometry": { "type": "LineString", "coordinates": [ [ -60.104, 54.6896 ], [ -60.05, 54.8036 ] ] } },
{ "type": "Feature", "properties": { "Layer": "Layer 1" }, "geometry": { "type": "LineString", "coordinates": [ [ -60.05, 54.8036 ], [ -59.897, 54.8785 ] ] } },
{ "type": "Feature", "properties": { "Layer": "Layer 1" }, "geometry": { "type": "LineString", "coordinates": [ [ -59.897, 54.8785 ], [ -59.697, 54.9355 ] ] } },
{ "type": "Feature", "properties": { "Layer": "Layer 1" }, "geometry": { "type": "LineString", "coordinates": [ [ -59.697, 54.9355 ], [ -59.159, 55.1352 ] ] } },
{ "type": "Feature", "properties": { "Layer": "Layer 1" }, "geometry": { "type": "LineString", "coordinates": [ [ -59.159, 55.1352 ], [ -59.095, 55.1423 ] ] } },
{ "type": "Feature", "properties": { "Layer": "Layer 1" }, "geometry": { "type": "LineString", "coordinates": [ [ -59.095, 55.1423 ], [ -58.842, 55.3134 ] ] } },
{ "type": "Feature", "properties": { "Layer": "Layer 1" }, "geometry": { "type": "LineString", "coordinates": [ [ -58.842, 55.3134 ], [ -58.638, 55.6449 ] ] } },
{ "type": "Feature", "properties": { "Layer": "Layer 1" }, "geometry": { "type": "LineString", "coordinates": [ [ -58.638, 55.6449 ], [ -58.389, 55.8018 ] ] } },
{ "type": "Feature", "properties": { "Layer": "Layer 1" }, "geometry": { "type": "LineString", "coordinates": [ [ -58.389, 55.8018 ], [ -58.357, 55.8446 ] ] } },
{ "type": "Feature", "properties": { "Layer": "Layer 1" }, "geometry": { "type": "LineString", "coordinates": [ [ -58.357, 55.8446 ], [ -58.318, 55.9694 ] ] } },
{ "type": "Feature", "properties": { "Layer": "Layer 1" }, "geometry": { "type": "LineString", "coordinates": [ [ -58.318, 55.9694 ], [ -58.193, 56.1262 ] ] } },
{ "type": "Feature", "properties": { "Layer": "Layer 1" }, "geometry": { "type": "LineString", "coordinates": [ [ -58.193, 56.1262 ], [ -58.139, 56.1619 ] ] } },
{ "type": "Feature", "properties": { "Layer": "Layer 1" }, "geometry": { "type": "LineString", "coordinates": [ [ -58.139, 56.1619 ], [ -57.836, 56.6003 ] ] } },
{ "type": "Feature", "properties": { "Layer": "Layer 1" }, "geometry": { "type": "LineString", "coordinates": [ [ -57.836, 56.6003 ], [ -57.715, 56.7109 ] ] } },
{ "type": "Feature", "properties": { "Layer": "Layer 1" }, "geometry": { "type": "LineString", "coordinates": [ [ -57.715, 56.7109 ], [ -57.526, 56.8499 ] ] } },
{ "type": "Feature", "properties": { "Layer": "Layer 1" }, "geometry": { "type": "LineString", "coordinates": [ [ -57.526, 56.8499 ], [ -57.473, 56.964 ] ] } },
{ "type": "Feature", "properties": { "Layer": "Layer 1" }, "geometry": { "type": "LineString", "coordinates": [ [ -57.473, 56.964 ], [ -57.451, 57.0709 ] ] } },
{ "type": "Feature", "properties": { "Layer": "Layer 1" }, "geometry": { "type": "LineString", "coordinates": [ [ -57.451, 57.0709 ], [ -57.252, 57.4203 ] ] } },
{ "type": "Feature", "properties": { "Layer": "Layer 1" }, "geometry": { "type": "LineString", "coordinates": [ [ -57.252, 57.4203 ], [ -57.12, 57.6912 ] ] } },
{ "type": "Feature", "properties": { "Layer": "Layer 1" }, "geometry": { "type": "LineString", "coordinates": [ [ -57.12, 57.6912 ], [ -57.024, 57.7447 ] ] } },
{ "type": "Feature", "properties": { "Layer": "Layer 1" }, "geometry": { "type": "LineString", "coordinates": [ [ -57.024, 57.7447 ], [ -56.835, 57.9978 ] ] } },
{ "type": "Feature", "properties": { "Layer": "Layer 1" }, "geometry": { "type": "LineString", "coordinates": [ [ -56.835, 57.9978 ], [ -56.799, 58.0727 ] ] } },
{ "type": "Feature", "properties": { "Layer": "Layer 1" }, "geometry": { "type": "LineString", "coordinates": [ [ -56.799, 58.0727 ], [ -56.667, 58.201 ] ] } },
{ "type": "Feature", "properties": { "Layer": "Layer 1" }, "geometry": { "type": "LineString", "coordinates": [ [ -56.667, 58.201 ], [ -56.425, 58.3222 ] ] } },
{ "type": "Feature", "properties": { "Layer": "Layer 1" }, "geometry": { "type": "LineString", "coordinates": [ [ -56.425, 58.3222 ], [ -56.25, 58.3614 ] ] } },
{ "type": "Feature", "properties": { "Layer": "Layer 1" }, "geometry": { "type": "LineString", "coordinates": [ [ -56.25, 58.3614 ], [ -56.2, 58.3044 ] ] } },
{ "type": "Feature", "properties": { "Layer": "Layer 1" }, "geometry": { "type": "LineString", "coordinates": [ [ -56.2, 58.3044 ], [ -56.218, 58.2687 ] ] } },
{ "type": "Feature", "properties": { "Layer": "Layer 1" }, "geometry": { "type": "LineString", "coordinates": [ [ -56.218, 58.2687 ], [ -56.232, 58.2866 ] ] } },
{ "type": "Feature", "properties": { "Layer": "Layer 1" }, "geometry": { "type": "LineString", "coordinates": [ [ -56.232, 58.2866 ], [ -56.257, 58.3151 ] ] } },
{ "type": "Feature", "properties": { "Layer": "Layer 1" }, "geometry": { "type": "LineString", "coordinates": [ [ -56.257, 58.3151 ], [ -56.239, 58.3222 ] ] } },
{ "type": "Feature", "properties": { "Layer": "Layer 1" }, "geometry": { "type": "LineString", "coordinates": [ [ -56.239, 58.3222 ], [ -56.211, 58.34 ] ] } },
{ "type": "Feature", "properties": { "Layer": "Layer 1" }, "geometry": { "type": "LineString", "coordinates": [ [ -56.211, 58.34 ], [ -56.321, 58.2723 ] ] } },
{ "type": "Feature", "properties": { "Layer": "Layer 1" }, "geometry": { "type": "LineString", "coordinates": [ [ -56.321, 58.2723 ], [ -56.321, 58.3151 ] ] } },
{ "type": "Feature", "properties": { "Layer": "Layer 1" }, "geometry": { "type": "LineString", "coordinates": [ [ -56.321, 58.3151 ], [ -56.385, 58.2687 ] ] } },
{ "type": "Feature", "properties": { "Layer": "Layer 1" }, "geometry": { "type": "LineString", "coordinates": [ [ -56.385, 58.2687 ], [ -56.382, 58.1974 ] ] } },
{ "type": "Feature", "properties": { "Layer": "Layer 1" }, "geometry": { "type": "LineString", "coordinates": [ [ -56.382, 58.1974 ], [ -56.382, 58.201 ] ] } },
{ "type": "Feature", "properties": { "Layer": "Layer 1" }, "geometry": { "type": "LineString", "coordinates": [ [ -56.382, 58.201 ], [ -56.175, 58.3186 ] ] } },
{ "type": "Feature", "properties": { "Layer": "Layer 1" }, "geometry": { "type": "LineString", "coordinates": [ [ -56.175, 58.3186 ], [ -56.065, 58.3685 ] ] } },
{ "type": "Feature", "properties": { "Layer": "Layer 1" }, "geometry": { "type": "LineString", "coordinates": [ [ -56.065, 58.3685 ], [ -56.022, 58.3899 ] ] } },
{ "type": "Feature", "properties": { "Layer": "Layer 1" }, "geometry": { "type": "LineString", "coordinates": [ [ -56.022, 58.3899 ], [ -56.0, 58.4149 ] ] } },
{ "type": "Feature", "properties": { "Layer": "Layer 1" }, "geometry": { "type": "LineString", "coordinates": [ [ -56.0, 58.4149 ], [ -56.047, 58.4113 ] ] } },
{ "type": "Feature", "properties": { "Layer": "Layer 1" }, "geometry": { "type": "LineString", "coordinates": [ [ -56.047, 58.4113 ], [ -56.029, 58.3935 ] ] } },
{ "type": "Feature", "properties": { "Layer": "Layer 1" }, "geometry": { "type": "LineString", "coordinates": [ [ -56.029, 58.3935 ], [ -56.0, 58.3721 ] ] } },
{ "type": "Feature", "properties": { "Layer": "Layer 1" }, "geometry": { "type": "LineString", "coordinates": [ [ -56.0, 58.3721 ], [ -55.926, 58.365 ] ] } },
{ "type": "Feature", "properties": { "Layer": "Layer 1" }, "geometry": { "type": "LineString", "coordinates": [ [ -55.926, 58.365 ], [ -55.655, 58.1226 ] ] } },
{ "type": "Feature", "properties": { "Layer": "Layer 1" }, "geometry": { "type": "LineString", "coordinates": [ [ -55.655, 58.1226 ], [ -55.362, 57.9015 ] ] } },
{ "type": "Feature", "properties": { "Layer": "Layer 1" }, "geometry": { "type": "LineString", "coordinates": [ [ -55.362, 57.9015 ], [ -55.177, 57.7839 ] ] } },
{ "type": "Feature", "properties": { "Layer": "Layer 1" }, "geometry": { "type": "LineString", "coordinates": [ [ -55.177, 57.7839 ], [ -54.86, 57.5664 ] ] } },
{ "type": "Feature", "properties": { "Layer": "Layer 1" }, "geometry": { "type": "LineString", "coordinates": [ [ -54.86, 57.5664 ], [ -54.746, 57.5557 ] ] } },
{ "type": "Feature", "properties": { "Layer": "Layer 1" }, "geometry": { "type": "LineString", "coordinates": [ [ -54.746, 57.5557 ], [ -54.328, 57.3133 ] ] } },
{ "type": "Feature", "properties": { "Layer": "Layer 1" }, "geometry": { "type": "LineString", "coordinates": [ [ -54.328, 57.3133 ], [ -54.243, 57.2634 ] ] } },
{ "type": "Feature", "properties": { "Layer": "Layer 1" }, "geometry": { "type": "LineString", "coordinates": [ [ -54.243, 57.2634 ], [ -54.207, 57.2313 ] ] } },
{ "type": "Feature", "properties": { "Layer": "Layer 1" }, "geometry": { "type": "LineString", "coordinates": [ [ -54.207, 57.2313 ], [ -54.157, 57.2599 ] ] } },
{ "type": "Feature", "properties": { "Layer": "Layer 1" }, "geometry": { "type": "LineString", "coordinates": [ [ -54.157, 57.2599 ], [ -54.011, 57.1208 ] ] } },
{ "type": "Feature", "properties": { "Layer": "Layer 1" }, "geometry": { "type": "LineString", "coordinates": [ [ -54.011, 57.1208 ], [ -53.918, 56.9889 ] ] } },
{ "type": "Feature", "properties": { "Layer": "Layer 1" }, "geometry": { "type": "LineString", "coordinates": [ [ -53.918, 56.9889 ], [ -53.922, 56.9996 ] ] } },
{ "type": "Feature", "properties": { "Layer": "Layer 1" }, "geometry": { "type": "LineString", "coordinates": [ [ -53.922, 56.9996 ], [ -53.772, 56.857 ] ] } },
{ "type": "Feature", "properties": { "Layer": "Layer 1" }, "geometry": { "type": "LineString", "coordinates": [ [ -53.772, 56.857 ], [ -53.64, 56.7144 ] ] } },
{ "type": "Feature", "properties": { "Layer": "Layer 1" }, "geometry": { "type": "LineString", "coordinates": [ [ -53.64, 56.7144 ], [ -53.377, 56.5932 ] ] } },
{ "type": "Feature", "properties": { "Layer": "Layer 1" }, "geometry": { "type": "LineString", "coordinates": [ [ -53.377, 56.5932 ], [ -53.238, 56.5683 ] ] } },
{ "type": "Feature", "properties": { "Layer": "Layer 1" }, "geometry": { "type": "LineString", "coordinates": [ [ -53.238, 56.5683 ], [ -53.159, 56.5005 ] ] } },
{ "type": "Feature", "properties": { "Layer": "Layer 1" }, "geometry": { "type": "LineString", "coordinates": [ [ -53.159, 56.5005 ], [ -53.198, 56.4898 ] ] } },
{ "type": "Feature", "properties": { "Layer": "Layer 1" }, "geometry": { "type": "LineString", "coordinates": [ [ -53.198, 56.4898 ], [ -53.177, 56.4435 ] ] } },
{ "type": "Feature", "properties": { "Layer": "Layer 1" }, "geometry": { "type": "LineString", "coordinates": [ [ -53.177, 56.4435 ], [ -53.138, 56.4043 ] ] } },
{ "type": "Feature", "properties": { "Layer": "Layer 1" }, "geometry": { "type": "LineString", "coordinates": [ [ -53.138, 56.4043 ], [ -53.163, 56.3651 ] ] } },
{ "type": "Feature", "properties": { "Layer": "Layer 1" }, "geometry": { "type": "LineString", "coordinates": [ [ -53.163, 56.3651 ], [ -53.138, 56.3152 ] ] } },
{ "type": "Feature", "properties": { "Layer": "Layer 1" }, "geometry": { "type": "LineString", "coordinates": [ [ -53.138, 56.3152 ], [ -53.177, 56.2902 ] ] } },
{ "type": "Feature", "properties": { "Layer": "Layer 1" }, "geometry": { "type": "LineString", "coordinates": [ [ -53.177, 56.2902 ], [ -53.148, 56.2724 ] ] } },
{ "type": "Feature", "properties": { "Layer": "Layer 1" }, "geometry": { "type": "LineString", "coordinates": [ [ -53.148, 56.2724 ], [ -53.059, 56.2831 ] ] } },
{ "type": "Feature", "properties": { "Layer": "Layer 1" }, "geometry": { "type": "LineString", "coordinates": [ [ -53.059, 56.2831 ], [ -53.07, 56.333 ] ] } },
{ "type": "Feature", "properties": { "Layer": "Layer 1" }, "geometry": { "type": "LineString", "coordinates": [ [ -53.07, 56.333 ], [ -53.056, 56.3258 ] ] } },
{ "type": "Feature", "properties": { "Layer": "Layer 1" }, "geometry": { "type": "LineString", "coordinates": [ [ -53.056, 56.3258 ], [ -52.874, 56.2652 ] ] } },
{ "type": "Feature", "properties": { "Layer": "Layer 1" }, "geometry": { "type": "LineString", "coordinates": [ [ -52.874, 56.2652 ], [ -52.788, 56.2688 ] ] } },
{ "type": "Feature", "properties": { "Layer": "Layer 1" }, "geometry": { "type": "LineString", "coordinates": [ [ -52.788, 56.2688 ], [ -52.617, 56.2189 ] ] } },
{ "type": "Feature", "properties": { "Layer": "Layer 1" }, "geometry": { "type": "LineString", "coordinates": [ [ -52.617, 56.2189 ], [ -52.589, 56.1654 ] ] } },
{ "type": "Feature", "properties": { "Layer": "Layer 1" }, "geometry": { "type": "LineString", "coordinates": [ [ -52.589, 56.1654 ], [ -52.493, 55.9943 ] ] } },
{ "type": "Feature", "properties": { "Layer": "Layer 1" }, "geometry": { "type": "LineString", "coordinates": [ [ -52.493, 55.9943 ], [ -52.411, 55.9194 ] ] } },
{ "type": "Feature", "properties": { "Layer": "Layer 1" }, "geometry": { "type": "LineString", "coordinates": [ [ -52.411, 55.9194 ], [ -52.286, 55.6877 ] ] } },
{ "type": "Feature", "properties": { "Layer": "Layer 1" }, "geometry": { "type": "LineString", "coordinates": [ [ -52.286, 55.6877 ], [ -52.371, 55.6129 ] ] } },
{ "type": "Feature", "properties": { "Layer": "Layer 1" }, "geometry": { "type": "LineString", "coordinates": [ [ -52.371, 55.6129 ], [ -52.439, 55.5416 ] ] } },
{ "type": "Feature", "properties": { "Layer": "Layer 1" }, "geometry": { "type": "LineString", "coordinates": [ [ -52.439, 55.5416 ], [ -52.361, 55.456 ] ] } },
{ "type": "Feature", "properties": { "Layer": "Layer 1" }, "geometry": { "type": "LineString", "coordinates": [ [ -52.361, 55.456 ], [ -52.3, 55.4097 ] ] } },
{ "type": "Feature", "properties": { "Layer": "Layer 1" }, "geometry": { "type": "LineString", "coordinates": [ [ -52.3, 55.4097 ], [ -52.382, 55.3241 ] ] } },
{ "type": "Feature", "properties": { "Layer": "Layer 1" }, "geometry": { "type": "LineString", "coordinates": [ [ -52.382, 55.3241 ], [ -52.371, 55.2992 ] ] } },
{ "type": "Feature", "properties": { "Layer": "Layer 1" }, "geometry": { "type": "LineString", "coordinates": [ [ -52.371, 55.2992 ], [ -52.393, 55.3027 ] ] } },
{ "type": "Feature", "properties": { "Layer": "Layer 1" }, "geometry": { "type": "LineString", "coordinates": [ [ -52.393, 55.3027 ], [ -52.414, 55.3312 ] ] } },
{ "type": "Feature", "properties": { "Layer": "Layer 1" }, "geometry": { "type": "LineString", "coordinates": [ [ -52.414, 55.3312 ], [ -52.018, 55.4631 ] ] } },
{ "type": "Feature", "properties": { "Layer": "Layer 1" }, "geometry": { "type": "LineString", "coordinates": [ [ -52.018, 55.4631 ], [ -51.78, 55.4489 ] ] } },
{ "type": "Feature", "properties": { "Layer": "Layer 1" }, "geometry": { "type": "LineString", "coordinates": [ [ -51.78, 55.4489 ], [ -51.53, 55.3491 ] ] } },
{ "type": "Feature", "properties": { "Layer": "Layer 1" }, "geometry": { "type": "LineString", "coordinates": [ [ -51.53, 55.3491 ], [ -51.53, 55.3491 ] ] } },
{ "type": "Feature", "properties": { "Layer": "Layer 1" }, "geometry": { "type": "LineString", "coordinates": [ [ -51.53, 55.3491 ], [ -51.501, 55.4489 ] ] } },
{ "type": "Feature", "properties": { "Layer": "Layer 1" }, "geometry": { "type": "LineString", "coordinates": [ [ -51.501, 55.4489 ], [ -51.43, 55.5095 ] ] } },
{ "type": "Feature", "properties": { "Layer": "Layer 1" }, "geometry": { "type": "LineString", "coordinates": [ [ -51.43, 55.5095 ], [ -51.134, 55.5843 ] ] } },
{ "type": "Feature", "properties": { "Layer": "Layer 1" }, "geometry": { "type": "LineString", "coordinates": [ [ -51.134, 55.5843 ], [ -50.867, 55.6271 ] ] } },
{ "type": "Feature", "properties": { "Layer": "Layer 1" }, "geometry": { "type": "LineString", "coordinates": [ [ -50.867, 55.6271 ], [ -50.813, 55.6877 ] ] } },
{ "type": "Feature", "properties": { "Layer": "Layer 1" }, "geometry": { "type": "LineString", "coordinates": [ [ -50.813, 55.6877 ], [ -50.56, 55.7198 ] ] } },
{ "type": "Feature", "properties": { "Layer": "Layer 1" }, "geometry": { "type": "LineString", "coordinates": [ [ -50.56, 55.7198 ], [ -50.297, 55.7091 ] ] } },
{ "type": "Feature", "properties": { "Layer": "Layer 1" }, "geometry": { "type": "LineString", "coordinates": [ [ -50.297, 55.7091 ], [ -50.161, 55.6949 ] ] } },
{ "type": "Feature", "properties": { "Layer": "Layer 1" }, "geometry": { "type": "LineString", "coordinates": [ [ -50.161, 55.6949 ], [ -50.086, 55.6735 ] ] } },
{ "type": "Feature", "properties": { "Layer": "Layer 1" }, "geometry": { "type": "LineString", "coordinates": [ [ -50.086, 55.6735 ], [ -50.15, 55.7162 ] ] } },
{ "type": "Feature", "properties": { "Layer": "Layer 1" }, "geometry": { "type": "LineString", "coordinates": [ [ -50.15, 55.7162 ], [ -50.396, 55.8517 ] ] } },
{ "type": "Feature", "properties": { "Layer": "Layer 1" }, "geometry": { "type": "LineString", "coordinates": [ [ -50.396, 55.8517 ], [ -50.371, 55.8624 ] ] } },
{ "type": "Feature", "properties": { "Layer": "Layer 1" }, "geometry": { "type": "LineString", "coordinates": [ [ -50.371, 55.8624 ], [ -50.229, 55.9016 ] ] } },
{ "type": "Feature", "properties": { "Layer": "Layer 1" }, "geometry": { "type": "LineString", "coordinates": [ [ -50.229, 55.9016 ], [ -50.175, 55.8838 ] ] } },
{ "type": "Feature", "properties": { "Layer": "Layer 1" }, "geometry": { "type": "LineString", "coordinates": [ [ -50.175, 55.8838 ], [ -49.986, 55.8624 ] ] } },
{ "type": "Feature", "properties": { "Layer": "Layer 1" }, "geometry": { "type": "LineString", "coordinates": [ [ -49.986, 55.8624 ], [ -49.936, 55.9159 ] ] } },
{ "type": "Feature", "properties": { "Layer": "Layer 1" }, "geometry": { "type": "LineString", "coordinates": [ [ -49.936, 55.9159 ], [ -49.908, 56.0121 ] ] } },
{ "type": "Feature", "properties": { "Layer": "Layer 1" }, "geometry": { "type": "LineString", "coordinates": [ [ -49.908, 56.0121 ], [ -49.794, 55.9907 ] ] } },
{ "type": "Feature", "properties": { "Layer": "Layer 1" }, "geometry": { "type": "LineString", "coordinates": [ [ -49.794, 55.9907 ], [ -49.83, 56.0692 ] ] } },
{ "type": "Feature", "properties": { "Layer": "Layer 1" }, "geometry": { "type": "LineString", "coordinates": [ [ -49.83, 56.0692 ], [ -49.773, 56.0834 ] ] } },
{ "type": "Feature", "properties": { "Layer": "Layer 1" }, "geometry": { "type": "LineString", "coordinates": [ [ -49.773, 56.0834 ], [ -49.748, 55.9907 ] ] } },
{ "type": "Feature", "properties": { "Layer": "Layer 1" }, "geometry": { "type": "LineString", "coordinates": [ [ -49.748, 55.9907 ], [ -49.765, 55.9943 ] ] } },
{ "type": "Feature", "properties": { "Layer": "Layer 1" }, "geometry": { "type": "LineString", "coordinates": [ [ -49.765, 55.9943 ], [ -49.851, 56.0478 ] ] } },
{ "type": "Feature", "properties": { "Layer": "Layer 1" }, "geometry": { "type": "LineString", "coordinates": [ [ -49.851, 56.0478 ], [ -49.822, 56.0442 ] ] } },
{ "type": "Feature", "properties": { "Layer": "Layer 1" }, "geometry": { "type": "LineString", "coordinates": [ [ -49.822, 56.0442 ], [ -49.658, 56.0014 ] ] } },
{ "type": "Feature", "properties": { "Layer": "Layer 1" }, "geometry": { "type": "LineString", "coordinates": [ [ -49.658, 56.0014 ], [ -49.683, 55.9943 ] ] } },
{ "type": "Feature", "properties": { "Layer": "Layer 1" }, "geometry": { "type": "LineString", "coordinates": [ [ -49.683, 55.9943 ], [ -49.68, 55.9729 ] ] } },
{ "type": "Feature", "properties": { "Layer": "Layer 1" }, "geometry": { "type": "LineString", "coordinates": [ [ -49.68, 55.9729 ], [ -49.701, 56.0371 ] ] } },
{ "type": "Feature", "properties": { "Layer": "Layer 1" }, "geometry": { "type": "LineString", "coordinates": [ [ -49.701, 56.0371 ], [ -49.712, 56.0371 ] ] } },
{ "type": "Feature", "properties": { "Layer": "Layer 1" }, "geometry": { "type": "LineString", "coordinates": [ [ -49.712, 56.0371 ], [ -49.694, 56.0585 ] ] } },
{ "type": "Feature", "properties": { "Layer": "Layer 1" }, "geometry": { "type": "LineString", "coordinates": [ [ -49.694, 56.0585 ], [ -49.712, 56.0656 ] ] } },
{ "type": "Feature", "properties": { "Layer": "Layer 1" }, "geometry": { "type": "LineString", "coordinates": [ [ -49.712, 56.0656 ], [ -49.897, 56.1298 ] ] } },
{ "type": "Feature", "properties": { "Layer": "Layer 1" }, "geometry": { "type": "LineString", "coordinates": [ [ -49.897, 56.1298 ], [ -49.897, 56.1262 ] ] } },
{ "type": "Feature", "properties": { "Layer": "Layer 1" }, "geometry": { "type": "LineString", "coordinates": [ [ -49.897, 56.1262 ], [ -49.897, 56.0906 ] ] } },
{ "type": "Feature", "properties": { "Layer": "Layer 1" }, "geometry": { "type": "LineString", "coordinates": [ [ -49.897, 56.0906 ], [ -49.894, 56.0906 ] ] } },
{ "type": "Feature", "properties": { "Layer": "Layer 1" }, "geometry": { "type": "LineString", "coordinates": [ [ -49.894, 56.0906 ], [ -49.887, 56.0727 ] ] } },
{ "type": "Feature", "properties": { "Layer": "Layer 1" }, "geometry": { "type": "LineString", "coordinates": [ [ -49.887, 56.0727 ], [ -49.983, 56.0442 ] ] } },
{ "type": "Feature", "properties": { "Layer": "Layer 1" }, "geometry": { "type": "LineString", "coordinates": [ [ -49.983, 56.0442 ], [ -50.268, 56.1298 ] ] } },
{ "type": "Feature", "properties": { "Layer": "Layer 1" }, "geometry": { "type": "LineString", "coordinates": [ [ -50.268, 56.1298 ], [ -50.403, 56.1476 ] ] } },
{ "type": "Feature", "properties": { "Layer": "Layer 1" }, "geometry": { "type": "LineString", "coordinates": [ [ -50.403, 56.1476 ], [ -50.403, 56.1013 ] ] } },
{ "type": "Feature", "properties": { "Layer": "Layer 1" }, "geometry": { "type": "LineString", "coordinates": [ [ -50.403, 56.1013 ], [ -50.407, 56.0193 ] ] } },
{ "type": "Feature", "properties": { "Layer": "Layer 1" }, "geometry": { "type": "LineString", "coordinates": [ [ -50.407, 56.0193 ], [ -50.436, 55.9765 ] ] } },
{ "type": "Feature", "properties": { "Layer": "Layer 1" }, "geometry": { "type": "LineString", "coordinates": [ [ -50.436, 55.9765 ], [ -50.418, 55.9159 ] ] } },
{ "type": "Feature", "properties": { "Layer": "Layer 1" }, "geometry": { "type": "LineString", "coordinates": [ [ -50.418, 55.9159 ], [ -50.133, 55.9551 ] ] } },
{ "type": "Feature", "properties": { "Layer": "Layer 1" }, "geometry": { "type": "LineString", "coordinates": [ [ -50.133, 55.9551 ], [ -49.986, 55.9872 ] ] } },
{ "type": "Feature", "properties": { "Layer": "Layer 1" }, "geometry": { "type": "LineString", "coordinates": [ [ -49.986, 55.9872 ], [ -50.018, 56.0086 ] ] } },
{ "type": "Feature", "properties": { "Layer": "Layer 1" }, "geometry": { "type": "LineString", "coordinates": [ [ -50.018, 56.0086 ], [ -50.125, 56.0799 ] ] } },
{ "type": "Feature", "properties": { "Layer": "Layer 1" }, "geometry": { "type": "LineString", "coordinates": [ [ -50.125, 56.0799 ], [ -50.225, 56.1262 ] ] } },
{ "type": "Feature", "properties": { "Layer": "Layer 1" }, "geometry": { "type": "LineString", "coordinates": [ [ -50.225, 56.1262 ], [ -50.279, 56.1654 ] ] } },
{ "type": "Feature", "properties": { "Layer": "Layer 1" }, "geometry": { "type": "LineString", "coordinates": [ [ -50.279, 56.1654 ], [ -50.215, 56.1547 ] ] } },
{ "type": "Feature", "properties": { "Layer": "Layer 1" }, "geometry": { "type": "LineString", "coordinates": [ [ -50.215, 56.1547 ], [ -50.204, 56.169 ] ] } },
{ "type": "Feature", "properties": { "Layer": "Layer 1" }, "geometry": { "type": "LineString", "coordinates": [ [ -50.204, 56.169 ], [ -50.243, 56.144 ] ] } },
{ "type": "Feature", "properties": { "Layer": "Layer 1" }, "geometry": { "type": "LineString", "coordinates": [ [ -50.243, 56.144 ], [ -50.268, 56.0763 ] ] } },
{ "type": "Feature", "properties": { "Layer": "Layer 1" }, "geometry": { "type": "LineString", "coordinates": [ [ -50.268, 56.0763 ], [ -50.268, 56.0692 ] ] } },
{ "type": "Feature", "properties": { "Layer": "Layer 1" }, "geometry": { "type": "LineString", "coordinates": [ [ -50.268, 56.0692 ], [ -50.261, 56.0941 ] ] } },
{ "type": "Feature", "properties": { "Layer": "Layer 1" }, "geometry": { "type": "LineString", "coordinates": [ [ -50.261, 56.0941 ], [ -50.272, 56.0906 ] ] } },
{ "type": "Feature", "properties": { "Layer": "Layer 1" }, "geometry": { "type": "LineString", "coordinates": [ [ -50.272, 56.0906 ], [ -50.325, 56.0834 ] ] } },
{ "type": "Feature", "properties": { "Layer": "Layer 1" }, "geometry": { "type": "LineString", "coordinates": [ [ -50.325, 56.0834 ], [ -50.289, 56.062 ] ] } },
{ "type": "Feature", "properties": { "Layer": "Layer 1" }, "geometry": { "type": "LineString", "coordinates": [ [ -50.289, 56.062 ], [ -50.297, 56.0549 ] ] } },
{ "type": "Feature", "properties": { "Layer": "Layer 1" }, "geometry": { "type": "LineString", "coordinates": [ [ -50.297, 56.0549 ], [ -50.3, 56.0549 ] ] } },
{ "type": "Feature", "properties": { "Layer": "Layer 1" }, "geometry": { "type": "LineString", "coordinates": [ [ -50.3, 56.0549 ], [ -50.346, 56.0692 ] ] } },
{ "type": "Feature", "properties": { "Layer": "Layer 1" }, "geometry": { "type": "LineString", "coordinates": [ [ -50.346, 56.0692 ], [ -50.272, 56.0513 ] ] } },
{ "type": "Feature", "properties": { "Layer": "Layer 1" }, "geometry": { "type": "LineString", "coordinates": [ [ -50.272, 56.0513 ], [ -50.272, 56.0513 ] ] } }
]
}
